ISO-10303-21;
HEADER;
/* Generated by software containing ST-Developer
 * from STEP Tools, Inc. (www.steptools.com) 
 */
/* OPTION: using custom renumber hook */

FILE_DESCRIPTION(
/* description */ ('STEP AP242 Edition 2',
'CAx-IF Rec.Pracs.---Representation and Presentation of Product Manufa
cturing Information (PMI)---4.0---2014-10-13',
'CAx-IF Rec.Pracs.---3D Tessellated Geometry---0.4---2014-09-14','2;1',
'CAx-IF Rec.Pracs.---User Defined Attributes---1.5---2016-08-15'),
/* implementation_level */ '2;1');

FILE_NAME(
/* name */ 'Magno65 parts - Top1',
/* time_stamp */ '2026-07-13T17:40:52Z',
/* author */ (''),
/* organization */ (''),
/* preprocessor_version */ 'ST-DEVELOPER v20',
/* originating_system */ 'ONSHAPE BY PTC INC, 1.217',
/* authorisation */ '  ');

FILE_SCHEMA (('AP242_MANAGED_MODEL_BASED_3D_ENGINEERING_MIM_LF { 1 0 10303 442 3 1 4 }'));
ENDSEC;

DATA;
#10=SHAPE_REPRESENTATION_RELATIONSHIP('','',#2550,#11);
#11=ADVANCED_BREP_SHAPE_REPRESENTATION('',(#2548),#4220);
#12=CIRCLE('',#2580,0.000718930282633729);
#13=CIRCLE('',#2581,0.000718930282633729);
#14=CIRCLE('',#2583,0.000827363001328006);
#15=CIRCLE('',#2584,0.000827363001328006);
#16=CIRCLE('',#2586,0.000718930282633466);
#17=CIRCLE('',#2587,0.000718930282633466);
#18=CIRCLE('',#2592,6.42577410433492E-5);
#19=CIRCLE('',#2593,6.42577410433492E-5);
#20=CIRCLE('',#2595,6.42577410433548E-5);
#21=CIRCLE('',#2596,6.42577410433548E-5);
#22=CIRCLE('',#2599,6.4257741043417E-5);
#23=CIRCLE('',#2600,6.4257741043417E-5);
#24=CIRCLE('',#2602,6.42577410440792E-5);
#25=CIRCLE('',#2603,6.42577410440792E-5);
#26=CIRCLE('',#2606,6.28371142504235E-5);
#27=CIRCLE('',#2607,6.28371142504235E-5);
#28=CIRCLE('',#2609,6.50103569517907E-5);
#29=CIRCLE('',#2610,6.50103569517907E-5);
#30=CIRCLE('',#2617,6.42577410433072E-5);
#31=CIRCLE('',#2618,6.42577410433072E-5);
#32=CIRCLE('',#2620,6.42577410442884E-5);
#33=CIRCLE('',#2621,6.42577410442884E-5);
#34=CIRCLE('',#2624,6.42577410444518E-5);
#35=CIRCLE('',#2625,6.42577410444518E-5);
#36=CIRCLE('',#2627,6.42577410433331E-5);
#37=CIRCLE('',#2628,6.42577410433331E-5);
#38=CIRCLE('',#2631,0.000746461797754963);
#39=CIRCLE('',#2632,0.000746461797754963);
#40=CIRCLE('',#2634,0.000769213786737912);
#41=CIRCLE('',#2635,0.000769213786737912);
#42=CIRCLE('',#2637,0.000746461797756169);
#43=CIRCLE('',#2638,0.000746461797756169);
#44=CIRCLE('',#2641,0.000718930282630381);
#45=CIRCLE('',#2642,0.000718930282630381);
#46=CIRCLE('',#2644,0.000827363001328017);
#47=CIRCLE('',#2645,0.000827363001328017);
#48=CIRCLE('',#2651,0.000718930282633708);
#49=CIRCLE('',#2652,0.000718930282633708);
#50=CIRCLE('',#2654,0.000827363001328023);
#51=CIRCLE('',#2655,0.000827363001328023);
#52=CIRCLE('',#2657,0.000718930282633474);
#53=CIRCLE('',#2658,0.000718930282633474);
#54=CIRCLE('',#2661,0.000728624611521189);
#55=CIRCLE('',#2662,0.000728624611521189);
#56=CIRCLE('',#2664,0.000804448677988954);
#57=CIRCLE('',#2665,0.000804448677988954);
#58=CIRCLE('',#2667,0.000732796801005241);
#59=CIRCLE('',#2668,0.000732796801005241);
#60=CIRCLE('',#2673,6.42577410443745E-5);
#61=CIRCLE('',#2674,6.42577410443745E-5);
#62=CIRCLE('',#2676,6.42577410442886E-5);
#63=CIRCLE('',#2677,6.42577410442886E-5);
#64=CIRCLE('',#2680,6.28371142518443E-5);
#65=CIRCLE('',#2681,6.28371142518443E-5);
#66=CIRCLE('',#2683,6.50103569515651E-5);
#67=CIRCLE('',#2684,6.50103569515651E-5);
#68=CIRCLE('',#2687,0.00074646179775672);
#69=CIRCLE('',#2688,0.00074646179775672);
#70=CIRCLE('',#2690,0.000769213786737498);
#71=CIRCLE('',#2691,0.000769213786737498);
#72=CIRCLE('',#2693,0.000748107067967413);
#73=CIRCLE('',#2694,0.000748107067967413);
#74=CIRCLE('',#2697,0.000718930282630685);
#75=CIRCLE('',#2698,0.000718930282630685);
#76=CIRCLE('',#2700,0.000827363001328139);
#77=CIRCLE('',#2701,0.000827363001328139);
#78=CIRCLE('',#2714,0.000718930282633697);
#79=CIRCLE('',#2715,0.000718930282633697);
#80=CIRCLE('',#2718,0.000718930282633715);
#81=CIRCLE('',#2719,0.000718930282633715);
#82=CIRCLE('',#2726,6.42577410434253E-5);
#83=CIRCLE('',#2727,6.42577410434253E-5);
#84=CIRCLE('',#2730,6.42577410434254E-5);
#85=CIRCLE('',#2731,6.42577410434254E-5);
#86=CIRCLE('',#2733,6.42577410429704E-5);
#87=CIRCLE('',#2734,6.42577410429704E-5);
#88=CIRCLE('',#2737,6.42577410432786E-5);
#89=CIRCLE('',#2738,6.42577410432786E-5);
#90=CIRCLE('',#2740,6.4257741044407E-5);
#91=CIRCLE('',#2741,6.4257741044407E-5);
#92=CIRCLE('',#2745,6.42577410433059E-5);
#93=CIRCLE('',#2746,6.42577410433059E-5);
#94=CYLINDRICAL_SURFACE('',#2579,0.000718930282633729);
#95=CYLINDRICAL_SURFACE('',#2582,0.000827363001328006);
#96=CYLINDRICAL_SURFACE('',#2585,0.000718930282633466);
#97=CYLINDRICAL_SURFACE('',#2591,6.42577410433492E-5);
#98=CYLINDRICAL_SURFACE('',#2594,6.42577410433548E-5);
#99=CYLINDRICAL_SURFACE('',#2598,6.4257741043417E-5);
#100=CYLINDRICAL_SURFACE('',#2601,6.42577410440792E-5);
#101=CYLINDRICAL_SURFACE('',#2605,6.28371142504235E-5);
#102=CYLINDRICAL_SURFACE('',#2608,6.50103569517907E-5);
#103=CYLINDRICAL_SURFACE('',#2616,6.42577410433072E-5);
#104=CYLINDRICAL_SURFACE('',#2619,6.42577410442884E-5);
#105=CYLINDRICAL_SURFACE('',#2623,6.42577410444518E-5);
#106=CYLINDRICAL_SURFACE('',#2626,6.42577410433331E-5);
#107=CYLINDRICAL_SURFACE('',#2630,0.000746461797754963);
#108=CYLINDRICAL_SURFACE('',#2633,0.000769213786737912);
#109=CYLINDRICAL_SURFACE('',#2636,0.000746461797756169);
#110=CYLINDRICAL_SURFACE('',#2640,0.000718930282630381);
#111=CYLINDRICAL_SURFACE('',#2643,0.000827363001328017);
#112=CYLINDRICAL_SURFACE('',#2650,0.000718930282633708);
#113=CYLINDRICAL_SURFACE('',#2653,0.000827363001328023);
#114=CYLINDRICAL_SURFACE('',#2656,0.000718930282633474);
#115=CYLINDRICAL_SURFACE('',#2660,0.000728624611521189);
#116=CYLINDRICAL_SURFACE('',#2663,0.000804448677988954);
#117=CYLINDRICAL_SURFACE('',#2666,0.000732796801005241);
#118=CYLINDRICAL_SURFACE('',#2672,6.42577410443745E-5);
#119=CYLINDRICAL_SURFACE('',#2675,6.42577410442886E-5);
#120=CYLINDRICAL_SURFACE('',#2679,6.28371142518443E-5);
#121=CYLINDRICAL_SURFACE('',#2682,6.50103569515651E-5);
#122=CYLINDRICAL_SURFACE('',#2686,0.00074646179775672);
#123=CYLINDRICAL_SURFACE('',#2689,0.000769213786737498);
#124=CYLINDRICAL_SURFACE('',#2692,0.000748107067967413);
#125=CYLINDRICAL_SURFACE('',#2696,0.000718930282630685);
#126=CYLINDRICAL_SURFACE('',#2699,0.000827363001328139);
#127=CYLINDRICAL_SURFACE('',#2713,0.000718930282633697);
#128=CYLINDRICAL_SURFACE('',#2717,0.000718930282633715);
#129=CYLINDRICAL_SURFACE('',#2725,6.42577410434253E-5);
#130=CYLINDRICAL_SURFACE('',#2729,6.42577410434254E-5);
#131=CYLINDRICAL_SURFACE('',#2732,6.42577410429704E-5);
#132=CYLINDRICAL_SURFACE('',#2736,6.42577410432786E-5);
#133=CYLINDRICAL_SURFACE('',#2739,6.4257741044407E-5);
#134=CYLINDRICAL_SURFACE('',#2744,6.42577410433059E-5);
#135=ORIENTED_EDGE('',*,*,#861,.F.);
#136=ORIENTED_EDGE('',*,*,#862,.T.);
#137=ORIENTED_EDGE('',*,*,#863,.T.);
#138=ORIENTED_EDGE('',*,*,#864,.F.);
#139=ORIENTED_EDGE('',*,*,#865,.F.);
#140=ORIENTED_EDGE('',*,*,#866,.T.);
#141=ORIENTED_EDGE('',*,*,#867,.T.);
#142=ORIENTED_EDGE('',*,*,#868,.T.);
#143=ORIENTED_EDGE('',*,*,#869,.F.);
#144=ORIENTED_EDGE('',*,*,#870,.F.);
#145=ORIENTED_EDGE('',*,*,#871,.T.);
#146=ORIENTED_EDGE('',*,*,#872,.T.);
#147=ORIENTED_EDGE('',*,*,#873,.T.);
#148=ORIENTED_EDGE('',*,*,#874,.T.);
#149=ORIENTED_EDGE('',*,*,#875,.F.);
#150=ORIENTED_EDGE('',*,*,#876,.T.);
#151=ORIENTED_EDGE('',*,*,#877,.T.);
#152=ORIENTED_EDGE('',*,*,#878,.F.);
#153=ORIENTED_EDGE('',*,*,#866,.F.);
#154=ORIENTED_EDGE('',*,*,#879,.T.);
#155=ORIENTED_EDGE('',*,*,#880,.T.);
#156=ORIENTED_EDGE('',*,*,#881,.T.);
#157=ORIENTED_EDGE('',*,*,#882,.T.);
#158=ORIENTED_EDGE('',*,*,#883,.T.);
#159=ORIENTED_EDGE('',*,*,#868,.F.);
#160=ORIENTED_EDGE('',*,*,#884,.F.);
#161=ORIENTED_EDGE('',*,*,#870,.T.);
#162=ORIENTED_EDGE('',*,*,#885,.T.);
#163=ORIENTED_EDGE('',*,*,#886,.F.);
#164=ORIENTED_EDGE('',*,*,#887,.T.);
#165=ORIENTED_EDGE('',*,*,#888,.F.);
#166=ORIENTED_EDGE('',*,*,#889,.T.);
#167=ORIENTED_EDGE('',*,*,#874,.F.);
#168=ORIENTED_EDGE('',*,*,#890,.T.);
#169=ORIENTED_EDGE('',*,*,#891,.F.);
#170=ORIENTED_EDGE('',*,*,#892,.F.);
#171=ORIENTED_EDGE('',*,*,#893,.T.);
#172=ORIENTED_EDGE('',*,*,#894,.T.);
#173=ORIENTED_EDGE('',*,*,#895,.F.);
#174=ORIENTED_EDGE('',*,*,#896,.F.);
#175=ORIENTED_EDGE('',*,*,#897,.T.);
#176=ORIENTED_EDGE('',*,*,#892,.T.);
#177=ORIENTED_EDGE('',*,*,#898,.F.);
#178=ORIENTED_EDGE('',*,*,#899,.F.);
#179=ORIENTED_EDGE('',*,*,#900,.T.);
#180=ORIENTED_EDGE('',*,*,#896,.T.);
#181=ORIENTED_EDGE('',*,*,#901,.F.);
#182=ORIENTED_EDGE('',*,*,#902,.F.);
#183=ORIENTED_EDGE('',*,*,#903,.T.);
#184=ORIENTED_EDGE('',*,*,#899,.T.);
#185=ORIENTED_EDGE('',*,*,#904,.F.);
#186=ORIENTED_EDGE('',*,*,#905,.F.);
#187=ORIENTED_EDGE('',*,*,#906,.T.);
#188=ORIENTED_EDGE('',*,*,#902,.T.);
#189=ORIENTED_EDGE('',*,*,#907,.F.);
#190=ORIENTED_EDGE('',*,*,#908,.F.);
#191=ORIENTED_EDGE('',*,*,#909,.T.);
#192=ORIENTED_EDGE('',*,*,#905,.T.);
#193=ORIENTED_EDGE('',*,*,#910,.F.);
#194=ORIENTED_EDGE('',*,*,#911,.F.);
#195=ORIENTED_EDGE('',*,*,#912,.T.);
#196=ORIENTED_EDGE('',*,*,#908,.T.);
#197=ORIENTED_EDGE('',*,*,#913,.F.);
#198=ORIENTED_EDGE('',*,*,#894,.F.);
#199=ORIENTED_EDGE('',*,*,#914,.T.);
#200=ORIENTED_EDGE('',*,*,#911,.T.);
#201=ORIENTED_EDGE('',*,*,#867,.F.);
#202=ORIENTED_EDGE('',*,*,#881,.F.);
#203=ORIENTED_EDGE('',*,*,#915,.T.);
#204=ORIENTED_EDGE('',*,*,#884,.T.);
#205=ORIENTED_EDGE('',*,*,#916,.F.);
#206=ORIENTED_EDGE('',*,*,#888,.T.);
#207=ORIENTED_EDGE('',*,*,#917,.T.);
#208=ORIENTED_EDGE('',*,*,#918,.T.);
#209=ORIENTED_EDGE('',*,*,#919,.T.);
#210=ORIENTED_EDGE('',*,*,#886,.T.);
#211=ORIENTED_EDGE('',*,*,#920,.F.);
#212=ORIENTED_EDGE('',*,*,#882,.F.);
#213=ORIENTED_EDGE('',*,*,#915,.F.);
#214=ORIENTED_EDGE('',*,*,#880,.F.);
#215=ORIENTED_EDGE('',*,*,#893,.F.);
#216=ORIENTED_EDGE('',*,*,#897,.F.);
#217=ORIENTED_EDGE('',*,*,#900,.F.);
#218=ORIENTED_EDGE('',*,*,#903,.F.);
#219=ORIENTED_EDGE('',*,*,#906,.F.);
#220=ORIENTED_EDGE('',*,*,#909,.F.);
#221=ORIENTED_EDGE('',*,*,#912,.F.);
#222=ORIENTED_EDGE('',*,*,#914,.F.);
#223=ORIENTED_EDGE('',*,*,#921,.T.);
#224=ORIENTED_EDGE('',*,*,#922,.T.);
#225=ORIENTED_EDGE('',*,*,#923,.F.);
#226=ORIENTED_EDGE('',*,*,#924,.F.);
#227=ORIENTED_EDGE('',*,*,#925,.F.);
#228=ORIENTED_EDGE('',*,*,#921,.F.);
#229=ORIENTED_EDGE('',*,*,#926,.T.);
#230=ORIENTED_EDGE('',*,*,#927,.T.);
#231=ORIENTED_EDGE('',*,*,#928,.F.);
#232=ORIENTED_EDGE('',*,*,#927,.F.);
#233=ORIENTED_EDGE('',*,*,#929,.T.);
#234=ORIENTED_EDGE('',*,*,#930,.T.);
#235=ORIENTED_EDGE('',*,*,#923,.T.);
#236=ORIENTED_EDGE('',*,*,#931,.T.);
#237=ORIENTED_EDGE('',*,*,#930,.F.);
#238=ORIENTED_EDGE('',*,*,#932,.F.);
#239=ORIENTED_EDGE('',*,*,#933,.T.);
#240=ORIENTED_EDGE('',*,*,#934,.F.);
#241=ORIENTED_EDGE('',*,*,#935,.F.);
#242=ORIENTED_EDGE('',*,*,#936,.T.);
#243=ORIENTED_EDGE('',*,*,#937,.T.);
#244=ORIENTED_EDGE('',*,*,#938,.F.);
#245=ORIENTED_EDGE('',*,*,#939,.F.);
#246=ORIENTED_EDGE('',*,*,#934,.T.);
#247=ORIENTED_EDGE('',*,*,#940,.T.);
#248=ORIENTED_EDGE('',*,*,#941,.F.);
#249=ORIENTED_EDGE('',*,*,#942,.F.);
#250=ORIENTED_EDGE('',*,*,#938,.T.);
#251=ORIENTED_EDGE('',*,*,#943,.T.);
#252=ORIENTED_EDGE('',*,*,#944,.F.);
#253=ORIENTED_EDGE('',*,*,#945,.F.);
#254=ORIENTED_EDGE('',*,*,#941,.T.);
#255=ORIENTED_EDGE('',*,*,#946,.T.);
#256=ORIENTED_EDGE('',*,*,#947,.F.);
#257=ORIENTED_EDGE('',*,*,#948,.F.);
#258=ORIENTED_EDGE('',*,*,#944,.T.);
#259=ORIENTED_EDGE('',*,*,#949,.T.);
#260=ORIENTED_EDGE('',*,*,#950,.F.);
#261=ORIENTED_EDGE('',*,*,#951,.F.);
#262=ORIENTED_EDGE('',*,*,#947,.T.);
#263=ORIENTED_EDGE('',*,*,#952,.T.);
#264=ORIENTED_EDGE('',*,*,#953,.F.);
#265=ORIENTED_EDGE('',*,*,#954,.F.);
#266=ORIENTED_EDGE('',*,*,#950,.T.);
#267=ORIENTED_EDGE('',*,*,#955,.T.);
#268=ORIENTED_EDGE('',*,*,#956,.T.);
#269=ORIENTED_EDGE('',*,*,#957,.F.);
#270=ORIENTED_EDGE('',*,*,#958,.F.);
#271=ORIENTED_EDGE('',*,*,#957,.T.);
#272=ORIENTED_EDGE('',*,*,#959,.T.);
#273=ORIENTED_EDGE('',*,*,#960,.F.);
#274=ORIENTED_EDGE('',*,*,#961,.F.);
#275=ORIENTED_EDGE('',*,*,#960,.T.);
#276=ORIENTED_EDGE('',*,*,#962,.T.);
#277=ORIENTED_EDGE('',*,*,#963,.F.);
#278=ORIENTED_EDGE('',*,*,#964,.F.);
#279=ORIENTED_EDGE('',*,*,#963,.T.);
#280=ORIENTED_EDGE('',*,*,#965,.T.);
#281=ORIENTED_EDGE('',*,*,#966,.F.);
#282=ORIENTED_EDGE('',*,*,#967,.F.);
#283=ORIENTED_EDGE('',*,*,#966,.T.);
#284=ORIENTED_EDGE('',*,*,#968,.T.);
#285=ORIENTED_EDGE('',*,*,#969,.F.);
#286=ORIENTED_EDGE('',*,*,#970,.F.);
#287=ORIENTED_EDGE('',*,*,#969,.T.);
#288=ORIENTED_EDGE('',*,*,#971,.T.);
#289=ORIENTED_EDGE('',*,*,#972,.F.);
#290=ORIENTED_EDGE('',*,*,#973,.F.);
#291=ORIENTED_EDGE('',*,*,#972,.T.);
#292=ORIENTED_EDGE('',*,*,#974,.T.);
#293=ORIENTED_EDGE('',*,*,#975,.F.);
#294=ORIENTED_EDGE('',*,*,#976,.F.);
#295=ORIENTED_EDGE('',*,*,#975,.T.);
#296=ORIENTED_EDGE('',*,*,#977,.T.);
#297=ORIENTED_EDGE('',*,*,#978,.F.);
#298=ORIENTED_EDGE('',*,*,#979,.F.);
#299=ORIENTED_EDGE('',*,*,#978,.T.);
#300=ORIENTED_EDGE('',*,*,#980,.T.);
#301=ORIENTED_EDGE('',*,*,#981,.F.);
#302=ORIENTED_EDGE('',*,*,#982,.F.);
#303=ORIENTED_EDGE('',*,*,#981,.T.);
#304=ORIENTED_EDGE('',*,*,#983,.T.);
#305=ORIENTED_EDGE('',*,*,#984,.F.);
#306=ORIENTED_EDGE('',*,*,#985,.F.);
#307=ORIENTED_EDGE('',*,*,#984,.T.);
#308=ORIENTED_EDGE('',*,*,#986,.T.);
#309=ORIENTED_EDGE('',*,*,#987,.F.);
#310=ORIENTED_EDGE('',*,*,#988,.F.);
#311=ORIENTED_EDGE('',*,*,#987,.T.);
#312=ORIENTED_EDGE('',*,*,#989,.T.);
#313=ORIENTED_EDGE('',*,*,#990,.F.);
#314=ORIENTED_EDGE('',*,*,#991,.F.);
#315=ORIENTED_EDGE('',*,*,#990,.T.);
#316=ORIENTED_EDGE('',*,*,#992,.T.);
#317=ORIENTED_EDGE('',*,*,#993,.F.);
#318=ORIENTED_EDGE('',*,*,#994,.F.);
#319=ORIENTED_EDGE('',*,*,#993,.T.);
#320=ORIENTED_EDGE('',*,*,#995,.T.);
#321=ORIENTED_EDGE('',*,*,#996,.F.);
#322=ORIENTED_EDGE('',*,*,#997,.F.);
#323=ORIENTED_EDGE('',*,*,#996,.T.);
#324=ORIENTED_EDGE('',*,*,#998,.T.);
#325=ORIENTED_EDGE('',*,*,#999,.F.);
#326=ORIENTED_EDGE('',*,*,#1000,.F.);
#327=ORIENTED_EDGE('',*,*,#999,.T.);
#328=ORIENTED_EDGE('',*,*,#1001,.T.);
#329=ORIENTED_EDGE('',*,*,#1002,.F.);
#330=ORIENTED_EDGE('',*,*,#1003,.F.);
#331=ORIENTED_EDGE('',*,*,#1002,.T.);
#332=ORIENTED_EDGE('',*,*,#1004,.T.);
#333=ORIENTED_EDGE('',*,*,#1005,.F.);
#334=ORIENTED_EDGE('',*,*,#1006,.F.);
#335=ORIENTED_EDGE('',*,*,#1005,.T.);
#336=ORIENTED_EDGE('',*,*,#1007,.T.);
#337=ORIENTED_EDGE('',*,*,#1008,.F.);
#338=ORIENTED_EDGE('',*,*,#1009,.F.);
#339=ORIENTED_EDGE('',*,*,#1008,.T.);
#340=ORIENTED_EDGE('',*,*,#1010,.T.);
#341=ORIENTED_EDGE('',*,*,#1011,.F.);
#342=ORIENTED_EDGE('',*,*,#1012,.F.);
#343=ORIENTED_EDGE('',*,*,#1011,.T.);
#344=ORIENTED_EDGE('',*,*,#1013,.T.);
#345=ORIENTED_EDGE('',*,*,#1014,.F.);
#346=ORIENTED_EDGE('',*,*,#1015,.F.);
#347=ORIENTED_EDGE('',*,*,#1014,.T.);
#348=ORIENTED_EDGE('',*,*,#1016,.T.);
#349=ORIENTED_EDGE('',*,*,#1017,.F.);
#350=ORIENTED_EDGE('',*,*,#1018,.F.);
#351=ORIENTED_EDGE('',*,*,#1017,.T.);
#352=ORIENTED_EDGE('',*,*,#1019,.T.);
#353=ORIENTED_EDGE('',*,*,#1020,.F.);
#354=ORIENTED_EDGE('',*,*,#1021,.F.);
#355=ORIENTED_EDGE('',*,*,#1020,.T.);
#356=ORIENTED_EDGE('',*,*,#1022,.T.);
#357=ORIENTED_EDGE('',*,*,#1023,.F.);
#358=ORIENTED_EDGE('',*,*,#1024,.F.);
#359=ORIENTED_EDGE('',*,*,#1023,.T.);
#360=ORIENTED_EDGE('',*,*,#1025,.T.);
#361=ORIENTED_EDGE('',*,*,#1026,.F.);
#362=ORIENTED_EDGE('',*,*,#1027,.F.);
#363=ORIENTED_EDGE('',*,*,#1026,.T.);
#364=ORIENTED_EDGE('',*,*,#1028,.T.);
#365=ORIENTED_EDGE('',*,*,#1029,.F.);
#366=ORIENTED_EDGE('',*,*,#1030,.F.);
#367=ORIENTED_EDGE('',*,*,#1029,.T.);
#368=ORIENTED_EDGE('',*,*,#1031,.T.);
#369=ORIENTED_EDGE('',*,*,#1032,.F.);
#370=ORIENTED_EDGE('',*,*,#1033,.F.);
#371=ORIENTED_EDGE('',*,*,#1032,.T.);
#372=ORIENTED_EDGE('',*,*,#1034,.T.);
#373=ORIENTED_EDGE('',*,*,#1035,.F.);
#374=ORIENTED_EDGE('',*,*,#1036,.F.);
#375=ORIENTED_EDGE('',*,*,#1035,.T.);
#376=ORIENTED_EDGE('',*,*,#1037,.T.);
#377=ORIENTED_EDGE('',*,*,#1038,.F.);
#378=ORIENTED_EDGE('',*,*,#1039,.F.);
#379=ORIENTED_EDGE('',*,*,#1038,.T.);
#380=ORIENTED_EDGE('',*,*,#1040,.T.);
#381=ORIENTED_EDGE('',*,*,#1041,.F.);
#382=ORIENTED_EDGE('',*,*,#1042,.F.);
#383=ORIENTED_EDGE('',*,*,#1041,.T.);
#384=ORIENTED_EDGE('',*,*,#1043,.T.);
#385=ORIENTED_EDGE('',*,*,#1044,.F.);
#386=ORIENTED_EDGE('',*,*,#1045,.F.);
#387=ORIENTED_EDGE('',*,*,#1044,.T.);
#388=ORIENTED_EDGE('',*,*,#1046,.T.);
#389=ORIENTED_EDGE('',*,*,#1047,.F.);
#390=ORIENTED_EDGE('',*,*,#1048,.F.);
#391=ORIENTED_EDGE('',*,*,#1047,.T.);
#392=ORIENTED_EDGE('',*,*,#1049,.T.);
#393=ORIENTED_EDGE('',*,*,#1050,.F.);
#394=ORIENTED_EDGE('',*,*,#1051,.F.);
#395=ORIENTED_EDGE('',*,*,#1052,.F.);
#396=ORIENTED_EDGE('',*,*,#1053,.F.);
#397=ORIENTED_EDGE('',*,*,#1054,.T.);
#398=ORIENTED_EDGE('',*,*,#1055,.T.);
#399=ORIENTED_EDGE('',*,*,#1053,.T.);
#400=ORIENTED_EDGE('',*,*,#1056,.T.);
#401=ORIENTED_EDGE('',*,*,#1057,.F.);
#402=ORIENTED_EDGE('',*,*,#1058,.F.);
#403=ORIENTED_EDGE('',*,*,#1057,.T.);
#404=ORIENTED_EDGE('',*,*,#1059,.T.);
#405=ORIENTED_EDGE('',*,*,#1060,.F.);
#406=ORIENTED_EDGE('',*,*,#1061,.F.);
#407=ORIENTED_EDGE('',*,*,#1062,.T.);
#408=ORIENTED_EDGE('',*,*,#1063,.T.);
#409=ORIENTED_EDGE('',*,*,#1064,.F.);
#410=ORIENTED_EDGE('',*,*,#1065,.F.);
#411=ORIENTED_EDGE('',*,*,#1064,.T.);
#412=ORIENTED_EDGE('',*,*,#1066,.T.);
#413=ORIENTED_EDGE('',*,*,#1067,.F.);
#414=ORIENTED_EDGE('',*,*,#1068,.F.);
#415=ORIENTED_EDGE('',*,*,#1067,.T.);
#416=ORIENTED_EDGE('',*,*,#1069,.T.);
#417=ORIENTED_EDGE('',*,*,#1070,.F.);
#418=ORIENTED_EDGE('',*,*,#1071,.F.);
#419=ORIENTED_EDGE('',*,*,#1070,.T.);
#420=ORIENTED_EDGE('',*,*,#1072,.T.);
#421=ORIENTED_EDGE('',*,*,#1073,.F.);
#422=ORIENTED_EDGE('',*,*,#1074,.F.);
#423=ORIENTED_EDGE('',*,*,#1073,.T.);
#424=ORIENTED_EDGE('',*,*,#1075,.T.);
#425=ORIENTED_EDGE('',*,*,#1076,.F.);
#426=ORIENTED_EDGE('',*,*,#1077,.F.);
#427=ORIENTED_EDGE('',*,*,#1076,.T.);
#428=ORIENTED_EDGE('',*,*,#1078,.T.);
#429=ORIENTED_EDGE('',*,*,#1079,.F.);
#430=ORIENTED_EDGE('',*,*,#1080,.F.);
#431=ORIENTED_EDGE('',*,*,#1079,.T.);
#432=ORIENTED_EDGE('',*,*,#1081,.T.);
#433=ORIENTED_EDGE('',*,*,#1082,.F.);
#434=ORIENTED_EDGE('',*,*,#1083,.F.);
#435=ORIENTED_EDGE('',*,*,#1082,.T.);
#436=ORIENTED_EDGE('',*,*,#1084,.T.);
#437=ORIENTED_EDGE('',*,*,#1085,.F.);
#438=ORIENTED_EDGE('',*,*,#1086,.F.);
#439=ORIENTED_EDGE('',*,*,#1085,.T.);
#440=ORIENTED_EDGE('',*,*,#1087,.T.);
#441=ORIENTED_EDGE('',*,*,#1088,.F.);
#442=ORIENTED_EDGE('',*,*,#1089,.F.);
#443=ORIENTED_EDGE('',*,*,#1088,.T.);
#444=ORIENTED_EDGE('',*,*,#1090,.T.);
#445=ORIENTED_EDGE('',*,*,#1091,.F.);
#446=ORIENTED_EDGE('',*,*,#1092,.F.);
#447=ORIENTED_EDGE('',*,*,#1091,.T.);
#448=ORIENTED_EDGE('',*,*,#1093,.T.);
#449=ORIENTED_EDGE('',*,*,#1094,.F.);
#450=ORIENTED_EDGE('',*,*,#1095,.F.);
#451=ORIENTED_EDGE('',*,*,#1094,.T.);
#452=ORIENTED_EDGE('',*,*,#1096,.T.);
#453=ORIENTED_EDGE('',*,*,#1097,.F.);
#454=ORIENTED_EDGE('',*,*,#1098,.F.);
#455=ORIENTED_EDGE('',*,*,#1097,.T.);
#456=ORIENTED_EDGE('',*,*,#1099,.T.);
#457=ORIENTED_EDGE('',*,*,#1100,.F.);
#458=ORIENTED_EDGE('',*,*,#1101,.F.);
#459=ORIENTED_EDGE('',*,*,#1100,.T.);
#460=ORIENTED_EDGE('',*,*,#1102,.T.);
#461=ORIENTED_EDGE('',*,*,#1103,.F.);
#462=ORIENTED_EDGE('',*,*,#1104,.F.);
#463=ORIENTED_EDGE('',*,*,#1103,.T.);
#464=ORIENTED_EDGE('',*,*,#1105,.T.);
#465=ORIENTED_EDGE('',*,*,#1106,.F.);
#466=ORIENTED_EDGE('',*,*,#1107,.F.);
#467=ORIENTED_EDGE('',*,*,#1106,.T.);
#468=ORIENTED_EDGE('',*,*,#1108,.T.);
#469=ORIENTED_EDGE('',*,*,#1109,.F.);
#470=ORIENTED_EDGE('',*,*,#1110,.F.);
#471=ORIENTED_EDGE('',*,*,#1109,.T.);
#472=ORIENTED_EDGE('',*,*,#1111,.T.);
#473=ORIENTED_EDGE('',*,*,#1112,.F.);
#474=ORIENTED_EDGE('',*,*,#1113,.F.);
#475=ORIENTED_EDGE('',*,*,#1112,.T.);
#476=ORIENTED_EDGE('',*,*,#1114,.T.);
#477=ORIENTED_EDGE('',*,*,#1115,.F.);
#478=ORIENTED_EDGE('',*,*,#1116,.F.);
#479=ORIENTED_EDGE('',*,*,#1115,.T.);
#480=ORIENTED_EDGE('',*,*,#1117,.T.);
#481=ORIENTED_EDGE('',*,*,#1118,.F.);
#482=ORIENTED_EDGE('',*,*,#1119,.F.);
#483=ORIENTED_EDGE('',*,*,#1118,.T.);
#484=ORIENTED_EDGE('',*,*,#1120,.T.);
#485=ORIENTED_EDGE('',*,*,#1121,.F.);
#486=ORIENTED_EDGE('',*,*,#1122,.F.);
#487=ORIENTED_EDGE('',*,*,#1121,.T.);
#488=ORIENTED_EDGE('',*,*,#1123,.T.);
#489=ORIENTED_EDGE('',*,*,#1124,.F.);
#490=ORIENTED_EDGE('',*,*,#1125,.F.);
#491=ORIENTED_EDGE('',*,*,#1124,.T.);
#492=ORIENTED_EDGE('',*,*,#1126,.T.);
#493=ORIENTED_EDGE('',*,*,#1127,.F.);
#494=ORIENTED_EDGE('',*,*,#1128,.F.);
#495=ORIENTED_EDGE('',*,*,#1127,.T.);
#496=ORIENTED_EDGE('',*,*,#1129,.T.);
#497=ORIENTED_EDGE('',*,*,#1130,.F.);
#498=ORIENTED_EDGE('',*,*,#1131,.F.);
#499=ORIENTED_EDGE('',*,*,#1132,.T.);
#500=ORIENTED_EDGE('',*,*,#1133,.T.);
#501=ORIENTED_EDGE('',*,*,#1134,.F.);
#502=ORIENTED_EDGE('',*,*,#1135,.F.);
#503=ORIENTED_EDGE('',*,*,#1134,.T.);
#504=ORIENTED_EDGE('',*,*,#1136,.T.);
#505=ORIENTED_EDGE('',*,*,#1137,.F.);
#506=ORIENTED_EDGE('',*,*,#1138,.F.);
#507=ORIENTED_EDGE('',*,*,#1137,.T.);
#508=ORIENTED_EDGE('',*,*,#1139,.T.);
#509=ORIENTED_EDGE('',*,*,#1140,.F.);
#510=ORIENTED_EDGE('',*,*,#1141,.F.);
#511=ORIENTED_EDGE('',*,*,#1140,.T.);
#512=ORIENTED_EDGE('',*,*,#1142,.T.);
#513=ORIENTED_EDGE('',*,*,#1143,.F.);
#514=ORIENTED_EDGE('',*,*,#1144,.F.);
#515=ORIENTED_EDGE('',*,*,#1143,.T.);
#516=ORIENTED_EDGE('',*,*,#1145,.T.);
#517=ORIENTED_EDGE('',*,*,#1146,.F.);
#518=ORIENTED_EDGE('',*,*,#1147,.F.);
#519=ORIENTED_EDGE('',*,*,#1146,.T.);
#520=ORIENTED_EDGE('',*,*,#1148,.T.);
#521=ORIENTED_EDGE('',*,*,#1149,.F.);
#522=ORIENTED_EDGE('',*,*,#1150,.F.);
#523=ORIENTED_EDGE('',*,*,#1149,.T.);
#524=ORIENTED_EDGE('',*,*,#1151,.T.);
#525=ORIENTED_EDGE('',*,*,#1152,.F.);
#526=ORIENTED_EDGE('',*,*,#1153,.F.);
#527=ORIENTED_EDGE('',*,*,#1152,.T.);
#528=ORIENTED_EDGE('',*,*,#1154,.T.);
#529=ORIENTED_EDGE('',*,*,#1155,.F.);
#530=ORIENTED_EDGE('',*,*,#1156,.F.);
#531=ORIENTED_EDGE('',*,*,#1155,.T.);
#532=ORIENTED_EDGE('',*,*,#1157,.T.);
#533=ORIENTED_EDGE('',*,*,#1158,.F.);
#534=ORIENTED_EDGE('',*,*,#1159,.F.);
#535=ORIENTED_EDGE('',*,*,#1158,.T.);
#536=ORIENTED_EDGE('',*,*,#1160,.T.);
#537=ORIENTED_EDGE('',*,*,#1161,.F.);
#538=ORIENTED_EDGE('',*,*,#1162,.F.);
#539=ORIENTED_EDGE('',*,*,#1161,.T.);
#540=ORIENTED_EDGE('',*,*,#1163,.T.);
#541=ORIENTED_EDGE('',*,*,#1164,.F.);
#542=ORIENTED_EDGE('',*,*,#1165,.F.);
#543=ORIENTED_EDGE('',*,*,#1050,.T.);
#544=ORIENTED_EDGE('',*,*,#1166,.T.);
#545=ORIENTED_EDGE('',*,*,#955,.F.);
#546=ORIENTED_EDGE('',*,*,#1167,.F.);
#547=ORIENTED_EDGE('',*,*,#1168,.F.);
#548=ORIENTED_EDGE('',*,*,#1055,.F.);
#549=ORIENTED_EDGE('',*,*,#1169,.T.);
#550=ORIENTED_EDGE('',*,*,#1060,.T.);
#551=ORIENTED_EDGE('',*,*,#1130,.T.);
#552=ORIENTED_EDGE('',*,*,#1170,.T.);
#553=ORIENTED_EDGE('',*,*,#1062,.F.);
#554=ORIENTED_EDGE('',*,*,#1171,.F.);
#555=ORIENTED_EDGE('',*,*,#1164,.T.);
#556=ORIENTED_EDGE('',*,*,#1172,.T.);
#557=ORIENTED_EDGE('',*,*,#1132,.F.);
#558=ORIENTED_EDGE('',*,*,#1173,.F.);
#559=ORIENTED_EDGE('',*,*,#1174,.T.);
#560=ORIENTED_EDGE('',*,*,#936,.F.);
#561=ORIENTED_EDGE('',*,*,#1175,.F.);
#562=ORIENTED_EDGE('',*,*,#953,.T.);
#563=ORIENTED_EDGE('',*,*,#1135,.T.);
#564=ORIENTED_EDGE('',*,*,#1138,.T.);
#565=ORIENTED_EDGE('',*,*,#1141,.T.);
#566=ORIENTED_EDGE('',*,*,#1144,.T.);
#567=ORIENTED_EDGE('',*,*,#1147,.T.);
#568=ORIENTED_EDGE('',*,*,#1150,.T.);
#569=ORIENTED_EDGE('',*,*,#1153,.T.);
#570=ORIENTED_EDGE('',*,*,#1156,.T.);
#571=ORIENTED_EDGE('',*,*,#1159,.T.);
#572=ORIENTED_EDGE('',*,*,#1162,.T.);
#573=ORIENTED_EDGE('',*,*,#1165,.T.);
#574=ORIENTED_EDGE('',*,*,#1173,.T.);
#575=ORIENTED_EDGE('',*,*,#1065,.T.);
#576=ORIENTED_EDGE('',*,*,#1068,.T.);
#577=ORIENTED_EDGE('',*,*,#1071,.T.);
#578=ORIENTED_EDGE('',*,*,#1074,.T.);
#579=ORIENTED_EDGE('',*,*,#1077,.T.);
#580=ORIENTED_EDGE('',*,*,#1080,.T.);
#581=ORIENTED_EDGE('',*,*,#1083,.T.);
#582=ORIENTED_EDGE('',*,*,#1086,.T.);
#583=ORIENTED_EDGE('',*,*,#1089,.T.);
#584=ORIENTED_EDGE('',*,*,#1092,.T.);
#585=ORIENTED_EDGE('',*,*,#1095,.T.);
#586=ORIENTED_EDGE('',*,*,#1098,.T.);
#587=ORIENTED_EDGE('',*,*,#1101,.T.);
#588=ORIENTED_EDGE('',*,*,#1104,.T.);
#589=ORIENTED_EDGE('',*,*,#1107,.T.);
#590=ORIENTED_EDGE('',*,*,#1110,.T.);
#591=ORIENTED_EDGE('',*,*,#1113,.T.);
#592=ORIENTED_EDGE('',*,*,#1116,.T.);
#593=ORIENTED_EDGE('',*,*,#1119,.T.);
#594=ORIENTED_EDGE('',*,*,#1122,.T.);
#595=ORIENTED_EDGE('',*,*,#1125,.T.);
#596=ORIENTED_EDGE('',*,*,#1128,.T.);
#597=ORIENTED_EDGE('',*,*,#1131,.T.);
#598=ORIENTED_EDGE('',*,*,#1171,.T.);
#599=ORIENTED_EDGE('',*,*,#926,.F.);
#600=ORIENTED_EDGE('',*,*,#924,.T.);
#601=ORIENTED_EDGE('',*,*,#932,.T.);
#602=ORIENTED_EDGE('',*,*,#929,.F.);
#603=ORIENTED_EDGE('',*,*,#1054,.F.);
#604=ORIENTED_EDGE('',*,*,#1058,.T.);
#605=ORIENTED_EDGE('',*,*,#1061,.T.);
#606=ORIENTED_EDGE('',*,*,#1169,.F.);
#607=ORIENTED_EDGE('',*,*,#958,.T.);
#608=ORIENTED_EDGE('',*,*,#961,.T.);
#609=ORIENTED_EDGE('',*,*,#964,.T.);
#610=ORIENTED_EDGE('',*,*,#967,.T.);
#611=ORIENTED_EDGE('',*,*,#970,.T.);
#612=ORIENTED_EDGE('',*,*,#973,.T.);
#613=ORIENTED_EDGE('',*,*,#976,.T.);
#614=ORIENTED_EDGE('',*,*,#979,.T.);
#615=ORIENTED_EDGE('',*,*,#982,.T.);
#616=ORIENTED_EDGE('',*,*,#985,.T.);
#617=ORIENTED_EDGE('',*,*,#988,.T.);
#618=ORIENTED_EDGE('',*,*,#991,.T.);
#619=ORIENTED_EDGE('',*,*,#994,.T.);
#620=ORIENTED_EDGE('',*,*,#997,.T.);
#621=ORIENTED_EDGE('',*,*,#1000,.T.);
#622=ORIENTED_EDGE('',*,*,#1003,.T.);
#623=ORIENTED_EDGE('',*,*,#1006,.T.);
#624=ORIENTED_EDGE('',*,*,#1009,.T.);
#625=ORIENTED_EDGE('',*,*,#1012,.T.);
#626=ORIENTED_EDGE('',*,*,#1015,.T.);
#627=ORIENTED_EDGE('',*,*,#1018,.T.);
#628=ORIENTED_EDGE('',*,*,#1021,.T.);
#629=ORIENTED_EDGE('',*,*,#1024,.T.);
#630=ORIENTED_EDGE('',*,*,#1027,.T.);
#631=ORIENTED_EDGE('',*,*,#1030,.T.);
#632=ORIENTED_EDGE('',*,*,#1033,.T.);
#633=ORIENTED_EDGE('',*,*,#1036,.T.);
#634=ORIENTED_EDGE('',*,*,#1039,.T.);
#635=ORIENTED_EDGE('',*,*,#1042,.T.);
#636=ORIENTED_EDGE('',*,*,#1045,.T.);
#637=ORIENTED_EDGE('',*,*,#1048,.T.);
#638=ORIENTED_EDGE('',*,*,#1051,.T.);
#639=ORIENTED_EDGE('',*,*,#1167,.T.);
#640=ORIENTED_EDGE('',*,*,#935,.T.);
#641=ORIENTED_EDGE('',*,*,#939,.T.);
#642=ORIENTED_EDGE('',*,*,#942,.T.);
#643=ORIENTED_EDGE('',*,*,#945,.T.);
#644=ORIENTED_EDGE('',*,*,#948,.T.);
#645=ORIENTED_EDGE('',*,*,#951,.T.);
#646=ORIENTED_EDGE('',*,*,#954,.T.);
#647=ORIENTED_EDGE('',*,*,#1175,.T.);
#648=ORIENTED_EDGE('',*,*,#1056,.F.);
#649=ORIENTED_EDGE('',*,*,#1052,.T.);
#650=ORIENTED_EDGE('',*,*,#1168,.T.);
#651=ORIENTED_EDGE('',*,*,#1059,.F.);
#652=ORIENTED_EDGE('',*,*,#1136,.F.);
#653=ORIENTED_EDGE('',*,*,#1133,.F.);
#654=ORIENTED_EDGE('',*,*,#1172,.F.);
#655=ORIENTED_EDGE('',*,*,#1163,.F.);
#656=ORIENTED_EDGE('',*,*,#1160,.F.);
#657=ORIENTED_EDGE('',*,*,#1157,.F.);
#658=ORIENTED_EDGE('',*,*,#1154,.F.);
#659=ORIENTED_EDGE('',*,*,#1151,.F.);
#660=ORIENTED_EDGE('',*,*,#1148,.F.);
#661=ORIENTED_EDGE('',*,*,#1145,.F.);
#662=ORIENTED_EDGE('',*,*,#1142,.F.);
#663=ORIENTED_EDGE('',*,*,#1139,.F.);
#664=ORIENTED_EDGE('',*,*,#1176,.T.);
#665=ORIENTED_EDGE('',*,*,#1177,.F.);
#666=ORIENTED_EDGE('',*,*,#1178,.F.);
#667=ORIENTED_EDGE('',*,*,#1179,.T.);
#668=ORIENTED_EDGE('',*,*,#1180,.T.);
#669=ORIENTED_EDGE('',*,*,#1181,.F.);
#670=ORIENTED_EDGE('',*,*,#1182,.F.);
#671=ORIENTED_EDGE('',*,*,#1177,.T.);
#672=ORIENTED_EDGE('',*,*,#1183,.T.);
#673=ORIENTED_EDGE('',*,*,#1184,.F.);
#674=ORIENTED_EDGE('',*,*,#1185,.F.);
#675=ORIENTED_EDGE('',*,*,#1181,.T.);
#676=ORIENTED_EDGE('',*,*,#1186,.T.);
#677=ORIENTED_EDGE('',*,*,#1187,.F.);
#678=ORIENTED_EDGE('',*,*,#1188,.F.);
#679=ORIENTED_EDGE('',*,*,#1184,.T.);
#680=ORIENTED_EDGE('',*,*,#1189,.T.);
#681=ORIENTED_EDGE('',*,*,#1190,.F.);
#682=ORIENTED_EDGE('',*,*,#1191,.F.);
#683=ORIENTED_EDGE('',*,*,#1187,.T.);
#684=ORIENTED_EDGE('',*,*,#1192,.T.);
#685=ORIENTED_EDGE('',*,*,#1193,.F.);
#686=ORIENTED_EDGE('',*,*,#1194,.F.);
#687=ORIENTED_EDGE('',*,*,#1190,.T.);
#688=ORIENTED_EDGE('',*,*,#1195,.T.);
#689=ORIENTED_EDGE('',*,*,#1196,.F.);
#690=ORIENTED_EDGE('',*,*,#1197,.F.);
#691=ORIENTED_EDGE('',*,*,#1193,.T.);
#692=ORIENTED_EDGE('',*,*,#1198,.T.);
#693=ORIENTED_EDGE('',*,*,#1199,.F.);
#694=ORIENTED_EDGE('',*,*,#1200,.F.);
#695=ORIENTED_EDGE('',*,*,#1196,.T.);
#696=ORIENTED_EDGE('',*,*,#1201,.T.);
#697=ORIENTED_EDGE('',*,*,#1202,.F.);
#698=ORIENTED_EDGE('',*,*,#1203,.F.);
#699=ORIENTED_EDGE('',*,*,#1199,.T.);
#700=ORIENTED_EDGE('',*,*,#1204,.T.);
#701=ORIENTED_EDGE('',*,*,#1179,.F.);
#702=ORIENTED_EDGE('',*,*,#1205,.F.);
#703=ORIENTED_EDGE('',*,*,#1202,.T.);
#704=ORIENTED_EDGE('',*,*,#1178,.T.);
#705=ORIENTED_EDGE('',*,*,#1182,.T.);
#706=ORIENTED_EDGE('',*,*,#1185,.T.);
#707=ORIENTED_EDGE('',*,*,#1188,.T.);
#708=ORIENTED_EDGE('',*,*,#1191,.T.);
#709=ORIENTED_EDGE('',*,*,#1194,.T.);
#710=ORIENTED_EDGE('',*,*,#1197,.T.);
#711=ORIENTED_EDGE('',*,*,#1200,.T.);
#712=ORIENTED_EDGE('',*,*,#1203,.T.);
#713=ORIENTED_EDGE('',*,*,#1205,.T.);
#714=ORIENTED_EDGE('',*,*,#1066,.F.);
#715=ORIENTED_EDGE('',*,*,#1063,.F.);
#716=ORIENTED_EDGE('',*,*,#1170,.F.);
#717=ORIENTED_EDGE('',*,*,#1129,.F.);
#718=ORIENTED_EDGE('',*,*,#1126,.F.);
#719=ORIENTED_EDGE('',*,*,#1123,.F.);
#720=ORIENTED_EDGE('',*,*,#1120,.F.);
#721=ORIENTED_EDGE('',*,*,#1117,.F.);
#722=ORIENTED_EDGE('',*,*,#1114,.F.);
#723=ORIENTED_EDGE('',*,*,#1111,.F.);
#724=ORIENTED_EDGE('',*,*,#1108,.F.);
#725=ORIENTED_EDGE('',*,*,#1105,.F.);
#726=ORIENTED_EDGE('',*,*,#1102,.F.);
#727=ORIENTED_EDGE('',*,*,#1099,.F.);
#728=ORIENTED_EDGE('',*,*,#1096,.F.);
#729=ORIENTED_EDGE('',*,*,#1093,.F.);
#730=ORIENTED_EDGE('',*,*,#1090,.F.);
#731=ORIENTED_EDGE('',*,*,#1087,.F.);
#732=ORIENTED_EDGE('',*,*,#1084,.F.);
#733=ORIENTED_EDGE('',*,*,#1081,.F.);
#734=ORIENTED_EDGE('',*,*,#1078,.F.);
#735=ORIENTED_EDGE('',*,*,#1075,.F.);
#736=ORIENTED_EDGE('',*,*,#1072,.F.);
#737=ORIENTED_EDGE('',*,*,#1069,.F.);
#738=ORIENTED_EDGE('',*,*,#1180,.F.);
#739=ORIENTED_EDGE('',*,*,#1176,.F.);
#740=ORIENTED_EDGE('',*,*,#1204,.F.);
#741=ORIENTED_EDGE('',*,*,#1201,.F.);
#742=ORIENTED_EDGE('',*,*,#1198,.F.);
#743=ORIENTED_EDGE('',*,*,#1195,.F.);
#744=ORIENTED_EDGE('',*,*,#1192,.F.);
#745=ORIENTED_EDGE('',*,*,#1189,.F.);
#746=ORIENTED_EDGE('',*,*,#1186,.F.);
#747=ORIENTED_EDGE('',*,*,#1183,.F.);
#748=ORIENTED_EDGE('',*,*,#959,.F.);
#749=ORIENTED_EDGE('',*,*,#956,.F.);
#750=ORIENTED_EDGE('',*,*,#1166,.F.);
#751=ORIENTED_EDGE('',*,*,#1049,.F.);
#752=ORIENTED_EDGE('',*,*,#1046,.F.);
#753=ORIENTED_EDGE('',*,*,#1043,.F.);
#754=ORIENTED_EDGE('',*,*,#1040,.F.);
#755=ORIENTED_EDGE('',*,*,#1037,.F.);
#756=ORIENTED_EDGE('',*,*,#1034,.F.);
#757=ORIENTED_EDGE('',*,*,#1031,.F.);
#758=ORIENTED_EDGE('',*,*,#1028,.F.);
#759=ORIENTED_EDGE('',*,*,#1025,.F.);
#760=ORIENTED_EDGE('',*,*,#1022,.F.);
#761=ORIENTED_EDGE('',*,*,#1019,.F.);
#762=ORIENTED_EDGE('',*,*,#1016,.F.);
#763=ORIENTED_EDGE('',*,*,#1013,.F.);
#764=ORIENTED_EDGE('',*,*,#1010,.F.);
#765=ORIENTED_EDGE('',*,*,#1007,.F.);
#766=ORIENTED_EDGE('',*,*,#1004,.F.);
#767=ORIENTED_EDGE('',*,*,#1001,.F.);
#768=ORIENTED_EDGE('',*,*,#998,.F.);
#769=ORIENTED_EDGE('',*,*,#995,.F.);
#770=ORIENTED_EDGE('',*,*,#992,.F.);
#771=ORIENTED_EDGE('',*,*,#989,.F.);
#772=ORIENTED_EDGE('',*,*,#986,.F.);
#773=ORIENTED_EDGE('',*,*,#983,.F.);
#774=ORIENTED_EDGE('',*,*,#980,.F.);
#775=ORIENTED_EDGE('',*,*,#977,.F.);
#776=ORIENTED_EDGE('',*,*,#974,.F.);
#777=ORIENTED_EDGE('',*,*,#971,.F.);
#778=ORIENTED_EDGE('',*,*,#968,.F.);
#779=ORIENTED_EDGE('',*,*,#965,.F.);
#780=ORIENTED_EDGE('',*,*,#962,.F.);
#781=ORIENTED_EDGE('',*,*,#922,.F.);
#782=ORIENTED_EDGE('',*,*,#925,.T.);
#783=ORIENTED_EDGE('',*,*,#928,.T.);
#784=ORIENTED_EDGE('',*,*,#931,.F.);
#785=ORIENTED_EDGE('',*,*,#937,.F.);
#786=ORIENTED_EDGE('',*,*,#933,.F.);
#787=ORIENTED_EDGE('',*,*,#1174,.F.);
#788=ORIENTED_EDGE('',*,*,#952,.F.);
#789=ORIENTED_EDGE('',*,*,#949,.F.);
#790=ORIENTED_EDGE('',*,*,#946,.F.);
#791=ORIENTED_EDGE('',*,*,#943,.F.);
#792=ORIENTED_EDGE('',*,*,#940,.F.);
#793=ORIENTED_EDGE('',*,*,#895,.T.);
#794=ORIENTED_EDGE('',*,*,#891,.T.);
#795=ORIENTED_EDGE('',*,*,#913,.T.);
#796=ORIENTED_EDGE('',*,*,#910,.T.);
#797=ORIENTED_EDGE('',*,*,#907,.T.);
#798=ORIENTED_EDGE('',*,*,#904,.T.);
#799=ORIENTED_EDGE('',*,*,#901,.T.);
#800=ORIENTED_EDGE('',*,*,#898,.T.);
#801=ORIENTED_EDGE('',*,*,#1206,.F.);
#802=ORIENTED_EDGE('',*,*,#872,.F.);
#803=ORIENTED_EDGE('',*,*,#1207,.F.);
#804=ORIENTED_EDGE('',*,*,#918,.F.);
#805=ORIENTED_EDGE('',*,*,#1207,.T.);
#806=ORIENTED_EDGE('',*,*,#871,.F.);
#807=ORIENTED_EDGE('',*,*,#887,.F.);
#808=ORIENTED_EDGE('',*,*,#919,.F.);
#809=ORIENTED_EDGE('',*,*,#1206,.T.);
#810=ORIENTED_EDGE('',*,*,#917,.F.);
#811=ORIENTED_EDGE('',*,*,#890,.F.);
#812=ORIENTED_EDGE('',*,*,#873,.F.);
#813=ORIENTED_EDGE('',*,*,#879,.F.);
#814=ORIENTED_EDGE('',*,*,#865,.T.);
#815=ORIENTED_EDGE('',*,*,#889,.F.);
#816=ORIENTED_EDGE('',*,*,#916,.T.);
#817=ORIENTED_EDGE('',*,*,#883,.F.);
#818=ORIENTED_EDGE('',*,*,#920,.T.);
#819=ORIENTED_EDGE('',*,*,#885,.F.);
#820=ORIENTED_EDGE('',*,*,#869,.T.);
#821=ORIENTED_EDGE('',*,*,#861,.T.);
#822=ORIENTED_EDGE('',*,*,#1208,.F.);
#823=ORIENTED_EDGE('',*,*,#1209,.F.);
#824=ORIENTED_EDGE('',*,*,#1210,.T.);
#825=ORIENTED_EDGE('',*,*,#862,.F.);
#826=ORIENTED_EDGE('',*,*,#1210,.F.);
#827=ORIENTED_EDGE('',*,*,#1211,.T.);
#828=ORIENTED_EDGE('',*,*,#1212,.T.);
#829=ORIENTED_EDGE('',*,*,#863,.F.);
#830=ORIENTED_EDGE('',*,*,#1212,.F.);
#831=ORIENTED_EDGE('',*,*,#1213,.T.);
#832=ORIENTED_EDGE('',*,*,#1214,.T.);
#833=ORIENTED_EDGE('',*,*,#864,.T.);
#834=ORIENTED_EDGE('',*,*,#1214,.F.);
#835=ORIENTED_EDGE('',*,*,#1215,.F.);
#836=ORIENTED_EDGE('',*,*,#1208,.T.);
#837=ORIENTED_EDGE('',*,*,#1209,.T.);
#838=ORIENTED_EDGE('',*,*,#1215,.T.);
#839=ORIENTED_EDGE('',*,*,#1213,.F.);
#840=ORIENTED_EDGE('',*,*,#1211,.F.);
#841=ORIENTED_EDGE('',*,*,#875,.T.);
#842=ORIENTED_EDGE('',*,*,#1216,.F.);
#843=ORIENTED_EDGE('',*,*,#1217,.F.);
#844=ORIENTED_EDGE('',*,*,#1218,.T.);
#845=ORIENTED_EDGE('',*,*,#876,.F.);
#846=ORIENTED_EDGE('',*,*,#1218,.F.);
#847=ORIENTED_EDGE('',*,*,#1219,.T.);
#848=ORIENTED_EDGE('',*,*,#1220,.T.);
#849=ORIENTED_EDGE('',*,*,#877,.F.);
#850=ORIENTED_EDGE('',*,*,#1220,.F.);
#851=ORIENTED_EDGE('',*,*,#1221,.T.);
#852=ORIENTED_EDGE('',*,*,#1222,.T.);
#853=ORIENTED_EDGE('',*,*,#878,.T.);
#854=ORIENTED_EDGE('',*,*,#1222,.F.);
#855=ORIENTED_EDGE('',*,*,#1223,.F.);
#856=ORIENTED_EDGE('',*,*,#1216,.T.);
#857=ORIENTED_EDGE('',*,*,#1217,.T.);
#858=ORIENTED_EDGE('',*,*,#1223,.T.);
#859=ORIENTED_EDGE('',*,*,#1221,.F.);
#860=ORIENTED_EDGE('',*,*,#1219,.F.);
#861=EDGE_CURVE('',#1224,#1225,#1466,.T.);
#862=EDGE_CURVE('',#1224,#1226,#1467,.T.);
#863=EDGE_CURVE('',#1226,#1227,#1468,.T.);
#864=EDGE_CURVE('',#1225,#1227,#1469,.T.);
#865=EDGE_CURVE('',#1228,#1229,#1470,.T.);
#866=EDGE_CURVE('',#1228,#1230,#1471,.T.);
#867=EDGE_CURVE('',#1230,#1231,#1472,.T.);
#868=EDGE_CURVE('',#1231,#1232,#1473,.T.);
#869=EDGE_CURVE('',#1233,#1232,#1474,.T.);
#870=EDGE_CURVE('',#1234,#1233,#1475,.T.);
#871=EDGE_CURVE('',#1234,#1235,#1476,.T.);
#872=EDGE_CURVE('',#1235,#1236,#1477,.T.);
#873=EDGE_CURVE('',#1236,#1237,#1478,.F.);
#874=EDGE_CURVE('',#1237,#1229,#1479,.T.);
#875=EDGE_CURVE('',#1238,#1239,#1480,.T.);
#876=EDGE_CURVE('',#1238,#1240,#1481,.T.);
#877=EDGE_CURVE('',#1240,#1241,#1482,.T.);
#878=EDGE_CURVE('',#1239,#1241,#1483,.T.);
#879=EDGE_CURVE('',#1228,#1242,#1484,.T.);
#880=EDGE_CURVE('',#1242,#1243,#1485,.T.);
#881=EDGE_CURVE('',#1243,#1230,#1486,.T.);
#882=EDGE_CURVE('',#1244,#1245,#1487,.T.);
#883=EDGE_CURVE('',#1245,#1232,#1488,.T.);
#884=EDGE_CURVE('',#1244,#1231,#1489,.T.);
#885=EDGE_CURVE('',#1233,#1246,#1490,.T.);
#886=EDGE_CURVE('',#1247,#1246,#1491,.T.);
#887=EDGE_CURVE('',#1247,#1234,#1492,.T.);
#888=EDGE_CURVE('',#1248,#1249,#1493,.T.);
#889=EDGE_CURVE('',#1248,#1229,#1494,.F.);
#890=EDGE_CURVE('',#1237,#1249,#1495,.F.);
#891=EDGE_CURVE('',#1250,#1251,#1496,.T.);
#892=EDGE_CURVE('',#1252,#1250,#1497,.T.);
#893=EDGE_CURVE('',#1252,#1253,#1498,.T.);
#894=EDGE_CURVE('',#1253,#1251,#1499,.T.);
#895=EDGE_CURVE('',#1254,#1250,#1500,.T.);
#896=EDGE_CURVE('',#1255,#1254,#1501,.T.);
#897=EDGE_CURVE('',#1255,#1252,#1502,.T.);
#898=EDGE_CURVE('',#1256,#1254,#1503,.T.);
#899=EDGE_CURVE('',#1257,#1256,#1504,.T.);
#900=EDGE_CURVE('',#1257,#1255,#1505,.T.);
#901=EDGE_CURVE('',#1258,#1256,#1506,.T.);
#902=EDGE_CURVE('',#1259,#1258,#1507,.T.);
#903=EDGE_CURVE('',#1259,#1257,#1508,.T.);
#904=EDGE_CURVE('',#1260,#1258,#1509,.T.);
#905=EDGE_CURVE('',#1261,#1260,#1510,.T.);
#906=EDGE_CURVE('',#1261,#1259,#1511,.T.);
#907=EDGE_CURVE('',#1262,#1260,#1512,.T.);
#908=EDGE_CURVE('',#1263,#1262,#1513,.T.);
#909=EDGE_CURVE('',#1263,#1261,#1514,.T.);
#910=EDGE_CURVE('',#1264,#1262,#1515,.T.);
#911=EDGE_CURVE('',#1265,#1264,#1516,.T.);
#912=EDGE_CURVE('',#1265,#1263,#1517,.T.);
#913=EDGE_CURVE('',#1251,#1264,#1518,.T.);
#914=EDGE_CURVE('',#1253,#1265,#1519,.T.);
#915=EDGE_CURVE('',#1243,#1244,#1520,.T.);
#916=EDGE_CURVE('',#1248,#1242,#1521,.T.);
#917=EDGE_CURVE('',#1249,#1266,#1522,.T.);
#918=EDGE_CURVE('',#1266,#1267,#1523,.T.);
#919=EDGE_CURVE('',#1267,#1247,#1524,.T.);
#920=EDGE_CURVE('',#1245,#1246,#1525,.T.);
#921=EDGE_CURVE('',#1268,#1269,#1526,.T.);
#922=EDGE_CURVE('',#1269,#1270,#1527,.T.);
#923=EDGE_CURVE('',#1271,#1270,#1528,.T.);
#924=EDGE_CURVE('',#1268,#1271,#1529,.T.);
#925=EDGE_CURVE('',#1269,#1272,#1530,.T.);
#926=EDGE_CURVE('',#1268,#1273,#1531,.T.);
#927=EDGE_CURVE('',#1273,#1272,#1532,.T.);
#928=EDGE_CURVE('',#1272,#1274,#1533,.T.);
#929=EDGE_CURVE('',#1273,#1275,#1534,.T.);
#930=EDGE_CURVE('',#1275,#1274,#1535,.T.);
#931=EDGE_CURVE('',#1270,#1274,#1536,.T.);
#932=EDGE_CURVE('',#1271,#1275,#1537,.T.);
#933=EDGE_CURVE('',#1276,#1277,#1538,.T.);
#934=EDGE_CURVE('',#1278,#1277,#1539,.T.);
#935=EDGE_CURVE('',#1279,#1278,#1540,.T.);
#936=EDGE_CURVE('',#1279,#1276,#1541,.T.);
#937=EDGE_CURVE('',#1277,#1280,#1542,.T.);
#938=EDGE_CURVE('',#1281,#1280,#1543,.T.);
#939=EDGE_CURVE('',#1278,#1281,#1544,.T.);
#940=EDGE_CURVE('',#1280,#1282,#1545,.T.);
#941=EDGE_CURVE('',#1283,#1282,#1546,.T.);
#942=EDGE_CURVE('',#1281,#1283,#1547,.T.);
#943=EDGE_CURVE('',#1282,#1284,#1548,.T.);
#944=EDGE_CURVE('',#1285,#1284,#1549,.T.);
#945=EDGE_CURVE('',#1283,#1285,#1550,.T.);
#946=EDGE_CURVE('',#1284,#1286,#1551,.T.);
#947=EDGE_CURVE('',#1287,#1286,#1552,.T.);
#948=EDGE_CURVE('',#1285,#1287,#1553,.T.);
#949=EDGE_CURVE('',#1286,#1288,#1554,.T.);
#950=EDGE_CURVE('',#1289,#1288,#1555,.T.);
#951=EDGE_CURVE('',#1287,#1289,#1556,.T.);
#952=EDGE_CURVE('',#1288,#1290,#1557,.T.);
#953=EDGE_CURVE('',#1291,#1290,#1558,.T.);
#954=EDGE_CURVE('',#1289,#1291,#1559,.T.);
#955=EDGE_CURVE('',#1292,#1293,#1560,.T.);
#956=EDGE_CURVE('',#1293,#1294,#1561,.T.);
#957=EDGE_CURVE('',#1295,#1294,#1562,.T.);
#958=EDGE_CURVE('',#1292,#1295,#1563,.T.);
#959=EDGE_CURVE('',#1294,#1296,#12,.T.);
#960=EDGE_CURVE('',#1297,#1296,#1564,.T.);
#961=EDGE_CURVE('',#1295,#1297,#13,.T.);
#962=EDGE_CURVE('',#1296,#1298,#14,.T.);
#963=EDGE_CURVE('',#1299,#1298,#1565,.T.);
#964=EDGE_CURVE('',#1297,#1299,#15,.T.);
#965=EDGE_CURVE('',#1298,#1300,#16,.T.);
#966=EDGE_CURVE('',#1301,#1300,#1566,.T.);
#967=EDGE_CURVE('',#1299,#1301,#17,.T.);
#968=EDGE_CURVE('',#1300,#1302,#1567,.T.);
#969=EDGE_CURVE('',#1303,#1302,#1568,.T.);
#970=EDGE_CURVE('',#1301,#1303,#1569,.T.);
#971=EDGE_CURVE('',#1302,#1304,#1570,.T.);
#972=EDGE_CURVE('',#1305,#1304,#1571,.T.);
#973=EDGE_CURVE('',#1303,#1305,#1572,.T.);
#974=EDGE_CURVE('',#1304,#1306,#1573,.T.);
#975=EDGE_CURVE('',#1307,#1306,#1574,.T.);
#976=EDGE_CURVE('',#1305,#1307,#1575,.T.);
#977=EDGE_CURVE('',#1306,#1308,#18,.F.);
#978=EDGE_CURVE('',#1309,#1308,#1576,.T.);
#979=EDGE_CURVE('',#1307,#1309,#19,.F.);
#980=EDGE_CURVE('',#1308,#1310,#20,.F.);
#981=EDGE_CURVE('',#1311,#1310,#1577,.T.);
#982=EDGE_CURVE('',#1309,#1311,#21,.F.);
#983=EDGE_CURVE('',#1310,#1312,#1578,.T.);
#984=EDGE_CURVE('',#1313,#1312,#1579,.T.);
#985=EDGE_CURVE('',#1311,#1313,#1580,.T.);
#986=EDGE_CURVE('',#1312,#1314,#22,.F.);
#987=EDGE_CURVE('',#1315,#1314,#1581,.T.);
#988=EDGE_CURVE('',#1313,#1315,#23,.F.);
#989=EDGE_CURVE('',#1314,#1316,#24,.F.);
#990=EDGE_CURVE('',#1317,#1316,#1582,.T.);
#991=EDGE_CURVE('',#1315,#1317,#25,.F.);
#992=EDGE_CURVE('',#1316,#1318,#1583,.T.);
#993=EDGE_CURVE('',#1319,#1318,#1584,.T.);
#994=EDGE_CURVE('',#1317,#1319,#1585,.T.);
#995=EDGE_CURVE('',#1318,#1320,#26,.F.);
#996=EDGE_CURVE('',#1321,#1320,#1586,.T.);
#997=EDGE_CURVE('',#1319,#1321,#27,.F.);
#998=EDGE_CURVE('',#1320,#1322,#28,.F.);
#999=EDGE_CURVE('',#1323,#1322,#1587,.T.);
#1000=EDGE_CURVE('',#1321,#1323,#29,.F.);
#1001=EDGE_CURVE('',#1322,#1324,#1588,.T.);
#1002=EDGE_CURVE('',#1325,#1324,#1589,.T.);
#1003=EDGE_CURVE('',#1323,#1325,#1590,.T.);
#1004=EDGE_CURVE('',#1324,#1326,#1591,.T.);
#1005=EDGE_CURVE('',#1327,#1326,#1592,.T.);
#1006=EDGE_CURVE('',#1325,#1327,#1593,.T.);
#1007=EDGE_CURVE('',#1326,#1328,#1594,.T.);
#1008=EDGE_CURVE('',#1329,#1328,#1595,.T.);
#1009=EDGE_CURVE('',#1327,#1329,#1596,.T.);
#1010=EDGE_CURVE('',#1328,#1330,#1597,.T.);
#1011=EDGE_CURVE('',#1331,#1330,#1598,.T.);
#1012=EDGE_CURVE('',#1329,#1331,#1599,.T.);
#1013=EDGE_CURVE('',#1330,#1332,#1600,.T.);
#1014=EDGE_CURVE('',#1333,#1332,#1601,.T.);
#1015=EDGE_CURVE('',#1331,#1333,#1602,.T.);
#1016=EDGE_CURVE('',#1332,#1334,#30,.F.);
#1017=EDGE_CURVE('',#1335,#1334,#1603,.T.);
#1018=EDGE_CURVE('',#1333,#1335,#31,.F.);
#1019=EDGE_CURVE('',#1334,#1336,#32,.F.);
#1020=EDGE_CURVE('',#1337,#1336,#1604,.T.);
#1021=EDGE_CURVE('',#1335,#1337,#33,.F.);
#1022=EDGE_CURVE('',#1336,#1338,#1605,.T.);
#1023=EDGE_CURVE('',#1339,#1338,#1606,.T.);
#1024=EDGE_CURVE('',#1337,#1339,#1607,.T.);
#1025=EDGE_CURVE('',#1338,#1340,#34,.F.);
#1026=EDGE_CURVE('',#1341,#1340,#1608,.T.);
#1027=EDGE_CURVE('',#1339,#1341,#35,.F.);
#1028=EDGE_CURVE('',#1340,#1342,#36,.F.);
#1029=EDGE_CURVE('',#1343,#1342,#1609,.T.);
#1030=EDGE_CURVE('',#1341,#1343,#37,.F.);
#1031=EDGE_CURVE('',#1342,#1344,#1610,.T.);
#1032=EDGE_CURVE('',#1345,#1344,#1611,.T.);
#1033=EDGE_CURVE('',#1343,#1345,#1612,.T.);
#1034=EDGE_CURVE('',#1344,#1346,#38,.T.);
#1035=EDGE_CURVE('',#1347,#1346,#1613,.T.);
#1036=EDGE_CURVE('',#1345,#1347,#39,.T.);
#1037=EDGE_CURVE('',#1346,#1348,#40,.T.);
#1038=EDGE_CURVE('',#1349,#1348,#1614,.T.);
#1039=EDGE_CURVE('',#1347,#1349,#41,.T.);
#1040=EDGE_CURVE('',#1348,#1350,#42,.T.);
#1041=EDGE_CURVE('',#1351,#1350,#1615,.T.);
#1042=EDGE_CURVE('',#1349,#1351,#43,.T.);
#1043=EDGE_CURVE('',#1350,#1352,#1616,.T.);
#1044=EDGE_CURVE('',#1353,#1352,#1617,.T.);
#1045=EDGE_CURVE('',#1351,#1353,#1618,.T.);
#1046=EDGE_CURVE('',#1352,#1354,#44,.T.);
#1047=EDGE_CURVE('',#1355,#1354,#1619,.T.);
#1048=EDGE_CURVE('',#1353,#1355,#45,.T.);
#1049=EDGE_CURVE('',#1354,#1356,#46,.T.);
#1050=EDGE_CURVE('',#1357,#1356,#1620,.T.);
#1051=EDGE_CURVE('',#1355,#1357,#47,.T.);
#1052=EDGE_CURVE('',#1358,#1359,#1621,.T.);
#1053=EDGE_CURVE('',#1360,#1358,#1622,.T.);
#1054=EDGE_CURVE('',#1360,#1361,#1623,.T.);
#1055=EDGE_CURVE('',#1361,#1359,#1624,.T.);
#1056=EDGE_CURVE('',#1358,#1362,#1625,.T.);
#1057=EDGE_CURVE('',#1363,#1362,#1626,.T.);
#1058=EDGE_CURVE('',#1360,#1363,#1627,.T.);
#1059=EDGE_CURVE('',#1362,#1364,#1628,.T.);
#1060=EDGE_CURVE('',#1365,#1364,#1629,.T.);
#1061=EDGE_CURVE('',#1363,#1365,#1630,.T.);
#1062=EDGE_CURVE('',#1366,#1367,#1631,.T.);
#1063=EDGE_CURVE('',#1367,#1368,#1632,.T.);
#1064=EDGE_CURVE('',#1369,#1368,#1633,.T.);
#1065=EDGE_CURVE('',#1366,#1369,#1634,.T.);
#1066=EDGE_CURVE('',#1368,#1370,#48,.T.);
#1067=EDGE_CURVE('',#1371,#1370,#1635,.T.);
#1068=EDGE_CURVE('',#1369,#1371,#49,.T.);
#1069=EDGE_CURVE('',#1370,#1372,#50,.T.);
#1070=EDGE_CURVE('',#1373,#1372,#1636,.T.);
#1071=EDGE_CURVE('',#1371,#1373,#51,.T.);
#1072=EDGE_CURVE('',#1372,#1374,#52,.T.);
#1073=EDGE_CURVE('',#1375,#1374,#1637,.T.);
#1074=EDGE_CURVE('',#1373,#1375,#53,.T.);
#1075=EDGE_CURVE('',#1374,#1376,#1638,.T.);
#1076=EDGE_CURVE('',#1377,#1376,#1639,.T.);
#1077=EDGE_CURVE('',#1375,#1377,#1640,.T.);
#1078=EDGE_CURVE('',#1376,#1378,#54,.T.);
#1079=EDGE_CURVE('',#1379,#1378,#1641,.T.);
#1080=EDGE_CURVE('',#1377,#1379,#55,.T.);
#1081=EDGE_CURVE('',#1378,#1380,#56,.T.);
#1082=EDGE_CURVE('',#1381,#1380,#1642,.T.);
#1083=EDGE_CURVE('',#1379,#1381,#57,.T.);
#1084=EDGE_CURVE('',#1380,#1382,#58,.T.);
#1085=EDGE_CURVE('',#1383,#1382,#1643,.T.);
#1086=EDGE_CURVE('',#1381,#1383,#59,.T.);
#1087=EDGE_CURVE('',#1382,#1384,#1644,.T.);
#1088=EDGE_CURVE('',#1385,#1384,#1645,.T.);
#1089=EDGE_CURVE('',#1383,#1385,#1646,.T.);
#1090=EDGE_CURVE('',#1384,#1386,#1647,.T.);
#1091=EDGE_CURVE('',#1387,#1386,#1648,.T.);
#1092=EDGE_CURVE('',#1385,#1387,#1649,.T.);
#1093=EDGE_CURVE('',#1386,#1388,#1650,.T.);
#1094=EDGE_CURVE('',#1389,#1388,#1651,.T.);
#1095=EDGE_CURVE('',#1387,#1389,#1652,.T.);
#1096=EDGE_CURVE('',#1388,#1390,#60,.F.);
#1097=EDGE_CURVE('',#1391,#1390,#1653,.T.);
#1098=EDGE_CURVE('',#1389,#1391,#61,.F.);
#1099=EDGE_CURVE('',#1390,#1392,#62,.F.);
#1100=EDGE_CURVE('',#1393,#1392,#1654,.T.);
#1101=EDGE_CURVE('',#1391,#1393,#63,.F.);
#1102=EDGE_CURVE('',#1392,#1394,#1655,.T.);
#1103=EDGE_CURVE('',#1395,#1394,#1656,.T.);
#1104=EDGE_CURVE('',#1393,#1395,#1657,.T.);
#1105=EDGE_CURVE('',#1394,#1396,#64,.F.);
#1106=EDGE_CURVE('',#1397,#1396,#1658,.T.);
#1107=EDGE_CURVE('',#1395,#1397,#65,.F.);
#1108=EDGE_CURVE('',#1396,#1398,#66,.F.);
#1109=EDGE_CURVE('',#1399,#1398,#1659,.T.);
#1110=EDGE_CURVE('',#1397,#1399,#67,.F.);
#1111=EDGE_CURVE('',#1398,#1400,#1660,.T.);
#1112=EDGE_CURVE('',#1401,#1400,#1661,.T.);
#1113=EDGE_CURVE('',#1399,#1401,#1662,.T.);
#1114=EDGE_CURVE('',#1400,#1402,#68,.T.);
#1115=EDGE_CURVE('',#1403,#1402,#1663,.T.);
#1116=EDGE_CURVE('',#1401,#1403,#69,.T.);
#1117=EDGE_CURVE('',#1402,#1404,#70,.T.);
#1118=EDGE_CURVE('',#1405,#1404,#1664,.T.);
#1119=EDGE_CURVE('',#1403,#1405,#71,.T.);
#1120=EDGE_CURVE('',#1404,#1406,#72,.T.);
#1121=EDGE_CURVE('',#1407,#1406,#1665,.T.);
#1122=EDGE_CURVE('',#1405,#1407,#73,.T.);
#1123=EDGE_CURVE('',#1406,#1408,#1666,.T.);
#1124=EDGE_CURVE('',#1409,#1408,#1667,.T.);
#1125=EDGE_CURVE('',#1407,#1409,#1668,.T.);
#1126=EDGE_CURVE('',#1408,#1410,#74,.T.);
#1127=EDGE_CURVE('',#1411,#1410,#1669,.T.);
#1128=EDGE_CURVE('',#1409,#1411,#75,.T.);
#1129=EDGE_CURVE('',#1410,#1412,#76,.T.);
#1130=EDGE_CURVE('',#1413,#1412,#1670,.T.);
#1131=EDGE_CURVE('',#1411,#1413,#77,.T.);
#1132=EDGE_CURVE('',#1414,#1415,#1671,.T.);
#1133=EDGE_CURVE('',#1415,#1416,#1672,.T.);
#1134=EDGE_CURVE('',#1417,#1416,#1673,.T.);
#1135=EDGE_CURVE('',#1414,#1417,#1674,.T.);
#1136=EDGE_CURVE('',#1416,#1418,#1675,.T.);
#1137=EDGE_CURVE('',#1419,#1418,#1676,.T.);
#1138=EDGE_CURVE('',#1417,#1419,#1677,.T.);
#1139=EDGE_CURVE('',#1418,#1420,#1678,.T.);
#1140=EDGE_CURVE('',#1421,#1420,#1679,.T.);
#1141=EDGE_CURVE('',#1419,#1421,#1680,.T.);
#1142=EDGE_CURVE('',#1420,#1422,#1681,.T.);
#1143=EDGE_CURVE('',#1423,#1422,#1682,.T.);
#1144=EDGE_CURVE('',#1421,#1423,#1683,.T.);
#1145=EDGE_CURVE('',#1422,#1424,#1684,.T.);
#1146=EDGE_CURVE('',#1425,#1424,#1685,.T.);
#1147=EDGE_CURVE('',#1423,#1425,#1686,.T.);
#1148=EDGE_CURVE('',#1424,#1426,#1687,.T.);
#1149=EDGE_CURVE('',#1427,#1426,#1688,.T.);
#1150=EDGE_CURVE('',#1425,#1427,#1689,.T.);
#1151=EDGE_CURVE('',#1426,#1428,#1690,.T.);
#1152=EDGE_CURVE('',#1429,#1428,#1691,.T.);
#1153=EDGE_CURVE('',#1427,#1429,#1692,.T.);
#1154=EDGE_CURVE('',#1428,#1430,#1693,.T.);
#1155=EDGE_CURVE('',#1431,#1430,#1694,.T.);
#1156=EDGE_CURVE('',#1429,#1431,#1695,.T.);
#1157=EDGE_CURVE('',#1430,#1432,#1696,.T.);
#1158=EDGE_CURVE('',#1433,#1432,#1697,.T.);
#1159=EDGE_CURVE('',#1431,#1433,#1698,.T.);
#1160=EDGE_CURVE('',#1432,#1434,#1699,.T.);
#1161=EDGE_CURVE('',#1435,#1434,#1700,.T.);
#1162=EDGE_CURVE('',#1433,#1435,#1701,.T.);
#1163=EDGE_CURVE('',#1434,#1436,#1702,.T.);
#1164=EDGE_CURVE('',#1437,#1436,#1703,.T.);
#1165=EDGE_CURVE('',#1435,#1437,#1704,.T.);
#1166=EDGE_CURVE('',#1356,#1293,#78,.T.);
#1167=EDGE_CURVE('',#1357,#1292,#79,.T.);
#1168=EDGE_CURVE('',#1359,#1364,#1705,.T.);
#1169=EDGE_CURVE('',#1361,#1365,#1706,.T.);
#1170=EDGE_CURVE('',#1412,#1367,#80,.T.);
#1171=EDGE_CURVE('',#1413,#1366,#81,.T.);
#1172=EDGE_CURVE('',#1436,#1415,#1707,.T.);
#1173=EDGE_CURVE('',#1437,#1414,#1708,.T.);
#1174=EDGE_CURVE('',#1290,#1276,#1709,.T.);
#1175=EDGE_CURVE('',#1291,#1279,#1710,.T.);
#1176=EDGE_CURVE('',#1438,#1439,#82,.F.);
#1177=EDGE_CURVE('',#1440,#1439,#1711,.T.);
#1178=EDGE_CURVE('',#1441,#1440,#83,.F.);
#1179=EDGE_CURVE('',#1441,#1438,#1712,.T.);
#1180=EDGE_CURVE('',#1439,#1442,#1713,.T.);
#1181=EDGE_CURVE('',#1443,#1442,#1714,.T.);
#1182=EDGE_CURVE('',#1440,#1443,#1715,.T.);
#1183=EDGE_CURVE('',#1442,#1444,#84,.F.);
#1184=EDGE_CURVE('',#1445,#1444,#1716,.T.);
#1185=EDGE_CURVE('',#1443,#1445,#85,.F.);
#1186=EDGE_CURVE('',#1444,#1446,#86,.F.);
#1187=EDGE_CURVE('',#1447,#1446,#1717,.T.);
#1188=EDGE_CURVE('',#1445,#1447,#87,.F.);
#1189=EDGE_CURVE('',#1446,#1448,#1718,.T.);
#1190=EDGE_CURVE('',#1449,#1448,#1719,.T.);
#1191=EDGE_CURVE('',#1447,#1449,#1720,.T.);
#1192=EDGE_CURVE('',#1448,#1450,#88,.F.);
#1193=EDGE_CURVE('',#1451,#1450,#1721,.T.);
#1194=EDGE_CURVE('',#1449,#1451,#89,.F.);
#1195=EDGE_CURVE('',#1450,#1452,#90,.F.);
#1196=EDGE_CURVE('',#1453,#1452,#1722,.T.);
#1197=EDGE_CURVE('',#1451,#1453,#91,.F.);
#1198=EDGE_CURVE('',#1452,#1454,#1723,.T.);
#1199=EDGE_CURVE('',#1455,#1454,#1724,.T.);
#1200=EDGE_CURVE('',#1453,#1455,#1725,.T.);
#1201=EDGE_CURVE('',#1454,#1456,#1726,.T.);
#1202=EDGE_CURVE('',#1457,#1456,#1727,.T.);
#1203=EDGE_CURVE('',#1455,#1457,#1728,.T.);
#1204=EDGE_CURVE('',#1456,#1438,#92,.F.);
#1205=EDGE_CURVE('',#1457,#1441,#93,.F.);
#1206=EDGE_CURVE('',#1236,#1266,#1729,.F.);
#1207=EDGE_CURVE('',#1267,#1235,#1730,.F.);
#1208=EDGE_CURVE('',#1458,#1225,#1731,.T.);
#1209=EDGE_CURVE('',#1459,#1458,#1732,.T.);
#1210=EDGE_CURVE('',#1459,#1224,#1733,.T.);
#1211=EDGE_CURVE('',#1459,#1460,#1734,.T.);
#1212=EDGE_CURVE('',#1460,#1226,#1735,.T.);
#1213=EDGE_CURVE('',#1460,#1461,#1736,.T.);
#1214=EDGE_CURVE('',#1461,#1227,#1737,.T.);
#1215=EDGE_CURVE('',#1458,#1461,#1738,.T.);
#1216=EDGE_CURVE('',#1462,#1239,#1739,.T.);
#1217=EDGE_CURVE('',#1463,#1462,#1740,.T.);
#1218=EDGE_CURVE('',#1463,#1238,#1741,.T.);
#1219=EDGE_CURVE('',#1463,#1464,#1742,.T.);
#1220=EDGE_CURVE('',#1464,#1240,#1743,.T.);
#1221=EDGE_CURVE('',#1464,#1465,#1744,.T.);
#1222=EDGE_CURVE('',#1465,#1241,#1745,.T.);
#1223=EDGE_CURVE('',#1462,#1465,#1746,.T.);
#1224=VERTEX_POINT('',#3483);
#1225=VERTEX_POINT('',#3484);
#1226=VERTEX_POINT('',#3486);
#1227=VERTEX_POINT('',#3488);
#1228=VERTEX_POINT('',#3491);
#1229=VERTEX_POINT('',#3492);
#1230=VERTEX_POINT('',#3494);
#1231=VERTEX_POINT('',#3496);
#1232=VERTEX_POINT('',#3498);
#1233=VERTEX_POINT('',#3500);
#1234=VERTEX_POINT('',#3502);
#1235=VERTEX_POINT('',#3504);
#1236=VERTEX_POINT('',#3506);
#1237=VERTEX_POINT('',#3508);
#1238=VERTEX_POINT('',#3511);
#1239=VERTEX_POINT('',#3512);
#1240=VERTEX_POINT('',#3514);
#1241=VERTEX_POINT('',#3516);
#1242=VERTEX_POINT('',#3520);
#1243=VERTEX_POINT('',#3522);
#1244=VERTEX_POINT('',#3526);
#1245=VERTEX_POINT('',#3527);
#1246=VERTEX_POINT('',#3532);
#1247=VERTEX_POINT('',#3534);
#1248=VERTEX_POINT('',#3538);
#1249=VERTEX_POINT('',#3539);
#1250=VERTEX_POINT('',#3544);
#1251=VERTEX_POINT('',#3545);
#1252=VERTEX_POINT('',#3547);
#1253=VERTEX_POINT('',#3549);
#1254=VERTEX_POINT('',#3553);
#1255=VERTEX_POINT('',#3555);
#1256=VERTEX_POINT('',#3559);
#1257=VERTEX_POINT('',#3561);
#1258=VERTEX_POINT('',#3565);
#1259=VERTEX_POINT('',#3567);
#1260=VERTEX_POINT('',#3571);
#1261=VERTEX_POINT('',#3573);
#1262=VERTEX_POINT('',#3577);
#1263=VERTEX_POINT('',#3579);
#1264=VERTEX_POINT('',#3583);
#1265=VERTEX_POINT('',#3585);
#1266=VERTEX_POINT('',#3595);
#1267=VERTEX_POINT('',#3597);
#1268=VERTEX_POINT('',#3602);
#1269=VERTEX_POINT('',#3603);
#1270=VERTEX_POINT('',#3605);
#1271=VERTEX_POINT('',#3607);
#1272=VERTEX_POINT('',#3611);
#1273=VERTEX_POINT('',#3613);
#1274=VERTEX_POINT('',#3617);
#1275=VERTEX_POINT('',#3619);
#1276=VERTEX_POINT('',#3626);
#1277=VERTEX_POINT('',#3627);
#1278=VERTEX_POINT('',#3629);
#1279=VERTEX_POINT('',#3631);
#1280=VERTEX_POINT('',#3635);
#1281=VERTEX_POINT('',#3637);
#1282=VERTEX_POINT('',#3641);
#1283=VERTEX_POINT('',#3643);
#1284=VERTEX_POINT('',#3647);
#1285=VERTEX_POINT('',#3649);
#1286=VERTEX_POINT('',#3653);
#1287=VERTEX_POINT('',#3655);
#1288=VERTEX_POINT('',#3659);
#1289=VERTEX_POINT('',#3661);
#1290=VERTEX_POINT('',#3665);
#1291=VERTEX_POINT('',#3667);
#1292=VERTEX_POINT('',#3671);
#1293=VERTEX_POINT('',#3672);
#1294=VERTEX_POINT('',#3674);
#1295=VERTEX_POINT('',#3676);
#1296=VERTEX_POINT('',#3680);
#1297=VERTEX_POINT('',#3682);
#1298=VERTEX_POINT('',#3686);
#1299=VERTEX_POINT('',#3688);
#1300=VERTEX_POINT('',#3692);
#1301=VERTEX_POINT('',#3694);
#1302=VERTEX_POINT('',#3698);
#1303=VERTEX_POINT('',#3700);
#1304=VERTEX_POINT('',#3704);
#1305=VERTEX_POINT('',#3706);
#1306=VERTEX_POINT('',#3710);
#1307=VERTEX_POINT('',#3712);
#1308=VERTEX_POINT('',#3716);
#1309=VERTEX_POINT('',#3718);
#1310=VERTEX_POINT('',#3722);
#1311=VERTEX_POINT('',#3724);
#1312=VERTEX_POINT('',#3728);
#1313=VERTEX_POINT('',#3730);
#1314=VERTEX_POINT('',#3734);
#1315=VERTEX_POINT('',#3736);
#1316=VERTEX_POINT('',#3740);
#1317=VERTEX_POINT('',#3742);
#1318=VERTEX_POINT('',#3746);
#1319=VERTEX_POINT('',#3748);
#1320=VERTEX_POINT('',#3752);
#1321=VERTEX_POINT('',#3754);
#1322=VERTEX_POINT('',#3758);
#1323=VERTEX_POINT('',#3760);
#1324=VERTEX_POINT('',#3764);
#1325=VERTEX_POINT('',#3766);
#1326=VERTEX_POINT('',#3770);
#1327=VERTEX_POINT('',#3772);
#1328=VERTEX_POINT('',#3776);
#1329=VERTEX_POINT('',#3778);
#1330=VERTEX_POINT('',#3782);
#1331=VERTEX_POINT('',#3784);
#1332=VERTEX_POINT('',#3788);
#1333=VERTEX_POINT('',#3790);
#1334=VERTEX_POINT('',#3794);
#1335=VERTEX_POINT('',#3796);
#1336=VERTEX_POINT('',#3800);
#1337=VERTEX_POINT('',#3802);
#1338=VERTEX_POINT('',#3806);
#1339=VERTEX_POINT('',#3808);
#1340=VERTEX_POINT('',#3812);
#1341=VERTEX_POINT('',#3814);
#1342=VERTEX_POINT('',#3818);
#1343=VERTEX_POINT('',#3820);
#1344=VERTEX_POINT('',#3824);
#1345=VERTEX_POINT('',#3826);
#1346=VERTEX_POINT('',#3830);
#1347=VERTEX_POINT('',#3832);
#1348=VERTEX_POINT('',#3836);
#1349=VERTEX_POINT('',#3838);
#1350=VERTEX_POINT('',#3842);
#1351=VERTEX_POINT('',#3844);
#1352=VERTEX_POINT('',#3848);
#1353=VERTEX_POINT('',#3850);
#1354=VERTEX_POINT('',#3854);
#1355=VERTEX_POINT('',#3856);
#1356=VERTEX_POINT('',#3860);
#1357=VERTEX_POINT('',#3862);
#1358=VERTEX_POINT('',#3866);
#1359=VERTEX_POINT('',#3867);
#1360=VERTEX_POINT('',#3869);
#1361=VERTEX_POINT('',#3871);
#1362=VERTEX_POINT('',#3875);
#1363=VERTEX_POINT('',#3877);
#1364=VERTEX_POINT('',#3881);
#1365=VERTEX_POINT('',#3883);
#1366=VERTEX_POINT('',#3887);
#1367=VERTEX_POINT('',#3888);
#1368=VERTEX_POINT('',#3890);
#1369=VERTEX_POINT('',#3892);
#1370=VERTEX_POINT('',#3896);
#1371=VERTEX_POINT('',#3898);
#1372=VERTEX_POINT('',#3902);
#1373=VERTEX_POINT('',#3904);
#1374=VERTEX_POINT('',#3908);
#1375=VERTEX_POINT('',#3910);
#1376=VERTEX_POINT('',#3914);
#1377=VERTEX_POINT('',#3916);
#1378=VERTEX_POINT('',#3920);
#1379=VERTEX_POINT('',#3922);
#1380=VERTEX_POINT('',#3926);
#1381=VERTEX_POINT('',#3928);
#1382=VERTEX_POINT('',#3932);
#1383=VERTEX_POINT('',#3934);
#1384=VERTEX_POINT('',#3938);
#1385=VERTEX_POINT('',#3940);
#1386=VERTEX_POINT('',#3944);
#1387=VERTEX_POINT('',#3946);
#1388=VERTEX_POINT('',#3950);
#1389=VERTEX_POINT('',#3952);
#1390=VERTEX_POINT('',#3956);
#1391=VERTEX_POINT('',#3958);
#1392=VERTEX_POINT('',#3962);
#1393=VERTEX_POINT('',#3964);
#1394=VERTEX_POINT('',#3968);
#1395=VERTEX_POINT('',#3970);
#1396=VERTEX_POINT('',#3974);
#1397=VERTEX_POINT('',#3976);
#1398=VERTEX_POINT('',#3980);
#1399=VERTEX_POINT('',#3982);
#1400=VERTEX_POINT('',#3986);
#1401=VERTEX_POINT('',#3988);
#1402=VERTEX_POINT('',#3992);
#1403=VERTEX_POINT('',#3994);
#1404=VERTEX_POINT('',#3998);
#1405=VERTEX_POINT('',#4000);
#1406=VERTEX_POINT('',#4004);
#1407=VERTEX_POINT('',#4006);
#1408=VERTEX_POINT('',#4010);
#1409=VERTEX_POINT('',#4012);
#1410=VERTEX_POINT('',#4016);
#1411=VERTEX_POINT('',#4018);
#1412=VERTEX_POINT('',#4022);
#1413=VERTEX_POINT('',#4024);
#1414=VERTEX_POINT('',#4028);
#1415=VERTEX_POINT('',#4029);
#1416=VERTEX_POINT('',#4031);
#1417=VERTEX_POINT('',#4033);
#1418=VERTEX_POINT('',#4037);
#1419=VERTEX_POINT('',#4039);
#1420=VERTEX_POINT('',#4043);
#1421=VERTEX_POINT('',#4045);
#1422=VERTEX_POINT('',#4049);
#1423=VERTEX_POINT('',#4051);
#1424=VERTEX_POINT('',#4055);
#1425=VERTEX_POINT('',#4057);
#1426=VERTEX_POINT('',#4061);
#1427=VERTEX_POINT('',#4063);
#1428=VERTEX_POINT('',#4067);
#1429=VERTEX_POINT('',#4069);
#1430=VERTEX_POINT('',#4073);
#1431=VERTEX_POINT('',#4075);
#1432=VERTEX_POINT('',#4079);
#1433=VERTEX_POINT('',#4081);
#1434=VERTEX_POINT('',#4085);
#1435=VERTEX_POINT('',#4087);
#1436=VERTEX_POINT('',#4091);
#1437=VERTEX_POINT('',#4093);
#1438=VERTEX_POINT('',#4115);
#1439=VERTEX_POINT('',#4116);
#1440=VERTEX_POINT('',#4118);
#1441=VERTEX_POINT('',#4120);
#1442=VERTEX_POINT('',#4124);
#1443=VERTEX_POINT('',#4126);
#1444=VERTEX_POINT('',#4130);
#1445=VERTEX_POINT('',#4132);
#1446=VERTEX_POINT('',#4136);
#1447=VERTEX_POINT('',#4138);
#1448=VERTEX_POINT('',#4142);
#1449=VERTEX_POINT('',#4144);
#1450=VERTEX_POINT('',#4148);
#1451=VERTEX_POINT('',#4150);
#1452=VERTEX_POINT('',#4154);
#1453=VERTEX_POINT('',#4156);
#1454=VERTEX_POINT('',#4160);
#1455=VERTEX_POINT('',#4162);
#1456=VERTEX_POINT('',#4166);
#1457=VERTEX_POINT('',#4168);
#1458=VERTEX_POINT('',#4187);
#1459=VERTEX_POINT('',#4189);
#1460=VERTEX_POINT('',#4193);
#1461=VERTEX_POINT('',#4197);
#1462=VERTEX_POINT('',#4204);
#1463=VERTEX_POINT('',#4206);
#1464=VERTEX_POINT('',#4210);
#1465=VERTEX_POINT('',#4214);
#1466=LINE('',#3482,#1747);
#1467=LINE('',#3485,#1748);
#1468=LINE('',#3487,#1749);
#1469=LINE('',#3489,#1750);
#1470=LINE('',#3490,#1751);
#1471=LINE('',#3493,#1752);
#1472=LINE('',#3495,#1753);
#1473=LINE('',#3497,#1754);
#1474=LINE('',#3499,#1755);
#1475=LINE('',#3501,#1756);
#1476=LINE('',#3503,#1757);
#1477=LINE('',#3505,#1758);
#1478=LINE('',#3507,#1759);
#1479=LINE('',#3509,#1760);
#1480=LINE('',#3510,#1761);
#1481=LINE('',#3513,#1762);
#1482=LINE('',#3515,#1763);
#1483=LINE('',#3517,#1764);
#1484=LINE('',#3519,#1765);
#1485=LINE('',#3521,#1766);
#1486=LINE('',#3523,#1767);
#1487=LINE('',#3525,#1768);
#1488=LINE('',#3528,#1769);
#1489=LINE('',#3529,#1770);
#1490=LINE('',#3531,#1771);
#1491=LINE('',#3533,#1772);
#1492=LINE('',#3535,#1773);
#1493=LINE('',#3537,#1774);
#1494=LINE('',#3540,#1775);
#1495=LINE('',#3541,#1776);
#1496=LINE('',#3543,#1777);
#1497=LINE('',#3546,#1778);
#1498=LINE('',#3548,#1779);
#1499=LINE('',#3550,#1780);
#1500=LINE('',#3552,#1781);
#1501=LINE('',#3554,#1782);
#1502=LINE('',#3556,#1783);
#1503=LINE('',#3558,#1784);
#1504=LINE('',#3560,#1785);
#1505=LINE('',#3562,#1786);
#1506=LINE('',#3564,#1787);
#1507=LINE('',#3566,#1788);
#1508=LINE('',#3568,#1789);
#1509=LINE('',#3570,#1790);
#1510=LINE('',#3572,#1791);
#1511=LINE('',#3574,#1792);
#1512=LINE('',#3576,#1793);
#1513=LINE('',#3578,#1794);
#1514=LINE('',#3580,#1795);
#1515=LINE('',#3582,#1796);
#1516=LINE('',#3584,#1797);
#1517=LINE('',#3586,#1798);
#1518=LINE('',#3588,#1799);
#1519=LINE('',#3589,#1800);
#1520=LINE('',#3591,#1801);
#1521=LINE('',#3593,#1802);
#1522=LINE('',#3594,#1803);
#1523=LINE('',#3596,#1804);
#1524=LINE('',#3598,#1805);
#1525=LINE('',#3599,#1806);
#1526=LINE('',#3601,#1807);
#1527=LINE('',#3604,#1808);
#1528=LINE('',#3606,#1809);
#1529=LINE('',#3608,#1810);
#1530=LINE('',#3610,#1811);
#1531=LINE('',#3612,#1812);
#1532=LINE('',#3614,#1813);
#1533=LINE('',#3616,#1814);
#1534=LINE('',#3618,#1815);
#1535=LINE('',#3620,#1816);
#1536=LINE('',#3622,#1817);
#1537=LINE('',#3623,#1818);
#1538=LINE('',#3625,#1819);
#1539=LINE('',#3628,#1820);
#1540=LINE('',#3630,#1821);
#1541=LINE('',#3632,#1822);
#1542=LINE('',#3634,#1823);
#1543=LINE('',#3636,#1824);
#1544=LINE('',#3638,#1825);
#1545=LINE('',#3640,#1826);
#1546=LINE('',#3642,#1827);
#1547=LINE('',#3644,#1828);
#1548=LINE('',#3646,#1829);
#1549=LINE('',#3648,#1830);
#1550=LINE('',#3650,#1831);
#1551=LINE('',#3652,#1832);
#1552=LINE('',#3654,#1833);
#1553=LINE('',#3656,#1834);
#1554=LINE('',#3658,#1835);
#1555=LINE('',#3660,#1836);
#1556=LINE('',#3662,#1837);
#1557=LINE('',#3664,#1838);
#1558=LINE('',#3666,#1839);
#1559=LINE('',#3668,#1840);
#1560=LINE('',#3670,#1841);
#1561=LINE('',#3673,#1842);
#1562=LINE('',#3675,#1843);
#1563=LINE('',#3677,#1844);
#1564=LINE('',#3681,#1845);
#1565=LINE('',#3687,#1846);
#1566=LINE('',#3693,#1847);
#1567=LINE('',#3697,#1848);
#1568=LINE('',#3699,#1849);
#1569=LINE('',#3701,#1850);
#1570=LINE('',#3703,#1851);
#1571=LINE('',#3705,#1852);
#1572=LINE('',#3707,#1853);
#1573=LINE('',#3709,#1854);
#1574=LINE('',#3711,#1855);
#1575=LINE('',#3713,#1856);
#1576=LINE('',#3717,#1857);
#1577=LINE('',#3723,#1858);
#1578=LINE('',#3727,#1859);
#1579=LINE('',#3729,#1860);
#1580=LINE('',#3731,#1861);
#1581=LINE('',#3735,#1862);
#1582=LINE('',#3741,#1863);
#1583=LINE('',#3745,#1864);
#1584=LINE('',#3747,#1865);
#1585=LINE('',#3749,#1866);
#1586=LINE('',#3753,#1867);
#1587=LINE('',#3759,#1868);
#1588=LINE('',#3763,#1869);
#1589=LINE('',#3765,#1870);
#1590=LINE('',#3767,#1871);
#1591=LINE('',#3769,#1872);
#1592=LINE('',#3771,#1873);
#1593=LINE('',#3773,#1874);
#1594=LINE('',#3775,#1875);
#1595=LINE('',#3777,#1876);
#1596=LINE('',#3779,#1877);
#1597=LINE('',#3781,#1878);
#1598=LINE('',#3783,#1879);
#1599=LINE('',#3785,#1880);
#1600=LINE('',#3787,#1881);
#1601=LINE('',#3789,#1882);
#1602=LINE('',#3791,#1883);
#1603=LINE('',#3795,#1884);
#1604=LINE('',#3801,#1885);
#1605=LINE('',#3805,#1886);
#1606=LINE('',#3807,#1887);
#1607=LINE('',#3809,#1888);
#1608=LINE('',#3813,#1889);
#1609=LINE('',#3819,#1890);
#1610=LINE('',#3823,#1891);
#1611=LINE('',#3825,#1892);
#1612=LINE('',#3827,#1893);
#1613=LINE('',#3831,#1894);
#1614=LINE('',#3837,#1895);
#1615=LINE('',#3843,#1896);
#1616=LINE('',#3847,#1897);
#1617=LINE('',#3849,#1898);
#1618=LINE('',#3851,#1899);
#1619=LINE('',#3855,#1900);
#1620=LINE('',#3861,#1901);
#1621=LINE('',#3865,#1902);
#1622=LINE('',#3868,#1903);
#1623=LINE('',#3870,#1904);
#1624=LINE('',#3872,#1905);
#1625=LINE('',#3874,#1906);
#1626=LINE('',#3876,#1907);
#1627=LINE('',#3878,#1908);
#1628=LINE('',#3880,#1909);
#1629=LINE('',#3882,#1910);
#1630=LINE('',#3884,#1911);
#1631=LINE('',#3886,#1912);
#1632=LINE('',#3889,#1913);
#1633=LINE('',#3891,#1914);
#1634=LINE('',#3893,#1915);
#1635=LINE('',#3897,#1916);
#1636=LINE('',#3903,#1917);
#1637=LINE('',#3909,#1918);
#1638=LINE('',#3913,#1919);
#1639=LINE('',#3915,#1920);
#1640=LINE('',#3917,#1921);
#1641=LINE('',#3921,#1922);
#1642=LINE('',#3927,#1923);
#1643=LINE('',#3933,#1924);
#1644=LINE('',#3937,#1925);
#1645=LINE('',#3939,#1926);
#1646=LINE('',#3941,#1927);
#1647=LINE('',#3943,#1928);
#1648=LINE('',#3945,#1929);
#1649=LINE('',#3947,#1930);
#1650=LINE('',#3949,#1931);
#1651=LINE('',#3951,#1932);
#1652=LINE('',#3953,#1933);
#1653=LINE('',#3957,#1934);
#1654=LINE('',#3963,#1935);
#1655=LINE('',#3967,#1936);
#1656=LINE('',#3969,#1937);
#1657=LINE('',#3971,#1938);
#1658=LINE('',#3975,#1939);
#1659=LINE('',#3981,#1940);
#1660=LINE('',#3985,#1941);
#1661=LINE('',#3987,#1942);
#1662=LINE('',#3989,#1943);
#1663=LINE('',#3993,#1944);
#1664=LINE('',#3999,#1945);
#1665=LINE('',#4005,#1946);
#1666=LINE('',#4009,#1947);
#1667=LINE('',#4011,#1948);
#1668=LINE('',#4013,#1949);
#1669=LINE('',#4017,#1950);
#1670=LINE('',#4023,#1951);
#1671=LINE('',#4027,#1952);
#1672=LINE('',#4030,#1953);
#1673=LINE('',#4032,#1954);
#1674=LINE('',#4034,#1955);
#1675=LINE('',#4036,#1956);
#1676=LINE('',#4038,#1957);
#1677=LINE('',#4040,#1958);
#1678=LINE('',#4042,#1959);
#1679=LINE('',#4044,#1960);
#1680=LINE('',#4046,#1961);
#1681=LINE('',#4048,#1962);
#1682=LINE('',#4050,#1963);
#1683=LINE('',#4052,#1964);
#1684=LINE('',#4054,#1965);
#1685=LINE('',#4056,#1966);
#1686=LINE('',#4058,#1967);
#1687=LINE('',#4060,#1968);
#1688=LINE('',#4062,#1969);
#1689=LINE('',#4064,#1970);
#1690=LINE('',#4066,#1971);
#1691=LINE('',#4068,#1972);
#1692=LINE('',#4070,#1973);
#1693=LINE('',#4072,#1974);
#1694=LINE('',#4074,#1975);
#1695=LINE('',#4076,#1976);
#1696=LINE('',#4078,#1977);
#1697=LINE('',#4080,#1978);
#1698=LINE('',#4082,#1979);
#1699=LINE('',#4084,#1980);
#1700=LINE('',#4086,#1981);
#1701=LINE('',#4088,#1982);
#1702=LINE('',#4090,#1983);
#1703=LINE('',#4092,#1984);
#1704=LINE('',#4094,#1985);
#1705=LINE('',#4099,#1986);
#1706=LINE('',#4100,#1987);
#1707=LINE('',#4105,#1988);
#1708=LINE('',#4106,#1989);
#1709=LINE('',#4108,#1990);
#1710=LINE('',#4109,#1991);
#1711=LINE('',#4117,#1992);
#1712=LINE('',#4121,#1993);
#1713=LINE('',#4123,#1994);
#1714=LINE('',#4125,#1995);
#1715=LINE('',#4127,#1996);
#1716=LINE('',#4131,#1997);
#1717=LINE('',#4137,#1998);
#1718=LINE('',#4141,#1999);
#1719=LINE('',#4143,#2000);
#1720=LINE('',#4145,#2001);
#1721=LINE('',#4149,#2002);
#1722=LINE('',#4155,#2003);
#1723=LINE('',#4159,#2004);
#1724=LINE('',#4161,#2005);
#1725=LINE('',#4163,#2006);
#1726=LINE('',#4165,#2007);
#1727=LINE('',#4167,#2008);
#1728=LINE('',#4169,#2009);
#1729=LINE('',#4179,#2010);
#1730=LINE('',#4180,#2011);
#1731=LINE('',#4186,#2012);
#1732=LINE('',#4188,#2013);
#1733=LINE('',#4190,#2014);
#1734=LINE('',#4192,#2015);
#1735=LINE('',#4194,#2016);
#1736=LINE('',#4196,#2017);
#1737=LINE('',#4198,#2018);
#1738=LINE('',#4200,#2019);
#1739=LINE('',#4203,#2020);
#1740=LINE('',#4205,#2021);
#1741=LINE('',#4207,#2022);
#1742=LINE('',#4209,#2023);
#1743=LINE('',#4211,#2024);
#1744=LINE('',#4213,#2025);
#1745=LINE('',#4215,#2026);
#1746=LINE('',#4217,#2027);
#1747=VECTOR('',#2771,1.);
#1748=VECTOR('',#2772,1.);
#1749=VECTOR('',#2773,1.);
#1750=VECTOR('',#2774,1.);
#1751=VECTOR('',#2775,1.);
#1752=VECTOR('',#2776,1.);
#1753=VECTOR('',#2777,1.);
#1754=VECTOR('',#2778,1.);
#1755=VECTOR('',#2779,1.);
#1756=VECTOR('',#2780,1.);
#1757=VECTOR('',#2781,1.);
#1758=VECTOR('',#2782,1.);
#1759=VECTOR('',#2783,1.);
#1760=VECTOR('',#2784,1.);
#1761=VECTOR('',#2785,1.);
#1762=VECTOR('',#2786,1.);
#1763=VECTOR('',#2787,1.);
#1764=VECTOR('',#2788,1.);
#1765=VECTOR('',#2791,1.);
#1766=VECTOR('',#2792,1.);
#1767=VECTOR('',#2793,1.);
#1768=VECTOR('',#2796,1.);
#1769=VECTOR('',#2797,1.);
#1770=VECTOR('',#2798,1.);
#1771=VECTOR('',#2801,1.);
#1772=VECTOR('',#2802,1.);
#1773=VECTOR('',#2803,1.);
#1774=VECTOR('',#2806,1.);
#1775=VECTOR('',#2807,1.);
#1776=VECTOR('',#2808,1.);
#1777=VECTOR('',#2811,1.);
#1778=VECTOR('',#2812,1.);
#1779=VECTOR('',#2813,1.);
#1780=VECTOR('',#2814,1.);
#1781=VECTOR('',#2817,1.);
#1782=VECTOR('',#2818,1.);
#1783=VECTOR('',#2819,1.);
#1784=VECTOR('',#2822,1.);
#1785=VECTOR('',#2823,1.);
#1786=VECTOR('',#2824,1.);
#1787=VECTOR('',#2827,1.);
#1788=VECTOR('',#2828,1.);
#1789=VECTOR('',#2829,1.);
#1790=VECTOR('',#2832,1.);
#1791=VECTOR('',#2833,1.);
#1792=VECTOR('',#2834,1.);
#1793=VECTOR('',#2837,1.);
#1794=VECTOR('',#2838,1.);
#1795=VECTOR('',#2839,1.);
#1796=VECTOR('',#2842,1.);
#1797=VECTOR('',#2843,1.);
#1798=VECTOR('',#2844,1.);
#1799=VECTOR('',#2847,1.);
#1800=VECTOR('',#2848,1.);
#1801=VECTOR('',#2851,1.);
#1802=VECTOR('',#2854,1.);
#1803=VECTOR('',#2855,1.);
#1804=VECTOR('',#2856,1.);
#1805=VECTOR('',#2857,1.);
#1806=VECTOR('',#2858,1.);
#1807=VECTOR('',#2861,1.);
#1808=VECTOR('',#2862,1.);
#1809=VECTOR('',#2863,1.);
#1810=VECTOR('',#2864,1.);
#1811=VECTOR('',#2867,1.);
#1812=VECTOR('',#2868,1.);
#1813=VECTOR('',#2869,1.);
#1814=VECTOR('',#2872,1.);
#1815=VECTOR('',#2873,1.);
#1816=VECTOR('',#2874,1.);
#1817=VECTOR('',#2877,1.);
#1818=VECTOR('',#2878,1.);
#1819=VECTOR('',#2881,1.);
#1820=VECTOR('',#2882,1.);
#1821=VECTOR('',#2883,1.);
#1822=VECTOR('',#2884,1.);
#1823=VECTOR('',#2887,1.);
#1824=VECTOR('',#2888,1.);
#1825=VECTOR('',#2889,1.);
#1826=VECTOR('',#2892,1.);
#1827=VECTOR('',#2893,1.);
#1828=VECTOR('',#2894,1.);
#1829=VECTOR('',#2897,1.);
#1830=VECTOR('',#2898,1.);
#1831=VECTOR('',#2899,1.);
#1832=VECTOR('',#2902,1.);
#1833=VECTOR('',#2903,1.);
#1834=VECTOR('',#2904,1.);
#1835=VECTOR('',#2907,1.);
#1836=VECTOR('',#2908,1.);
#1837=VECTOR('',#2909,1.);
#1838=VECTOR('',#2912,1.);
#1839=VECTOR('',#2913,1.);
#1840=VECTOR('',#2914,1.);
#1841=VECTOR('',#2917,1.);
#1842=VECTOR('',#2918,1.);
#1843=VECTOR('',#2919,1.);
#1844=VECTOR('',#2920,1.);
#1845=VECTOR('',#2925,1.);
#1846=VECTOR('',#2932,1.);
#1847=VECTOR('',#2939,1.);
#1848=VECTOR('',#2944,1.);
#1849=VECTOR('',#2945,1.);
#1850=VECTOR('',#2946,1.);
#1851=VECTOR('',#2949,1.);
#1852=VECTOR('',#2950,1.);
#1853=VECTOR('',#2951,1.);
#1854=VECTOR('',#2954,1.);
#1855=VECTOR('',#2955,1.);
#1856=VECTOR('',#2956,1.);
#1857=VECTOR('',#2961,1.);
#1858=VECTOR('',#2968,1.);
#1859=VECTOR('',#2973,1.);
#1860=VECTOR('',#2974,1.);
#1861=VECTOR('',#2975,1.);
#1862=VECTOR('',#2980,1.);
#1863=VECTOR('',#2987,1.);
#1864=VECTOR('',#2992,1.);
#1865=VECTOR('',#2993,1.);
#1866=VECTOR('',#2994,1.);
#1867=VECTOR('',#2999,1.);
#1868=VECTOR('',#3006,1.);
#1869=VECTOR('',#3011,1.);
#1870=VECTOR('',#3012,1.);
#1871=VECTOR('',#3013,1.);
#1872=VECTOR('',#3016,1.);
#1873=VECTOR('',#3017,1.);
#1874=VECTOR('',#3018,1.);
#1875=VECTOR('',#3021,1.);
#1876=VECTOR('',#3022,1.);
#1877=VECTOR('',#3023,1.);
#1878=VECTOR('',#3026,1.);
#1879=VECTOR('',#3027,1.);
#1880=VECTOR('',#3028,1.);
#1881=VECTOR('',#3031,1.);
#1882=VECTOR('',#3032,1.);
#1883=VECTOR('',#3033,1.);
#1884=VECTOR('',#3038,1.);
#1885=VECTOR('',#3045,1.);
#1886=VECTOR('',#3050,1.);
#1887=VECTOR('',#3051,1.);
#1888=VECTOR('',#3052,1.);
#1889=VECTOR('',#3057,1.);
#1890=VECTOR('',#3064,1.);
#1891=VECTOR('',#3069,1.);
#1892=VECTOR('',#3070,1.);
#1893=VECTOR('',#3071,1.);
#1894=VECTOR('',#3076,1.);
#1895=VECTOR('',#3083,1.);
#1896=VECTOR('',#3090,1.);
#1897=VECTOR('',#3095,1.);
#1898=VECTOR('',#3096,1.);
#1899=VECTOR('',#3097,1.);
#1900=VECTOR('',#3102,1.);
#1901=VECTOR('',#3109,1.);
#1902=VECTOR('',#3114,1.);
#1903=VECTOR('',#3115,1.);
#1904=VECTOR('',#3116,1.);
#1905=VECTOR('',#3117,1.);
#1906=VECTOR('',#3120,1.);
#1907=VECTOR('',#3121,1.);
#1908=VECTOR('',#3122,1.);
#1909=VECTOR('',#3125,1.);
#1910=VECTOR('',#3126,1.);
#1911=VECTOR('',#3127,1.);
#1912=VECTOR('',#3130,1.);
#1913=VECTOR('',#3131,1.);
#1914=VECTOR('',#3132,1.);
#1915=VECTOR('',#3133,1.);
#1916=VECTOR('',#3138,1.);
#1917=VECTOR('',#3145,1.);
#1918=VECTOR('',#3152,1.);
#1919=VECTOR('',#3157,1.);
#1920=VECTOR('',#3158,1.);
#1921=VECTOR('',#3159,1.);
#1922=VECTOR('',#3164,1.);
#1923=VECTOR('',#3171,1.);
#1924=VECTOR('',#3178,1.);
#1925=VECTOR('',#3183,1.);
#1926=VECTOR('',#3184,1.);
#1927=VECTOR('',#3185,1.);
#1928=VECTOR('',#3188,1.);
#1929=VECTOR('',#3189,1.);
#1930=VECTOR('',#3190,1.);
#1931=VECTOR('',#3193,1.);
#1932=VECTOR('',#3194,1.);
#1933=VECTOR('',#3195,1.);
#1934=VECTOR('',#3200,1.);
#1935=VECTOR('',#3207,1.);
#1936=VECTOR('',#3212,1.);
#1937=VECTOR('',#3213,1.);
#1938=VECTOR('',#3214,1.);
#1939=VECTOR('',#3219,1.);
#1940=VECTOR('',#3226,1.);
#1941=VECTOR('',#3231,1.);
#1942=VECTOR('',#3232,1.);
#1943=VECTOR('',#3233,1.);
#1944=VECTOR('',#3238,1.);
#1945=VECTOR('',#3245,1.);
#1946=VECTOR('',#3252,1.);
#1947=VECTOR('',#3257,1.);
#1948=VECTOR('',#3258,1.);
#1949=VECTOR('',#3259,1.);
#1950=VECTOR('',#3264,1.);
#1951=VECTOR('',#3271,1.);
#1952=VECTOR('',#3276,1.);
#1953=VECTOR('',#3277,1.);
#1954=VECTOR('',#3278,1.);
#1955=VECTOR('',#3279,1.);
#1956=VECTOR('',#3282,1.);
#1957=VECTOR('',#3283,1.);
#1958=VECTOR('',#3284,1.);
#1959=VECTOR('',#3287,1.);
#1960=VECTOR('',#3288,1.);
#1961=VECTOR('',#3289,1.);
#1962=VECTOR('',#3292,1.);
#1963=VECTOR('',#3293,1.);
#1964=VECTOR('',#3294,1.);
#1965=VECTOR('',#3297,1.);
#1966=VECTOR('',#3298,1.);
#1967=VECTOR('',#3299,1.);
#1968=VECTOR('',#3302,1.);
#1969=VECTOR('',#3303,1.);
#1970=VECTOR('',#3304,1.);
#1971=VECTOR('',#3307,1.);
#1972=VECTOR('',#3308,1.);
#1973=VECTOR('',#3309,1.);
#1974=VECTOR('',#3312,1.);
#1975=VECTOR('',#3313,1.);
#1976=VECTOR('',#3314,1.);
#1977=VECTOR('',#3317,1.);
#1978=VECTOR('',#3318,1.);
#1979=VECTOR('',#3319,1.);
#1980=VECTOR('',#3322,1.);
#1981=VECTOR('',#3323,1.);
#1982=VECTOR('',#3324,1.);
#1983=VECTOR('',#3327,1.);
#1984=VECTOR('',#3328,1.);
#1985=VECTOR('',#3329,1.);
#1986=VECTOR('',#3338,1.);
#1987=VECTOR('',#3339,1.);
#1988=VECTOR('',#3348,1.);
#1989=VECTOR('',#3349,1.);
#1990=VECTOR('',#3352,1.);
#1991=VECTOR('',#3353,1.);
#1992=VECTOR('',#3364,1.);
#1993=VECTOR('',#3367,1.);
#1994=VECTOR('',#3370,1.);
#1995=VECTOR('',#3371,1.);
#1996=VECTOR('',#3372,1.);
#1997=VECTOR('',#3377,1.);
#1998=VECTOR('',#3384,1.);
#1999=VECTOR('',#3389,1.);
#2000=VECTOR('',#3390,1.);
#2001=VECTOR('',#3391,1.);
#2002=VECTOR('',#3396,1.);
#2003=VECTOR('',#3403,1.);
#2004=VECTOR('',#3408,1.);
#2005=VECTOR('',#3409,1.);
#2006=VECTOR('',#3410,1.);
#2007=VECTOR('',#3413,1.);
#2008=VECTOR('',#3414,1.);
#2009=VECTOR('',#3415,1.);
#2010=VECTOR('',#3434,1.);
#2011=VECTOR('',#3435,1.);
#2012=VECTOR('',#3446,1.);
#2013=VECTOR('',#3447,1.);
#2014=VECTOR('',#3448,1.);
#2015=VECTOR('',#3451,1.);
#2016=VECTOR('',#3452,1.);
#2017=VECTOR('',#3455,1.);
#2018=VECTOR('',#3456,1.);
#2019=VECTOR('',#3459,1.);
#2020=VECTOR('',#3464,1.);
#2021=VECTOR('',#3465,1.);
#2022=VECTOR('',#3466,1.);
#2023=VECTOR('',#3469,1.);
#2024=VECTOR('',#3470,1.);
#2025=VECTOR('',#3473,1.);
#2026=VECTOR('',#3474,1.);
#2027=VECTOR('',#3477,1.);
#2028=EDGE_LOOP('',(#135,#136,#137,#138));
#2029=EDGE_LOOP('',(#139,#140,#141,#142,#143,#144,#145,#146,#147,#148));
#2030=EDGE_LOOP('',(#149,#150,#151,#152));
#2031=EDGE_LOOP('',(#153,#154,#155,#156));
#2032=EDGE_LOOP('',(#157,#158,#159,#160));
#2033=EDGE_LOOP('',(#161,#162,#163,#164));
#2034=EDGE_LOOP('',(#165,#166,#167,#168));
#2035=EDGE_LOOP('',(#169,#170,#171,#172));
#2036=EDGE_LOOP('',(#173,#174,#175,#176));
#2037=EDGE_LOOP('',(#177,#178,#179,#180));
#2038=EDGE_LOOP('',(#181,#182,#183,#184));
#2039=EDGE_LOOP('',(#185,#186,#187,#188));
#2040=EDGE_LOOP('',(#189,#190,#191,#192));
#2041=EDGE_LOOP('',(#193,#194,#195,#196));
#2042=EDGE_LOOP('',(#197,#198,#199,#200));
#2043=EDGE_LOOP('',(#201,#202,#203,#204));
#2044=EDGE_LOOP('',(#205,#206,#207,#208,#209,#210,#211,#212,#213,#214));
#2045=EDGE_LOOP('',(#215,#216,#217,#218,#219,#220,#221,#222));
#2046=EDGE_LOOP('',(#223,#224,#225,#226));
#2047=EDGE_LOOP('',(#227,#228,#229,#230));
#2048=EDGE_LOOP('',(#231,#232,#233,#234));
#2049=EDGE_LOOP('',(#235,#236,#237,#238));
#2050=EDGE_LOOP('',(#239,#240,#241,#242));
#2051=EDGE_LOOP('',(#243,#244,#245,#246));
#2052=EDGE_LOOP('',(#247,#248,#249,#250));
#2053=EDGE_LOOP('',(#251,#252,#253,#254));
#2054=EDGE_LOOP('',(#255,#256,#257,#258));
#2055=EDGE_LOOP('',(#259,#260,#261,#262));
#2056=EDGE_LOOP('',(#263,#264,#265,#266));
#2057=EDGE_LOOP('',(#267,#268,#269,#270));
#2058=EDGE_LOOP('',(#271,#272,#273,#274));
#2059=EDGE_LOOP('',(#275,#276,#277,#278));
#2060=EDGE_LOOP('',(#279,#280,#281,#282));
#2061=EDGE_LOOP('',(#283,#284,#285,#286));
#2062=EDGE_LOOP('',(#287,#288,#289,#290));
#2063=EDGE_LOOP('',(#291,#292,#293,#294));
#2064=EDGE_LOOP('',(#295,#296,#297,#298));
#2065=EDGE_LOOP('',(#299,#300,#301,#302));
#2066=EDGE_LOOP('',(#303,#304,#305,#306));
#2067=EDGE_LOOP('',(#307,#308,#309,#310));
#2068=EDGE_LOOP('',(#311,#312,#313,#314));
#2069=EDGE_LOOP('',(#315,#316,#317,#318));
#2070=EDGE_LOOP('',(#319,#320,#321,#322));
#2071=EDGE_LOOP('',(#323,#324,#325,#326));
#2072=EDGE_LOOP('',(#327,#328,#329,#330));
#2073=EDGE_LOOP('',(#331,#332,#333,#334));
#2074=EDGE_LOOP('',(#335,#336,#337,#338));
#2075=EDGE_LOOP('',(#339,#340,#341,#342));
#2076=EDGE_LOOP('',(#343,#344,#345,#346));
#2077=EDGE_LOOP('',(#347,#348,#349,#350));
#2078=EDGE_LOOP('',(#351,#352,#353,#354));
#2079=EDGE_LOOP('',(#355,#356,#357,#358));
#2080=EDGE_LOOP('',(#359,#360,#361,#362));
#2081=EDGE_LOOP('',(#363,#364,#365,#366));
#2082=EDGE_LOOP('',(#367,#368,#369,#370));
#2083=EDGE_LOOP('',(#371,#372,#373,#374));
#2084=EDGE_LOOP('',(#375,#376,#377,#378));
#2085=EDGE_LOOP('',(#379,#380,#381,#382));
#2086=EDGE_LOOP('',(#383,#384,#385,#386));
#2087=EDGE_LOOP('',(#387,#388,#389,#390));
#2088=EDGE_LOOP('',(#391,#392,#393,#394));
#2089=EDGE_LOOP('',(#395,#396,#397,#398));
#2090=EDGE_LOOP('',(#399,#400,#401,#402));
#2091=EDGE_LOOP('',(#403,#404,#405,#406));
#2092=EDGE_LOOP('',(#407,#408,#409,#410));
#2093=EDGE_LOOP('',(#411,#412,#413,#414));
#2094=EDGE_LOOP('',(#415,#416,#417,#418));
#2095=EDGE_LOOP('',(#419,#420,#421,#422));
#2096=EDGE_LOOP('',(#423,#424,#425,#426));
#2097=EDGE_LOOP('',(#427,#428,#429,#430));
#2098=EDGE_LOOP('',(#431,#432,#433,#434));
#2099=EDGE_LOOP('',(#435,#436,#437,#438));
#2100=EDGE_LOOP('',(#439,#440,#441,#442));
#2101=EDGE_LOOP('',(#443,#444,#445,#446));
#2102=EDGE_LOOP('',(#447,#448,#449,#450));
#2103=EDGE_LOOP('',(#451,#452,#453,#454));
#2104=EDGE_LOOP('',(#455,#456,#457,#458));
#2105=EDGE_LOOP('',(#459,#460,#461,#462));
#2106=EDGE_LOOP('',(#463,#464,#465,#466));
#2107=EDGE_LOOP('',(#467,#468,#469,#470));
#2108=EDGE_LOOP('',(#471,#472,#473,#474));
#2109=EDGE_LOOP('',(#475,#476,#477,#478));
#2110=EDGE_LOOP('',(#479,#480,#481,#482));
#2111=EDGE_LOOP('',(#483,#484,#485,#486));
#2112=EDGE_LOOP('',(#487,#488,#489,#490));
#2113=EDGE_LOOP('',(#491,#492,#493,#494));
#2114=EDGE_LOOP('',(#495,#496,#497,#498));
#2115=EDGE_LOOP('',(#499,#500,#501,#502));
#2116=EDGE_LOOP('',(#503,#504,#505,#506));
#2117=EDGE_LOOP('',(#507,#508,#509,#510));
#2118=EDGE_LOOP('',(#511,#512,#513,#514));
#2119=EDGE_LOOP('',(#515,#516,#517,#518));
#2120=EDGE_LOOP('',(#519,#520,#521,#522));
#2121=EDGE_LOOP('',(#523,#524,#525,#526));
#2122=EDGE_LOOP('',(#527,#528,#529,#530));
#2123=EDGE_LOOP('',(#531,#532,#533,#534));
#2124=EDGE_LOOP('',(#535,#536,#537,#538));
#2125=EDGE_LOOP('',(#539,#540,#541,#542));
#2126=EDGE_LOOP('',(#543,#544,#545,#546));
#2127=EDGE_LOOP('',(#547,#548,#549,#550));
#2128=EDGE_LOOP('',(#551,#552,#553,#554));
#2129=EDGE_LOOP('',(#555,#556,#557,#558));
#2130=EDGE_LOOP('',(#559,#560,#561,#562));
#2131=EDGE_LOOP('',(#563,#564,#565,#566,#567,#568,#569,#570,#571,#572,#573,
#574));
#2132=EDGE_LOOP('',(#575,#576,#577,#578,#579,#580,#581,#582,#583,#584,#585,
#586,#587,#588,#589,#590,#591,#592,#593,#594,#595,#596,#597,#598));
#2133=EDGE_LOOP('',(#599,#600,#601,#602));
#2134=EDGE_LOOP('',(#603,#604,#605,#606));
#2135=EDGE_LOOP('',(#607,#608,#609,#610,#611,#612,#613,#614,#615,#616,#617,
#618,#619,#620,#621,#622,#623,#624,#625,#626,#627,#628,#629,#630,#631,#632,
#633,#634,#635,#636,#637,#638,#639));
#2136=EDGE_LOOP('',(#640,#641,#642,#643,#644,#645,#646,#647));
#2137=EDGE_LOOP('',(#648,#649,#650,#651));
#2138=EDGE_LOOP('',(#652,#653,#654,#655,#656,#657,#658,#659,#660,#661,#662,
#663));
#2139=EDGE_LOOP('',(#664,#665,#666,#667));
#2140=EDGE_LOOP('',(#668,#669,#670,#671));
#2141=EDGE_LOOP('',(#672,#673,#674,#675));
#2142=EDGE_LOOP('',(#676,#677,#678,#679));
#2143=EDGE_LOOP('',(#680,#681,#682,#683));
#2144=EDGE_LOOP('',(#684,#685,#686,#687));
#2145=EDGE_LOOP('',(#688,#689,#690,#691));
#2146=EDGE_LOOP('',(#692,#693,#694,#695));
#2147=EDGE_LOOP('',(#696,#697,#698,#699));
#2148=EDGE_LOOP('',(#700,#701,#702,#703));
#2149=EDGE_LOOP('',(#704,#705,#706,#707,#708,#709,#710,#711,#712,#713));
#2150=EDGE_LOOP('',(#714,#715,#716,#717,#718,#719,#720,#721,#722,#723,#724,
#725,#726,#727,#728,#729,#730,#731,#732,#733,#734,#735,#736,#737));
#2151=EDGE_LOOP('',(#738,#739,#740,#741,#742,#743,#744,#745,#746,#747));
#2152=EDGE_LOOP('',(#748,#749,#750,#751,#752,#753,#754,#755,#756,#757,#758,
#759,#760,#761,#762,#763,#764,#765,#766,#767,#768,#769,#770,#771,#772,#773,
#774,#775,#776,#777,#778,#779,#780));
#2153=EDGE_LOOP('',(#781,#782,#783,#784));
#2154=EDGE_LOOP('',(#785,#786,#787,#788,#789,#790,#791,#792));
#2155=EDGE_LOOP('',(#793,#794,#795,#796,#797,#798,#799,#800));
#2156=EDGE_LOOP('',(#801,#802,#803,#804));
#2157=EDGE_LOOP('',(#805,#806,#807,#808));
#2158=EDGE_LOOP('',(#809,#810,#811,#812));
#2159=EDGE_LOOP('',(#813,#814,#815,#816));
#2160=EDGE_LOOP('',(#817,#818,#819,#820));
#2161=EDGE_LOOP('',(#821,#822,#823,#824));
#2162=EDGE_LOOP('',(#825,#826,#827,#828));
#2163=EDGE_LOOP('',(#829,#830,#831,#832));
#2164=EDGE_LOOP('',(#833,#834,#835,#836));
#2165=EDGE_LOOP('',(#837,#838,#839,#840));
#2166=EDGE_LOOP('',(#841,#842,#843,#844));
#2167=EDGE_LOOP('',(#845,#846,#847,#848));
#2168=EDGE_LOOP('',(#849,#850,#851,#852));
#2169=EDGE_LOOP('',(#853,#854,#855,#856));
#2170=EDGE_LOOP('',(#857,#858,#859,#860));
#2171=FACE_BOUND('',#2028,.T.);
#2172=FACE_BOUND('',#2029,.T.);
#2173=FACE_BOUND('',#2030,.T.);
#2174=FACE_BOUND('',#2031,.T.);
#2175=FACE_BOUND('',#2032,.T.);
#2176=FACE_BOUND('',#2033,.T.);
#2177=FACE_BOUND('',#2034,.T.);
#2178=FACE_BOUND('',#2035,.T.);
#2179=FACE_BOUND('',#2036,.T.);
#2180=FACE_BOUND('',#2037,.T.);
#2181=FACE_BOUND('',#2038,.T.);
#2182=FACE_BOUND('',#2039,.T.);
#2183=FACE_BOUND('',#2040,.T.);
#2184=FACE_BOUND('',#2041,.T.);
#2185=FACE_BOUND('',#2042,.T.);
#2186=FACE_BOUND('',#2043,.T.);
#2187=FACE_BOUND('',#2044,.T.);
#2188=FACE_BOUND('',#2045,.T.);
#2189=FACE_BOUND('',#2046,.T.);
#2190=FACE_BOUND('',#2047,.T.);
#2191=FACE_BOUND('',#2048,.T.);
#2192=FACE_BOUND('',#2049,.T.);
#2193=FACE_BOUND('',#2050,.T.);
#2194=FACE_BOUND('',#2051,.T.);
#2195=FACE_BOUND('',#2052,.T.);
#2196=FACE_BOUND('',#2053,.T.);
#2197=FACE_BOUND('',#2054,.T.);
#2198=FACE_BOUND('',#2055,.T.);
#2199=FACE_BOUND('',#2056,.T.);
#2200=FACE_BOUND('',#2057,.T.);
#2201=FACE_BOUND('',#2058,.T.);
#2202=FACE_BOUND('',#2059,.T.);
#2203=FACE_BOUND('',#2060,.T.);
#2204=FACE_BOUND('',#2061,.T.);
#2205=FACE_BOUND('',#2062,.T.);
#2206=FACE_BOUND('',#2063,.T.);
#2207=FACE_BOUND('',#2064,.T.);
#2208=FACE_BOUND('',#2065,.T.);
#2209=FACE_BOUND('',#2066,.T.);
#2210=FACE_BOUND('',#2067,.T.);
#2211=FACE_BOUND('',#2068,.T.);
#2212=FACE_BOUND('',#2069,.T.);
#2213=FACE_BOUND('',#2070,.T.);
#2214=FACE_BOUND('',#2071,.T.);
#2215=FACE_BOUND('',#2072,.T.);
#2216=FACE_BOUND('',#2073,.T.);
#2217=FACE_BOUND('',#2074,.T.);
#2218=FACE_BOUND('',#2075,.T.);
#2219=FACE_BOUND('',#2076,.T.);
#2220=FACE_BOUND('',#2077,.T.);
#2221=FACE_BOUND('',#2078,.T.);
#2222=FACE_BOUND('',#2079,.T.);
#2223=FACE_BOUND('',#2080,.T.);
#2224=FACE_BOUND('',#2081,.T.);
#2225=FACE_BOUND('',#2082,.T.);
#2226=FACE_BOUND('',#2083,.T.);
#2227=FACE_BOUND('',#2084,.T.);
#2228=FACE_BOUND('',#2085,.T.);
#2229=FACE_BOUND('',#2086,.T.);
#2230=FACE_BOUND('',#2087,.T.);
#2231=FACE_BOUND('',#2088,.T.);
#2232=FACE_BOUND('',#2089,.T.);
#2233=FACE_BOUND('',#2090,.T.);
#2234=FACE_BOUND('',#2091,.T.);
#2235=FACE_BOUND('',#2092,.T.);
#2236=FACE_BOUND('',#2093,.T.);
#2237=FACE_BOUND('',#2094,.T.);
#2238=FACE_BOUND('',#2095,.T.);
#2239=FACE_BOUND('',#2096,.T.);
#2240=FACE_BOUND('',#2097,.T.);
#2241=FACE_BOUND('',#2098,.T.);
#2242=FACE_BOUND('',#2099,.T.);
#2243=FACE_BOUND('',#2100,.T.);
#2244=FACE_BOUND('',#2101,.T.);
#2245=FACE_BOUND('',#2102,.T.);
#2246=FACE_BOUND('',#2103,.T.);
#2247=FACE_BOUND('',#2104,.T.);
#2248=FACE_BOUND('',#2105,.T.);
#2249=FACE_BOUND('',#2106,.T.);
#2250=FACE_BOUND('',#2107,.T.);
#2251=FACE_BOUND('',#2108,.T.);
#2252=FACE_BOUND('',#2109,.T.);
#2253=FACE_BOUND('',#2110,.T.);
#2254=FACE_BOUND('',#2111,.T.);
#2255=FACE_BOUND('',#2112,.T.);
#2256=FACE_BOUND('',#2113,.T.);
#2257=FACE_BOUND('',#2114,.T.);
#2258=FACE_BOUND('',#2115,.T.);
#2259=FACE_BOUND('',#2116,.T.);
#2260=FACE_BOUND('',#2117,.T.);
#2261=FACE_BOUND('',#2118,.T.);
#2262=FACE_BOUND('',#2119,.T.);
#2263=FACE_BOUND('',#2120,.T.);
#2264=FACE_BOUND('',#2121,.T.);
#2265=FACE_BOUND('',#2122,.T.);
#2266=FACE_BOUND('',#2123,.T.);
#2267=FACE_BOUND('',#2124,.T.);
#2268=FACE_BOUND('',#2125,.T.);
#2269=FACE_BOUND('',#2126,.T.);
#2270=FACE_BOUND('',#2127,.T.);
#2271=FACE_BOUND('',#2128,.T.);
#2272=FACE_BOUND('',#2129,.T.);
#2273=FACE_BOUND('',#2130,.T.);
#2274=FACE_BOUND('',#2131,.T.);
#2275=FACE_BOUND('',#2132,.T.);
#2276=FACE_BOUND('',#2133,.T.);
#2277=FACE_BOUND('',#2134,.T.);
#2278=FACE_BOUND('',#2135,.T.);
#2279=FACE_BOUND('',#2136,.T.);
#2280=FACE_BOUND('',#2137,.T.);
#2281=FACE_BOUND('',#2138,.T.);
#2282=FACE_BOUND('',#2139,.T.);
#2283=FACE_BOUND('',#2140,.T.);
#2284=FACE_BOUND('',#2141,.T.);
#2285=FACE_BOUND('',#2142,.T.);
#2286=FACE_BOUND('',#2143,.T.);
#2287=FACE_BOUND('',#2144,.T.);
#2288=FACE_BOUND('',#2145,.T.);
#2289=FACE_BOUND('',#2146,.T.);
#2290=FACE_BOUND('',#2147,.T.);
#2291=FACE_BOUND('',#2148,.T.);
#2292=FACE_BOUND('',#2149,.T.);
#2293=FACE_BOUND('',#2150,.T.);
#2294=FACE_BOUND('',#2151,.T.);
#2295=FACE_BOUND('',#2152,.T.);
#2296=FACE_BOUND('',#2153,.T.);
#2297=FACE_BOUND('',#2154,.T.);
#2298=FACE_BOUND('',#2155,.T.);
#2299=FACE_BOUND('',#2156,.T.);
#2300=FACE_BOUND('',#2157,.T.);
#2301=FACE_BOUND('',#2158,.T.);
#2302=FACE_BOUND('',#2159,.T.);
#2303=FACE_BOUND('',#2160,.T.);
#2304=FACE_BOUND('',#2161,.T.);
#2305=FACE_BOUND('',#2162,.T.);
#2306=FACE_BOUND('',#2163,.T.);
#2307=FACE_BOUND('',#2164,.T.);
#2308=FACE_BOUND('',#2165,.T.);
#2309=FACE_BOUND('',#2166,.T.);
#2310=FACE_BOUND('',#2167,.T.);
#2311=FACE_BOUND('',#2168,.T.);
#2312=FACE_BOUND('',#2169,.T.);
#2313=FACE_BOUND('',#2170,.T.);
#2314=PLANE('',#2552);
#2315=PLANE('',#2553);
#2316=PLANE('',#2554);
#2317=PLANE('',#2555);
#2318=PLANE('',#2556);
#2319=PLANE('',#2557);
#2320=PLANE('',#2558);
#2321=PLANE('',#2559);
#2322=PLANE('',#2560);
#2323=PLANE('',#2561);
#2324=PLANE('',#2562);
#2325=PLANE('',#2563);
#2326=PLANE('',#2564);
#2327=PLANE('',#2565);
#2328=PLANE('',#2566);
#2329=PLANE('',#2567);
#2330=PLANE('',#2568);
#2331=PLANE('',#2569);
#2332=PLANE('',#2570);
#2333=PLANE('',#2571);
#2334=PLANE('',#2572);
#2335=PLANE('',#2573);
#2336=PLANE('',#2574);
#2337=PLANE('',#2575);
#2338=PLANE('',#2576);
#2339=PLANE('',#2577);
#2340=PLANE('',#2578);
#2341=PLANE('',#2588);
#2342=PLANE('',#2589);
#2343=PLANE('',#2590);
#2344=PLANE('',#2597);
#2345=PLANE('',#2604);
#2346=PLANE('',#2611);
#2347=PLANE('',#2612);
#2348=PLANE('',#2613);
#2349=PLANE('',#2614);
#2350=PLANE('',#2615);
#2351=PLANE('',#2622);
#2352=PLANE('',#2629);
#2353=PLANE('',#2639);
#2354=PLANE('',#2646);
#2355=PLANE('',#2647);
#2356=PLANE('',#2648);
#2357=PLANE('',#2649);
#2358=PLANE('',#2659);
#2359=PLANE('',#2669);
#2360=PLANE('',#2670);
#2361=PLANE('',#2671);
#2362=PLANE('',#2678);
#2363=PLANE('',#2685);
#2364=PLANE('',#2695);
#2365=PLANE('',#2702);
#2366=PLANE('',#2703);
#2367=PLANE('',#2704);
#2368=PLANE('',#2705);
#2369=PLANE('',#2706);
#2370=PLANE('',#2707);
#2371=PLANE('',#2708);
#2372=PLANE('',#2709);
#2373=PLANE('',#2710);
#2374=PLANE('',#2711);
#2375=PLANE('',#2712);
#2376=PLANE('',#2716);
#2377=PLANE('',#2720);
#2378=PLANE('',#2721);
#2379=PLANE('',#2722);
#2380=PLANE('',#2723);
#2381=PLANE('',#2724);
#2382=PLANE('',#2728);
#2383=PLANE('',#2735);
#2384=PLANE('',#2742);
#2385=PLANE('',#2743);
#2386=PLANE('',#2747);
#2387=PLANE('',#2748);
#2388=PLANE('',#2749);
#2389=PLANE('',#2750);
#2390=PLANE('',#2751);
#2391=PLANE('',#2752);
#2392=PLANE('',#2753);
#2393=PLANE('',#2754);
#2394=PLANE('',#2755);
#2395=PLANE('',#2756);
#2396=PLANE('',#2757);
#2397=PLANE('',#2758);
#2398=PLANE('',#2759);
#2399=PLANE('',#2760);
#2400=PLANE('',#2761);
#2401=PLANE('',#2762);
#2402=PLANE('',#2763);
#2403=PLANE('',#2764);
#2404=PLANE('',#2765);
#2405=PLANE('',#2766);
#2406=ADVANCED_FACE('',(#2171,#2172,#2173),#2314,.F.);
#2407=ADVANCED_FACE('',(#2174),#2315,.T.);
#2408=ADVANCED_FACE('',(#2175),#2316,.T.);
#2409=ADVANCED_FACE('',(#2176),#2317,.T.);
#2410=ADVANCED_FACE('',(#2177),#2318,.F.);
#2411=ADVANCED_FACE('',(#2178),#2319,.T.);
#2412=ADVANCED_FACE('',(#2179),#2320,.T.);
#2413=ADVANCED_FACE('',(#2180),#2321,.T.);
#2414=ADVANCED_FACE('',(#2181),#2322,.T.);
#2415=ADVANCED_FACE('',(#2182),#2323,.T.);
#2416=ADVANCED_FACE('',(#2183),#2324,.T.);
#2417=ADVANCED_FACE('',(#2184),#2325,.T.);
#2418=ADVANCED_FACE('',(#2185),#2326,.T.);
#2419=ADVANCED_FACE('',(#2186),#2327,.T.);
#2420=ADVANCED_FACE('',(#2187,#2188),#2328,.T.);
#2421=ADVANCED_FACE('',(#2189),#2329,.F.);
#2422=ADVANCED_FACE('',(#2190),#2330,.T.);
#2423=ADVANCED_FACE('',(#2191),#2331,.T.);
#2424=ADVANCED_FACE('',(#2192),#2332,.F.);
#2425=ADVANCED_FACE('',(#2193),#2333,.F.);
#2426=ADVANCED_FACE('',(#2194),#2334,.F.);
#2427=ADVANCED_FACE('',(#2195),#2335,.F.);
#2428=ADVANCED_FACE('',(#2196),#2336,.F.);
#2429=ADVANCED_FACE('',(#2197),#2337,.F.);
#2430=ADVANCED_FACE('',(#2198),#2338,.F.);
#2431=ADVANCED_FACE('',(#2199),#2339,.F.);
#2432=ADVANCED_FACE('',(#2200),#2340,.F.);
#2433=ADVANCED_FACE('',(#2201),#94,.F.);
#2434=ADVANCED_FACE('',(#2202),#95,.F.);
#2435=ADVANCED_FACE('',(#2203),#96,.F.);
#2436=ADVANCED_FACE('',(#2204),#2341,.F.);
#2437=ADVANCED_FACE('',(#2205),#2342,.F.);
#2438=ADVANCED_FACE('',(#2206),#2343,.F.);
#2439=ADVANCED_FACE('',(#2207),#97,.T.);
#2440=ADVANCED_FACE('',(#2208),#98,.T.);
#2441=ADVANCED_FACE('',(#2209),#2344,.F.);
#2442=ADVANCED_FACE('',(#2210),#99,.T.);
#2443=ADVANCED_FACE('',(#2211),#100,.T.);
#2444=ADVANCED_FACE('',(#2212),#2345,.F.);
#2445=ADVANCED_FACE('',(#2213),#101,.T.);
#2446=ADVANCED_FACE('',(#2214),#102,.T.);
#2447=ADVANCED_FACE('',(#2215),#2346,.F.);
#2448=ADVANCED_FACE('',(#2216),#2347,.F.);
#2449=ADVANCED_FACE('',(#2217),#2348,.F.);
#2450=ADVANCED_FACE('',(#2218),#2349,.F.);
#2451=ADVANCED_FACE('',(#2219),#2350,.F.);
#2452=ADVANCED_FACE('',(#2220),#103,.T.);
#2453=ADVANCED_FACE('',(#2221),#104,.T.);
#2454=ADVANCED_FACE('',(#2222),#2351,.F.);
#2455=ADVANCED_FACE('',(#2223),#105,.T.);
#2456=ADVANCED_FACE('',(#2224),#106,.T.);
#2457=ADVANCED_FACE('',(#2225),#2352,.F.);
#2458=ADVANCED_FACE('',(#2226),#107,.F.);
#2459=ADVANCED_FACE('',(#2227),#108,.F.);
#2460=ADVANCED_FACE('',(#2228),#109,.F.);
#2461=ADVANCED_FACE('',(#2229),#2353,.F.);
#2462=ADVANCED_FACE('',(#2230),#110,.F.);
#2463=ADVANCED_FACE('',(#2231),#111,.F.);
#2464=ADVANCED_FACE('',(#2232),#2354,.T.);
#2465=ADVANCED_FACE('',(#2233),#2355,.F.);
#2466=ADVANCED_FACE('',(#2234),#2356,.F.);
#2467=ADVANCED_FACE('',(#2235),#2357,.F.);
#2468=ADVANCED_FACE('',(#2236),#112,.F.);
#2469=ADVANCED_FACE('',(#2237),#113,.F.);
#2470=ADVANCED_FACE('',(#2238),#114,.F.);
#2471=ADVANCED_FACE('',(#2239),#2358,.F.);
#2472=ADVANCED_FACE('',(#2240),#115,.F.);
#2473=ADVANCED_FACE('',(#2241),#116,.F.);
#2474=ADVANCED_FACE('',(#2242),#117,.F.);
#2475=ADVANCED_FACE('',(#2243),#2359,.F.);
#2476=ADVANCED_FACE('',(#2244),#2360,.F.);
#2477=ADVANCED_FACE('',(#2245),#2361,.F.);
#2478=ADVANCED_FACE('',(#2246),#118,.T.);
#2479=ADVANCED_FACE('',(#2247),#119,.T.);
#2480=ADVANCED_FACE('',(#2248),#2362,.F.);
#2481=ADVANCED_FACE('',(#2249),#120,.T.);
#2482=ADVANCED_FACE('',(#2250),#121,.T.);
#2483=ADVANCED_FACE('',(#2251),#2363,.F.);
#2484=ADVANCED_FACE('',(#2252),#122,.F.);
#2485=ADVANCED_FACE('',(#2253),#123,.F.);
#2486=ADVANCED_FACE('',(#2254),#124,.F.);
#2487=ADVANCED_FACE('',(#2255),#2364,.F.);
#2488=ADVANCED_FACE('',(#2256),#125,.F.);
#2489=ADVANCED_FACE('',(#2257),#126,.F.);
#2490=ADVANCED_FACE('',(#2258),#2365,.F.);
#2491=ADVANCED_FACE('',(#2259),#2366,.F.);
#2492=ADVANCED_FACE('',(#2260),#2367,.F.);
#2493=ADVANCED_FACE('',(#2261),#2368,.F.);
#2494=ADVANCED_FACE('',(#2262),#2369,.F.);
#2495=ADVANCED_FACE('',(#2263),#2370,.F.);
#2496=ADVANCED_FACE('',(#2264),#2371,.F.);
#2497=ADVANCED_FACE('',(#2265),#2372,.F.);
#2498=ADVANCED_FACE('',(#2266),#2373,.F.);
#2499=ADVANCED_FACE('',(#2267),#2374,.F.);
#2500=ADVANCED_FACE('',(#2268),#2375,.F.);
#2501=ADVANCED_FACE('',(#2269),#127,.F.);
#2502=ADVANCED_FACE('',(#2270),#2376,.T.);
#2503=ADVANCED_FACE('',(#2271),#128,.F.);
#2504=ADVANCED_FACE('',(#2272),#2377,.F.);
#2505=ADVANCED_FACE('',(#2273),#2378,.F.);
#2506=ADVANCED_FACE('',(#2274,#2275,#2276,#2277,#2278,#2279),#2379,.T.);
#2507=ADVANCED_FACE('',(#2280),#2380,.T.);
#2508=ADVANCED_FACE('',(#2281),#2381,.T.);
#2509=ADVANCED_FACE('',(#2282),#129,.T.);
#2510=ADVANCED_FACE('',(#2283),#2382,.F.);
#2511=ADVANCED_FACE('',(#2284),#130,.T.);
#2512=ADVANCED_FACE('',(#2285),#131,.T.);
#2513=ADVANCED_FACE('',(#2286),#2383,.F.);
#2514=ADVANCED_FACE('',(#2287),#132,.T.);
#2515=ADVANCED_FACE('',(#2288),#133,.T.);
#2516=ADVANCED_FACE('',(#2289),#2384,.F.);
#2517=ADVANCED_FACE('',(#2290),#2385,.F.);
#2518=ADVANCED_FACE('',(#2291),#134,.T.);
#2519=ADVANCED_FACE('',(#2292),#2386,.T.);
#2520=ADVANCED_FACE('',(#2293,#2294),#2387,.T.);
#2521=ADVANCED_FACE('',(#2295),#2388,.T.);
#2522=ADVANCED_FACE('',(#2296),#2389,.T.);
#2523=ADVANCED_FACE('',(#2297,#2298),#2390,.T.);
#2524=ADVANCED_FACE('',(#2299),#2391,.F.);
#2525=ADVANCED_FACE('',(#2300),#2392,.F.);
#2526=ADVANCED_FACE('',(#2301),#2393,.T.);
#2527=ADVANCED_FACE('',(#2302),#2394,.T.);
#2528=ADVANCED_FACE('',(#2303),#2395,.T.);
#2529=ADVANCED_FACE('',(#2304),#2396,.F.);
#2530=ADVANCED_FACE('',(#2305),#2397,.T.);
#2531=ADVANCED_FACE('',(#2306),#2398,.T.);
#2532=ADVANCED_FACE('',(#2307),#2399,.F.);
#2533=ADVANCED_FACE('',(#2308),#2400,.F.);
#2534=ADVANCED_FACE('',(#2309),#2401,.F.);
#2535=ADVANCED_FACE('',(#2310),#2402,.T.);
#2536=ADVANCED_FACE('',(#2311),#2403,.T.);
#2537=ADVANCED_FACE('',(#2312),#2404,.F.);
#2538=ADVANCED_FACE('',(#2313),#2405,.F.);
#2539=CLOSED_SHELL('',(#2406,#2407,#2408,#2409,#2410,#2411,#2412,#2413,
#2414,#2415,#2416,#2417,#2418,#2419,#2420,#2421,#2422,#2423,#2424,#2425,
#2426,#2427,#2428,#2429,#2430,#2431,#2432,#2433,#2434,#2435,#2436,#2437,
#2438,#2439,#2440,#2441,#2442,#2443,#2444,#2445,#2446,#2447,#2448,#2449,
#2450,#2451,#2452,#2453,#2454,#2455,#2456,#2457,#2458,#2459,#2460,#2461,
#2462,#2463,#2464,#2465,#2466,#2467,#2468,#2469,#2470,#2471,#2472,#2473,
#2474,#2475,#2476,#2477,#2478,#2479,#2480,#2481,#2482,#2483,#2484,#2485,
#2486,#2487,#2488,#2489,#2490,#2491,#2492,#2493,#2494,#2495,#2496,#2497,
#2498,#2499,#2500,#2501,#2502,#2503,#2504,#2505,#2506,#2507,#2508,#2509,
#2510,#2511,#2512,#2513,#2514,#2515,#2516,#2517,#2518,#2519,#2520,#2521,
#2522,#2523,#2524,#2525,#2526,#2527,#2528,#2529,#2530,#2531,#2532,#2533,
#2534,#2535,#2536,#2537,#2538));
#2540=STYLED_ITEM('',(#2541),#2548);
#2541=PRESENTATION_STYLE_ASSIGNMENT((#2542));
#2542=SURFACE_STYLE_USAGE(.BOTH.,#2543);
#2543=SURFACE_SIDE_STYLE('',(#2544));
#2544=SURFACE_STYLE_FILL_AREA(#2545);
#2545=FILL_AREA_STYLE('',(#2546));
#2546=FILL_AREA_STYLE_COLOUR('',#2547);
#2547=COLOUR_RGB('',0.137254901960784,0.137254901960784,0.137254901960784);
#2548=MANIFOLD_SOLID_BREP('Top1',#2539);
#2549=SHAPE_DEFINITION_REPRESENTATION(#4225,#2550);
#2550=SHAPE_REPRESENTATION('Top1',(#2551),#4220);
#2551=AXIS2_PLACEMENT_3D('',#3480,#2767,#2768);
#2552=AXIS2_PLACEMENT_3D('',#3481,#2769,#2770);
#2553=AXIS2_PLACEMENT_3D('',#3518,#2789,#2790);
#2554=AXIS2_PLACEMENT_3D('',#3524,#2794,#2795);
#2555=AXIS2_PLACEMENT_3D('',#3530,#2799,#2800);
#2556=AXIS2_PLACEMENT_3D('',#3536,#2804,#2805);
#2557=AXIS2_PLACEMENT_3D('',#3542,#2809,#2810);
#2558=AXIS2_PLACEMENT_3D('',#3551,#2815,#2816);
#2559=AXIS2_PLACEMENT_3D('',#3557,#2820,#2821);
#2560=AXIS2_PLACEMENT_3D('',#3563,#2825,#2826);
#2561=AXIS2_PLACEMENT_3D('',#3569,#2830,#2831);
#2562=AXIS2_PLACEMENT_3D('',#3575,#2835,#2836);
#2563=AXIS2_PLACEMENT_3D('',#3581,#2840,#2841);
#2564=AXIS2_PLACEMENT_3D('',#3587,#2845,#2846);
#2565=AXIS2_PLACEMENT_3D('',#3590,#2849,#2850);
#2566=AXIS2_PLACEMENT_3D('',#3592,#2852,#2853);
#2567=AXIS2_PLACEMENT_3D('',#3600,#2859,#2860);
#2568=AXIS2_PLACEMENT_3D('',#3609,#2865,#2866);
#2569=AXIS2_PLACEMENT_3D('',#3615,#2870,#2871);
#2570=AXIS2_PLACEMENT_3D('',#3621,#2875,#2876);
#2571=AXIS2_PLACEMENT_3D('',#3624,#2879,#2880);
#2572=AXIS2_PLACEMENT_3D('',#3633,#2885,#2886);
#2573=AXIS2_PLACEMENT_3D('',#3639,#2890,#2891);
#2574=AXIS2_PLACEMENT_3D('',#3645,#2895,#2896);
#2575=AXIS2_PLACEMENT_3D('',#3651,#2900,#2901);
#2576=AXIS2_PLACEMENT_3D('',#3657,#2905,#2906);
#2577=AXIS2_PLACEMENT_3D('',#3663,#2910,#2911);
#2578=AXIS2_PLACEMENT_3D('',#3669,#2915,#2916);
#2579=AXIS2_PLACEMENT_3D('',#3678,#2921,#2922);
#2580=AXIS2_PLACEMENT_3D('',#3679,#2923,#2924);
#2581=AXIS2_PLACEMENT_3D('',#3683,#2926,#2927);
#2582=AXIS2_PLACEMENT_3D('',#3684,#2928,#2929);
#2583=AXIS2_PLACEMENT_3D('',#3685,#2930,#2931);
#2584=AXIS2_PLACEMENT_3D('',#3689,#2933,#2934);
#2585=AXIS2_PLACEMENT_3D('',#3690,#2935,#2936);
#2586=AXIS2_PLACEMENT_3D('',#3691,#2937,#2938);
#2587=AXIS2_PLACEMENT_3D('',#3695,#2940,#2941);
#2588=AXIS2_PLACEMENT_3D('',#3696,#2942,#2943);
#2589=AXIS2_PLACEMENT_3D('',#3702,#2947,#2948);
#2590=AXIS2_PLACEMENT_3D('',#3708,#2952,#2953);
#2591=AXIS2_PLACEMENT_3D('',#3714,#2957,#2958);
#2592=AXIS2_PLACEMENT_3D('',#3715,#2959,#2960);
#2593=AXIS2_PLACEMENT_3D('',#3719,#2962,#2963);
#2594=AXIS2_PLACEMENT_3D('',#3720,#2964,#2965);
#2595=AXIS2_PLACEMENT_3D('',#3721,#2966,#2967);
#2596=AXIS2_PLACEMENT_3D('',#3725,#2969,#2970);
#2597=AXIS2_PLACEMENT_3D('',#3726,#2971,#2972);
#2598=AXIS2_PLACEMENT_3D('',#3732,#2976,#2977);
#2599=AXIS2_PLACEMENT_3D('',#3733,#2978,#2979);
#2600=AXIS2_PLACEMENT_3D('',#3737,#2981,#2982);
#2601=AXIS2_PLACEMENT_3D('',#3738,#2983,#2984);
#2602=AXIS2_PLACEMENT_3D('',#3739,#2985,#2986);
#2603=AXIS2_PLACEMENT_3D('',#3743,#2988,#2989);
#2604=AXIS2_PLACEMENT_3D('',#3744,#2990,#2991);
#2605=AXIS2_PLACEMENT_3D('',#3750,#2995,#2996);
#2606=AXIS2_PLACEMENT_3D('',#3751,#2997,#2998);
#2607=AXIS2_PLACEMENT_3D('',#3755,#3000,#3001);
#2608=AXIS2_PLACEMENT_3D('',#3756,#3002,#3003);
#2609=AXIS2_PLACEMENT_3D('',#3757,#3004,#3005);
#2610=AXIS2_PLACEMENT_3D('',#3761,#3007,#3008);
#2611=AXIS2_PLACEMENT_3D('',#3762,#3009,#3010);
#2612=AXIS2_PLACEMENT_3D('',#3768,#3014,#3015);
#2613=AXIS2_PLACEMENT_3D('',#3774,#3019,#3020);
#2614=AXIS2_PLACEMENT_3D('',#3780,#3024,#3025);
#2615=AXIS2_PLACEMENT_3D('',#3786,#3029,#3030);
#2616=AXIS2_PLACEMENT_3D('',#3792,#3034,#3035);
#2617=AXIS2_PLACEMENT_3D('',#3793,#3036,#3037);
#2618=AXIS2_PLACEMENT_3D('',#3797,#3039,#3040);
#2619=AXIS2_PLACEMENT_3D('',#3798,#3041,#3042);
#2620=AXIS2_PLACEMENT_3D('',#3799,#3043,#3044);
#2621=AXIS2_PLACEMENT_3D('',#3803,#3046,#3047);
#2622=AXIS2_PLACEMENT_3D('',#3804,#3048,#3049);
#2623=AXIS2_PLACEMENT_3D('',#3810,#3053,#3054);
#2624=AXIS2_PLACEMENT_3D('',#3811,#3055,#3056);
#2625=AXIS2_PLACEMENT_3D('',#3815,#3058,#3059);
#2626=AXIS2_PLACEMENT_3D('',#3816,#3060,#3061);
#2627=AXIS2_PLACEMENT_3D('',#3817,#3062,#3063);
#2628=AXIS2_PLACEMENT_3D('',#3821,#3065,#3066);
#2629=AXIS2_PLACEMENT_3D('',#3822,#3067,#3068);
#2630=AXIS2_PLACEMENT_3D('',#3828,#3072,#3073);
#2631=AXIS2_PLACEMENT_3D('',#3829,#3074,#3075);
#2632=AXIS2_PLACEMENT_3D('',#3833,#3077,#3078);
#2633=AXIS2_PLACEMENT_3D('',#3834,#3079,#3080);
#2634=AXIS2_PLACEMENT_3D('',#3835,#3081,#3082);
#2635=AXIS2_PLACEMENT_3D('',#3839,#3084,#3085);
#2636=AXIS2_PLACEMENT_3D('',#3840,#3086,#3087);
#2637=AXIS2_PLACEMENT_3D('',#3841,#3088,#3089);
#2638=AXIS2_PLACEMENT_3D('',#3845,#3091,#3092);
#2639=AXIS2_PLACEMENT_3D('',#3846,#3093,#3094);
#2640=AXIS2_PLACEMENT_3D('',#3852,#3098,#3099);
#2641=AXIS2_PLACEMENT_3D('',#3853,#3100,#3101);
#2642=AXIS2_PLACEMENT_3D('',#3857,#3103,#3104);
#2643=AXIS2_PLACEMENT_3D('',#3858,#3105,#3106);
#2644=AXIS2_PLACEMENT_3D('',#3859,#3107,#3108);
#2645=AXIS2_PLACEMENT_3D('',#3863,#3110,#3111);
#2646=AXIS2_PLACEMENT_3D('',#3864,#3112,#3113);
#2647=AXIS2_PLACEMENT_3D('',#3873,#3118,#3119);
#2648=AXIS2_PLACEMENT_3D('',#3879,#3123,#3124);
#2649=AXIS2_PLACEMENT_3D('',#3885,#3128,#3129);
#2650=AXIS2_PLACEMENT_3D('',#3894,#3134,#3135);
#2651=AXIS2_PLACEMENT_3D('',#3895,#3136,#3137);
#2652=AXIS2_PLACEMENT_3D('',#3899,#3139,#3140);
#2653=AXIS2_PLACEMENT_3D('',#3900,#3141,#3142);
#2654=AXIS2_PLACEMENT_3D('',#3901,#3143,#3144);
#2655=AXIS2_PLACEMENT_3D('',#3905,#3146,#3147);
#2656=AXIS2_PLACEMENT_3D('',#3906,#3148,#3149);
#2657=AXIS2_PLACEMENT_3D('',#3907,#3150,#3151);
#2658=AXIS2_PLACEMENT_3D('',#3911,#3153,#3154);
#2659=AXIS2_PLACEMENT_3D('',#3912,#3155,#3156);
#2660=AXIS2_PLACEMENT_3D('',#3918,#3160,#3161);
#2661=AXIS2_PLACEMENT_3D('',#3919,#3162,#3163);
#2662=AXIS2_PLACEMENT_3D('',#3923,#3165,#3166);
#2663=AXIS2_PLACEMENT_3D('',#3924,#3167,#3168);
#2664=AXIS2_PLACEMENT_3D('',#3925,#3169,#3170);
#2665=AXIS2_PLACEMENT_3D('',#3929,#3172,#3173);
#2666=AXIS2_PLACEMENT_3D('',#3930,#3174,#3175);
#2667=AXIS2_PLACEMENT_3D('',#3931,#3176,#3177);
#2668=AXIS2_PLACEMENT_3D('',#3935,#3179,#3180);
#2669=AXIS2_PLACEMENT_3D('',#3936,#3181,#3182);
#2670=AXIS2_PLACEMENT_3D('',#3942,#3186,#3187);
#2671=AXIS2_PLACEMENT_3D('',#3948,#3191,#3192);
#2672=AXIS2_PLACEMENT_3D('',#3954,#3196,#3197);
#2673=AXIS2_PLACEMENT_3D('',#3955,#3198,#3199);
#2674=AXIS2_PLACEMENT_3D('',#3959,#3201,#3202);
#2675=AXIS2_PLACEMENT_3D('',#3960,#3203,#3204);
#2676=AXIS2_PLACEMENT_3D('',#3961,#3205,#3206);
#2677=AXIS2_PLACEMENT_3D('',#3965,#3208,#3209);
#2678=AXIS2_PLACEMENT_3D('',#3966,#3210,#3211);
#2679=AXIS2_PLACEMENT_3D('',#3972,#3215,#3216);
#2680=AXIS2_PLACEMENT_3D('',#3973,#3217,#3218);
#2681=AXIS2_PLACEMENT_3D('',#3977,#3220,#3221);
#2682=AXIS2_PLACEMENT_3D('',#3978,#3222,#3223);
#2683=AXIS2_PLACEMENT_3D('',#3979,#3224,#3225);
#2684=AXIS2_PLACEMENT_3D('',#3983,#3227,#3228);
#2685=AXIS2_PLACEMENT_3D('',#3984,#3229,#3230);
#2686=AXIS2_PLACEMENT_3D('',#3990,#3234,#3235);
#2687=AXIS2_PLACEMENT_3D('',#3991,#3236,#3237);
#2688=AXIS2_PLACEMENT_3D('',#3995,#3239,#3240);
#2689=AXIS2_PLACEMENT_3D('',#3996,#3241,#3242);
#2690=AXIS2_PLACEMENT_3D('',#3997,#3243,#3244);
#2691=AXIS2_PLACEMENT_3D('',#4001,#3246,#3247);
#2692=AXIS2_PLACEMENT_3D('',#4002,#3248,#3249);
#2693=AXIS2_PLACEMENT_3D('',#4003,#3250,#3251);
#2694=AXIS2_PLACEMENT_3D('',#4007,#3253,#3254);
#2695=AXIS2_PLACEMENT_3D('',#4008,#3255,#3256);
#2696=AXIS2_PLACEMENT_3D('',#4014,#3260,#3261);
#2697=AXIS2_PLACEMENT_3D('',#4015,#3262,#3263);
#2698=AXIS2_PLACEMENT_3D('',#4019,#3265,#3266);
#2699=AXIS2_PLACEMENT_3D('',#4020,#3267,#3268);
#2700=AXIS2_PLACEMENT_3D('',#4021,#3269,#3270);
#2701=AXIS2_PLACEMENT_3D('',#4025,#3272,#3273);
#2702=AXIS2_PLACEMENT_3D('',#4026,#3274,#3275);
#2703=AXIS2_PLACEMENT_3D('',#4035,#3280,#3281);
#2704=AXIS2_PLACEMENT_3D('',#4041,#3285,#3286);
#2705=AXIS2_PLACEMENT_3D('',#4047,#3290,#3291);
#2706=AXIS2_PLACEMENT_3D('',#4053,#3295,#3296);
#2707=AXIS2_PLACEMENT_3D('',#4059,#3300,#3301);
#2708=AXIS2_PLACEMENT_3D('',#4065,#3305,#3306);
#2709=AXIS2_PLACEMENT_3D('',#4071,#3310,#3311);
#2710=AXIS2_PLACEMENT_3D('',#4077,#3315,#3316);
#2711=AXIS2_PLACEMENT_3D('',#4083,#3320,#3321);
#2712=AXIS2_PLACEMENT_3D('',#4089,#3325,#3326);
#2713=AXIS2_PLACEMENT_3D('',#4095,#3330,#3331);
#2714=AXIS2_PLACEMENT_3D('',#4096,#3332,#3333);
#2715=AXIS2_PLACEMENT_3D('',#4097,#3334,#3335);
#2716=AXIS2_PLACEMENT_3D('',#4098,#3336,#3337);
#2717=AXIS2_PLACEMENT_3D('',#4101,#3340,#3341);
#2718=AXIS2_PLACEMENT_3D('',#4102,#3342,#3343);
#2719=AXIS2_PLACEMENT_3D('',#4103,#3344,#3345);
#2720=AXIS2_PLACEMENT_3D('',#4104,#3346,#3347);
#2721=AXIS2_PLACEMENT_3D('',#4107,#3350,#3351);
#2722=AXIS2_PLACEMENT_3D('',#4110,#3354,#3355);
#2723=AXIS2_PLACEMENT_3D('',#4111,#3356,#3357);
#2724=AXIS2_PLACEMENT_3D('',#4112,#3358,#3359);
#2725=AXIS2_PLACEMENT_3D('',#4113,#3360,#3361);
#2726=AXIS2_PLACEMENT_3D('',#4114,#3362,#3363);
#2727=AXIS2_PLACEMENT_3D('',#4119,#3365,#3366);
#2728=AXIS2_PLACEMENT_3D('',#4122,#3368,#3369);
#2729=AXIS2_PLACEMENT_3D('',#4128,#3373,#3374);
#2730=AXIS2_PLACEMENT_3D('',#4129,#3375,#3376);
#2731=AXIS2_PLACEMENT_3D('',#4133,#3378,#3379);
#2732=AXIS2_PLACEMENT_3D('',#4134,#3380,#3381);
#2733=AXIS2_PLACEMENT_3D('',#4135,#3382,#3383);
#2734=AXIS2_PLACEMENT_3D('',#4139,#3385,#3386);
#2735=AXIS2_PLACEMENT_3D('',#4140,#3387,#3388);
#2736=AXIS2_PLACEMENT_3D('',#4146,#3392,#3393);
#2737=AXIS2_PLACEMENT_3D('',#4147,#3394,#3395);
#2738=AXIS2_PLACEMENT_3D('',#4151,#3397,#3398);
#2739=AXIS2_PLACEMENT_3D('',#4152,#3399,#3400);
#2740=AXIS2_PLACEMENT_3D('',#4153,#3401,#3402);
#2741=AXIS2_PLACEMENT_3D('',#4157,#3404,#3405);
#2742=AXIS2_PLACEMENT_3D('',#4158,#3406,#3407);
#2743=AXIS2_PLACEMENT_3D('',#4164,#3411,#3412);
#2744=AXIS2_PLACEMENT_3D('',#4170,#3416,#3417);
#2745=AXIS2_PLACEMENT_3D('',#4171,#3418,#3419);
#2746=AXIS2_PLACEMENT_3D('',#4172,#3420,#3421);
#2747=AXIS2_PLACEMENT_3D('',#4173,#3422,#3423);
#2748=AXIS2_PLACEMENT_3D('',#4174,#3424,#3425);
#2749=AXIS2_PLACEMENT_3D('',#4175,#3426,#3427);
#2750=AXIS2_PLACEMENT_3D('',#4176,#3428,#3429);
#2751=AXIS2_PLACEMENT_3D('',#4177,#3430,#3431);
#2752=AXIS2_PLACEMENT_3D('',#4178,#3432,#3433);
#2753=AXIS2_PLACEMENT_3D('',#4181,#3436,#3437);
#2754=AXIS2_PLACEMENT_3D('',#4182,#3438,#3439);
#2755=AXIS2_PLACEMENT_3D('',#4183,#3440,#3441);
#2756=AXIS2_PLACEMENT_3D('',#4184,#3442,#3443);
#2757=AXIS2_PLACEMENT_3D('',#4185,#3444,#3445);
#2758=AXIS2_PLACEMENT_3D('',#4191,#3449,#3450);
#2759=AXIS2_PLACEMENT_3D('',#4195,#3453,#3454);
#2760=AXIS2_PLACEMENT_3D('',#4199,#3457,#3458);
#2761=AXIS2_PLACEMENT_3D('',#4201,#3460,#3461);
#2762=AXIS2_PLACEMENT_3D('',#4202,#3462,#3463);
#2763=AXIS2_PLACEMENT_3D('',#4208,#3467,#3468);
#2764=AXIS2_PLACEMENT_3D('',#4212,#3471,#3472);
#2765=AXIS2_PLACEMENT_3D('',#4216,#3475,#3476);
#2766=AXIS2_PLACEMENT_3D('',#4218,#3478,#3479);
#2767=DIRECTION('',(0.,0.,1.));
#2768=DIRECTION('',(1.,0.,0.));
#2769=DIRECTION('',(0.,0.,1.));
#2770=DIRECTION('',(1.,0.,0.));
#2771=DIRECTION('',(-1.,0.,0.));
#2772=DIRECTION('',(0.,1.,0.));
#2773=DIRECTION('',(-1.,0.,0.));
#2774=DIRECTION('',(0.,1.,0.));
#2775=DIRECTION('',(-1.22464679914735E-16,1.,0.));
#2776=DIRECTION('',(-1.,-9.10615997888087E-17,0.));
#2777=DIRECTION('',(1.13826536662174E-16,-1.,0.));
#2778=DIRECTION('',(1.,0.,0.));
#2779=DIRECTION('',(-1.22464679914735E-16,1.,0.));
#2780=DIRECTION('',(1.,0.,0.));
#2781=DIRECTION('',(-0.707106781186548,0.707106781186548,0.));
#2782=DIRECTION('',(-2.03067908843597E-16,1.,0.));
#2783=DIRECTION('',(-0.707106781186548,-0.707106781186547,0.));
#2784=DIRECTION('',(1.,0.,0.));
#2785=DIRECTION('',(1.,0.,0.));
#2786=DIRECTION('',(0.,-1.,0.));
#2787=DIRECTION('',(1.,0.,0.));
#2788=DIRECTION('',(0.,-1.,0.));
#2789=DIRECTION('',(9.10615997888087E-17,-1.,0.));
#2790=DIRECTION('',(1.,9.10615997888087E-17,0.));
#2791=DIRECTION('',(0.,0.,1.));
#2792=DIRECTION('',(-1.,-9.10615997888087E-17,0.));
#2793=DIRECTION('',(0.,0.,-1.));
#2794=DIRECTION('',(0.,1.,0.));
#2795=DIRECTION('',(0.,0.,1.));
#2796=DIRECTION('',(1.,0.,0.));
#2797=DIRECTION('',(0.,0.,-1.));
#2798=DIRECTION('',(0.,0.,-1.));
#2799=DIRECTION('',(0.,-0.707106781186547,0.707106781186548));
#2800=DIRECTION('',(-1.,0.,0.));
#2801=DIRECTION('',(-8.65956056235494E-17,0.707106781186548,0.707106781186547));
#2802=DIRECTION('',(1.,0.,0.));
#2803=DIRECTION('',(-0.281084637714819,-0.678598344545848,-0.678598344545847));
#2804=DIRECTION('',(0.,-0.707106781186548,-0.707106781186548));
#2805=DIRECTION('',(1.,0.,0.));
#2806=DIRECTION('',(-1.,0.,0.));
#2807=DIRECTION('',(8.65956056235494E-17,-0.707106781186548,0.707106781186548));
#2808=DIRECTION('',(-0.281084637714823,0.678598344545846,-0.678598344545846));
#2809=DIRECTION('',(1.,0.,0.));
#2810=DIRECTION('',(0.,0.,-1.));
#2811=DIRECTION('',(0.,-1.,0.));
#2812=DIRECTION('',(0.,0.,-1.));
#2813=DIRECTION('',(0.,-1.,0.));
#2814=DIRECTION('',(0.,0.,-1.));
#2815=DIRECTION('',(0.656178714924786,-0.754605522163505,0.));
#2816=DIRECTION('',(0.754605522163505,0.656178714924786,0.));
#2817=DIRECTION('',(-0.754605522163505,-0.656178714924786,0.));
#2818=DIRECTION('',(0.,0.,-1.));
#2819=DIRECTION('',(-0.754605522163505,-0.656178714924786,0.));
#2820=DIRECTION('',(0.,-1.,0.));
#2821=DIRECTION('',(0.,0.,-1.));
#2822=DIRECTION('',(-1.,0.,0.));
#2823=DIRECTION('',(0.,0.,-1.));
#2824=DIRECTION('',(-1.,0.,0.));
#2825=DIRECTION('',(-0.656178714924787,-0.754605522163504,0.));
#2826=DIRECTION('',(0.754605522163505,-0.656178714924787,0.));
#2827=DIRECTION('',(-0.754605522163504,0.656178714924787,0.));
#2828=DIRECTION('',(0.,0.,-1.));
#2829=DIRECTION('',(-0.754605522163504,0.656178714924787,0.));
#2830=DIRECTION('',(-1.,0.,0.));
#2831=DIRECTION('',(0.,0.,1.));
#2832=DIRECTION('',(0.,1.,0.));
#2833=DIRECTION('',(0.,0.,-1.));
#2834=DIRECTION('',(0.,1.,0.));
#2835=DIRECTION('',(-0.656178714924787,0.754605522163504,0.));
#2836=DIRECTION('',(-0.754605522163505,-0.656178714924787,0.));
#2837=DIRECTION('',(0.754605522163505,0.656178714924787,0.));
#2838=DIRECTION('',(0.,0.,-1.));
#2839=DIRECTION('',(0.754605522163505,0.656178714924787,0.));
#2840=DIRECTION('',(0.,1.,0.));
#2841=DIRECTION('',(0.,0.,1.));
#2842=DIRECTION('',(1.,0.,0.));
#2843=DIRECTION('',(0.,0.,-1.));
#2844=DIRECTION('',(1.,0.,0.));
#2845=DIRECTION('',(0.656178714924788,0.754605522163504,0.));
#2846=DIRECTION('',(-0.754605522163504,0.656178714924788,0.));
#2847=DIRECTION('',(0.754605522163504,-0.656178714924788,0.));
#2848=DIRECTION('',(0.754605522163504,-0.656178714924788,0.));
#2849=DIRECTION('',(1.,1.13826536662174E-16,0.));
#2850=DIRECTION('',(-1.13826536662174E-16,1.,0.));
#2851=DIRECTION('',(1.13826536662174E-16,-1.,0.));
#2852=DIRECTION('',(0.,0.,1.));
#2853=DIRECTION('',(1.,0.,0.));
#2854=DIRECTION('',(1.22464679914735E-16,-1.,0.));
#2855=DIRECTION('',(-0.707106781186548,-0.707106781186547,0.));
#2856=DIRECTION('',(2.03067908843597E-16,-1.,0.));
#2857=DIRECTION('',(0.707106781186548,-0.707106781186548,0.));
#2858=DIRECTION('',(1.22464679914735E-16,-1.,0.));
#2859=DIRECTION('',(0.,1.,0.));
#2860=DIRECTION('',(0.,0.,1.));
#2861=DIRECTION('',(0.,0.,-1.));
#2862=DIRECTION('',(1.,0.,0.));
#2863=DIRECTION('',(0.,0.,-1.));
#2864=DIRECTION('',(1.,0.,0.));
#2865=DIRECTION('',(1.,0.,0.));
#2866=DIRECTION('',(0.,0.,-1.));
#2867=DIRECTION('',(0.,-1.,0.));
#2868=DIRECTION('',(0.,-1.,0.));
#2869=DIRECTION('',(0.,0.,-1.));
#2870=DIRECTION('',(0.,1.,0.));
#2871=DIRECTION('',(0.,0.,1.));
#2872=DIRECTION('',(1.,0.,0.));
#2873=DIRECTION('',(1.,0.,0.));
#2874=DIRECTION('',(0.,0.,-1.));
#2875=DIRECTION('',(1.,-1.21972744404619E-16,0.));
#2876=DIRECTION('',(1.21972744404619E-16,1.,0.));
#2877=DIRECTION('',(-1.21972744404619E-16,-1.,0.));
#2878=DIRECTION('',(-1.21972744404619E-16,-1.,0.));
#2879=DIRECTION('',(0.656178714924786,-0.754605522163505,0.));
#2880=DIRECTION('',(0.754605522163505,0.656178714924786,0.));
#2881=DIRECTION('',(-0.754605522163505,-0.656178714924786,0.));
#2882=DIRECTION('',(0.,0.,-1.));
#2883=DIRECTION('',(-0.754605522163505,-0.656178714924786,0.));
#2884=DIRECTION('',(0.,0.,-1.));
#2885=DIRECTION('',(1.,0.,0.));
#2886=DIRECTION('',(0.,0.,-1.));
#2887=DIRECTION('',(0.,-1.,0.));
#2888=DIRECTION('',(0.,0.,-1.));
#2889=DIRECTION('',(0.,-1.,0.));
#2890=DIRECTION('',(0.656178714924788,0.754605522163504,0.));
#2891=DIRECTION('',(-0.754605522163504,0.656178714924788,0.));
#2892=DIRECTION('',(0.754605522163504,-0.656178714924788,0.));
#2893=DIRECTION('',(0.,0.,-1.));
#2894=DIRECTION('',(0.754605522163504,-0.656178714924788,0.));
#2895=DIRECTION('',(0.,1.,0.));
#2896=DIRECTION('',(0.,0.,1.));
#2897=DIRECTION('',(1.,0.,0.));
#2898=DIRECTION('',(0.,0.,-1.));
#2899=DIRECTION('',(1.,0.,0.));
#2900=DIRECTION('',(-0.656178714924787,0.754605522163504,0.));
#2901=DIRECTION('',(-0.754605522163505,-0.656178714924787,0.));
#2902=DIRECTION('',(0.754605522163505,0.656178714924787,0.));
#2903=DIRECTION('',(0.,0.,-1.));
#2904=DIRECTION('',(0.754605522163505,0.656178714924787,0.));
#2905=DIRECTION('',(-1.,0.,0.));
#2906=DIRECTION('',(0.,0.,1.));
#2907=DIRECTION('',(0.,1.,0.));
#2908=DIRECTION('',(0.,0.,-1.));
#2909=DIRECTION('',(0.,1.,0.));
#2910=DIRECTION('',(-0.656178714924787,-0.754605522163504,0.));
#2911=DIRECTION('',(0.754605522163505,-0.656178714924787,0.));
#2912=DIRECTION('',(-0.754605522163505,0.656178714924787,0.));
#2913=DIRECTION('',(0.,0.,-1.));
#2914=DIRECTION('',(-0.754605522163505,0.656178714924787,0.));
#2915=DIRECTION('',(0.,-1.,0.));
#2916=DIRECTION('',(0.,0.,-1.));
#2917=DIRECTION('',(0.,0.,-1.));
#2918=DIRECTION('',(-1.,0.,0.));
#2919=DIRECTION('',(0.,0.,-1.));
#2920=DIRECTION('',(-1.,0.,0.));
#2921=DIRECTION('',(0.,0.,-1.));
#2922=DIRECTION('',(-0.267384995479783,-0.963589780037271,0.));
#2923=DIRECTION('',(0.,0.,-1.));
#2924=DIRECTION('',(-1.,0.,0.));
#2925=DIRECTION('',(0.,0.,-1.));
#2926=DIRECTION('',(0.,0.,-1.));
#2927=DIRECTION('',(-1.,0.,0.));
#2928=DIRECTION('',(0.,0.,-1.));
#2929=DIRECTION('',(-0.70710678118659,-0.707106781186505,0.));
#2930=DIRECTION('',(0.,0.,-1.));
#2931=DIRECTION('',(-1.,0.,0.));
#2932=DIRECTION('',(0.,0.,-1.));
#2933=DIRECTION('',(0.,0.,-1.));
#2934=DIRECTION('',(-1.,0.,0.));
#2935=DIRECTION('',(0.,0.,-1.));
#2936=DIRECTION('',(-0.963589780037272,-0.267384995479778,0.));
#2937=DIRECTION('',(0.,0.,-1.));
#2938=DIRECTION('',(-1.,0.,0.));
#2939=DIRECTION('',(0.,0.,-1.));
#2940=DIRECTION('',(0.,0.,-1.));
#2941=DIRECTION('',(-1.,0.,0.));
#2942=DIRECTION('',(-1.,0.,0.));
#2943=DIRECTION('',(0.,0.,1.));
#2944=DIRECTION('',(0.,1.,0.));
#2945=DIRECTION('',(0.,0.,-1.));
#2946=DIRECTION('',(0.,1.,0.));
#2947=DIRECTION('',(0.,1.,0.));
#2948=DIRECTION('',(0.,0.,1.));
#2949=DIRECTION('',(1.,0.,0.));
#2950=DIRECTION('',(0.,0.,-1.));
#2951=DIRECTION('',(1.,0.,0.));
#2952=DIRECTION('',(1.,0.,0.));
#2953=DIRECTION('',(0.,0.,-1.));
#2954=DIRECTION('',(0.,-1.,0.));
#2955=DIRECTION('',(0.,0.,-1.));
#2956=DIRECTION('',(0.,-1.,0.));
#2957=DIRECTION('',(0.,0.,-1.));
#2958=DIRECTION('',(-0.924160355698693,-0.382004760382465,0.));
#2959=DIRECTION('',(0.,0.,-1.));
#2960=DIRECTION('',(-1.,0.,0.));
#2961=DIRECTION('',(0.,0.,-1.));
#2962=DIRECTION('',(0.,0.,-1.));
#2963=DIRECTION('',(-1.,0.,0.));
#2964=DIRECTION('',(0.,0.,-1.));
#2965=DIRECTION('',(-0.382004760381867,-0.92416035569894,0.));
#2966=DIRECTION('',(0.,0.,-1.));
#2967=DIRECTION('',(-1.,0.,0.));
#2968=DIRECTION('',(0.,0.,-1.));
#2969=DIRECTION('',(0.,0.,-1.));
#2970=DIRECTION('',(-1.,0.,0.));
#2971=DIRECTION('',(0.,1.,0.));
#2972=DIRECTION('',(0.,0.,1.));
#2973=DIRECTION('',(1.,0.,0.));
#2974=DIRECTION('',(0.,0.,-1.));
#2975=DIRECTION('',(1.,0.,0.));
#2976=DIRECTION('',(0.,0.,-1.));
#2977=DIRECTION('',(0.382004760381653,-0.924160355699029,0.));
#2978=DIRECTION('',(0.,0.,-1.));
#2979=DIRECTION('',(-1.,0.,0.));
#2980=DIRECTION('',(0.,0.,-1.));
#2981=DIRECTION('',(0.,0.,-1.));
#2982=DIRECTION('',(-1.,0.,0.));
#2983=DIRECTION('',(0.,0.,-1.));
#2984=DIRECTION('',(0.924160355698749,-0.382004760382331,0.));
#2985=DIRECTION('',(0.,0.,-1.));
#2986=DIRECTION('',(-1.,0.,0.));
#2987=DIRECTION('',(0.,0.,-1.));
#2988=DIRECTION('',(0.,0.,-1.));
#2989=DIRECTION('',(-1.,0.,0.));
#2990=DIRECTION('',(-1.,0.,0.));
#2991=DIRECTION('',(0.,0.,1.));
#2992=DIRECTION('',(0.,1.,0.));
#2993=DIRECTION('',(0.,0.,-1.));
#2994=DIRECTION('',(0.,1.,0.));
#2995=DIRECTION('',(0.,0.,-1.));
#2996=DIRECTION('',(0.92257001260539,0.385829718711884,0.));
#2997=DIRECTION('',(0.,0.,-1.));
#2998=DIRECTION('',(-1.,0.,0.));
#2999=DIRECTION('',(0.,0.,-1.));
#3000=DIRECTION('',(0.,0.,-1.));
#3001=DIRECTION('',(-1.,0.,0.));
#3002=DIRECTION('',(0.,0.,-1.));
#3003=DIRECTION('',(0.375496142012105,0.926823957035005,0.));
#3004=DIRECTION('',(0.,0.,-1.));
#3005=DIRECTION('',(-1.,0.,0.));
#3006=DIRECTION('',(0.,0.,-1.));
#3007=DIRECTION('',(0.,0.,-1.));
#3008=DIRECTION('',(-1.,0.,0.));
#3009=DIRECTION('',(0.,-1.,0.));
#3010=DIRECTION('',(0.,0.,-1.));
#3011=DIRECTION('',(-1.,0.,0.));
#3012=DIRECTION('',(0.,0.,-1.));
#3013=DIRECTION('',(-1.,0.,0.));
#3014=DIRECTION('',(-1.,0.,0.));
#3015=DIRECTION('',(0.,0.,1.));
#3016=DIRECTION('',(0.,1.,0.));
#3017=DIRECTION('',(0.,0.,-1.));
#3018=DIRECTION('',(0.,1.,0.));
#3019=DIRECTION('',(0.,1.,0.));
#3020=DIRECTION('',(0.,0.,1.));
#3021=DIRECTION('',(1.,0.,0.));
#3022=DIRECTION('',(0.,0.,-1.));
#3023=DIRECTION('',(1.,0.,0.));
#3024=DIRECTION('',(1.,0.,0.));
#3025=DIRECTION('',(0.,0.,-1.));
#3026=DIRECTION('',(0.,-1.,0.));
#3027=DIRECTION('',(0.,0.,-1.));
#3028=DIRECTION('',(0.,-1.,0.));
#3029=DIRECTION('',(0.,-1.,0.));
#3030=DIRECTION('',(0.,0.,-1.));
#3031=DIRECTION('',(-1.,0.,0.));
#3032=DIRECTION('',(0.,0.,-1.));
#3033=DIRECTION('',(-1.,0.,0.));
#3034=DIRECTION('',(0.,0.,-1.));
#3035=DIRECTION('',(-0.382004760381606,0.924160355699048,0.));
#3036=DIRECTION('',(0.,0.,-1.));
#3037=DIRECTION('',(-1.,0.,0.));
#3038=DIRECTION('',(0.,0.,-1.));
#3039=DIRECTION('',(0.,0.,-1.));
#3040=DIRECTION('',(-1.,0.,0.));
#3041=DIRECTION('',(0.,0.,-1.));
#3042=DIRECTION('',(-0.924160355698753,0.382004760382321,0.));
#3043=DIRECTION('',(0.,0.,-1.));
#3044=DIRECTION('',(-1.,0.,0.));
#3045=DIRECTION('',(0.,0.,-1.));
#3046=DIRECTION('',(0.,0.,-1.));
#3047=DIRECTION('',(-1.,0.,0.));
#3048=DIRECTION('',(1.,0.,0.));
#3049=DIRECTION('',(0.,0.,-1.));
#3050=DIRECTION('',(0.,-1.,0.));
#3051=DIRECTION('',(0.,0.,-1.));
#3052=DIRECTION('',(0.,-1.,0.));
#3053=DIRECTION('',(0.,0.,-1.));
#3054=DIRECTION('',(-0.924160355699129,-0.382004760381411,0.));
#3055=DIRECTION('',(0.,0.,-1.));
#3056=DIRECTION('',(-1.,0.,0.));
#3057=DIRECTION('',(0.,0.,-1.));
#3058=DIRECTION('',(0.,0.,-1.));
#3059=DIRECTION('',(-1.,0.,0.));
#3060=DIRECTION('',(0.,0.,-1.));
#3061=DIRECTION('',(-0.382004760381756,-0.924160355698986,0.));
#3062=DIRECTION('',(0.,0.,-1.));
#3063=DIRECTION('',(-1.,0.,0.));
#3064=DIRECTION('',(0.,0.,-1.));
#3065=DIRECTION('',(0.,0.,-1.));
#3066=DIRECTION('',(-1.,0.,0.));
#3067=DIRECTION('',(0.,1.,0.));
#3068=DIRECTION('',(0.,0.,1.));
#3069=DIRECTION('',(1.,0.,0.));
#3070=DIRECTION('',(0.,0.,-1.));
#3071=DIRECTION('',(1.,0.,0.));
#3072=DIRECTION('',(0.,0.,-1.));
#3073=DIRECTION('',(0.259371933862764,0.965777510570778,0.));
#3074=DIRECTION('',(0.,0.,-1.));
#3075=DIRECTION('',(-1.,0.,0.));
#3076=DIRECTION('',(0.,0.,-1.));
#3077=DIRECTION('',(0.,0.,-1.));
#3078=DIRECTION('',(-1.,0.,0.));
#3079=DIRECTION('',(0.,0.,-1.));
#3080=DIRECTION('',(0.707106781186521,0.707106781186574,0.));
#3081=DIRECTION('',(0.,0.,-1.));
#3082=DIRECTION('',(-1.,0.,0.));
#3083=DIRECTION('',(0.,0.,-1.));
#3084=DIRECTION('',(0.,0.,-1.));
#3085=DIRECTION('',(-1.,0.,0.));
#3086=DIRECTION('',(0.,0.,-1.));
#3087=DIRECTION('',(0.965777510570745,0.259371933862888,0.));
#3088=DIRECTION('',(0.,0.,-1.));
#3089=DIRECTION('',(-1.,0.,0.));
#3090=DIRECTION('',(0.,0.,-1.));
#3091=DIRECTION('',(0.,0.,-1.));
#3092=DIRECTION('',(-1.,0.,0.));
#3093=DIRECTION('',(1.,0.,0.));
#3094=DIRECTION('',(0.,0.,-1.));
#3095=DIRECTION('',(0.,-1.,0.));
#3096=DIRECTION('',(0.,0.,-1.));
#3097=DIRECTION('',(0.,-1.,0.));
#3098=DIRECTION('',(0.,0.,-1.));
#3099=DIRECTION('',(0.963589780037346,-0.267384995479514,0.));
#3100=DIRECTION('',(0.,0.,-1.));
#3101=DIRECTION('',(-1.,0.,0.));
#3102=DIRECTION('',(0.,0.,-1.));
#3103=DIRECTION('',(0.,0.,-1.));
#3104=DIRECTION('',(-1.,0.,0.));
#3105=DIRECTION('',(0.,0.,-1.));
#3106=DIRECTION('',(0.707106781186583,-0.707106781186512,0.));
#3107=DIRECTION('',(0.,0.,-1.));
#3108=DIRECTION('',(-1.,0.,0.));
#3109=DIRECTION('',(0.,0.,-1.));
#3110=DIRECTION('',(0.,0.,-1.));
#3111=DIRECTION('',(-1.,0.,0.));
#3112=DIRECTION('',(1.,0.,0.));
#3113=DIRECTION('',(0.,0.,-1.));
#3114=DIRECTION('',(0.,-1.,0.));
#3115=DIRECTION('',(0.,0.,-1.));
#3116=DIRECTION('',(0.,-1.,0.));
#3117=DIRECTION('',(0.,0.,-1.));
#3118=DIRECTION('',(0.,1.,0.));
#3119=DIRECTION('',(0.,0.,1.));
#3120=DIRECTION('',(1.,0.,0.));
#3121=DIRECTION('',(0.,0.,-1.));
#3122=DIRECTION('',(1.,0.,0.));
#3123=DIRECTION('',(1.,0.,0.));
#3124=DIRECTION('',(0.,0.,-1.));
#3125=DIRECTION('',(0.,-1.,0.));
#3126=DIRECTION('',(0.,0.,-1.));
#3127=DIRECTION('',(0.,-1.,0.));
#3128=DIRECTION('',(0.,-1.,0.));
#3129=DIRECTION('',(0.,0.,-1.));
#3130=DIRECTION('',(0.,0.,-1.));
#3131=DIRECTION('',(-1.,0.,0.));
#3132=DIRECTION('',(0.,0.,-1.));
#3133=DIRECTION('',(-1.,0.,0.));
#3134=DIRECTION('',(0.,0.,-1.));
#3135=DIRECTION('',(-0.267384995479784,-0.963589780037271,0.));
#3136=DIRECTION('',(0.,0.,-1.));
#3137=DIRECTION('',(-1.,0.,0.));
#3138=DIRECTION('',(0.,0.,-1.));
#3139=DIRECTION('',(0.,0.,-1.));
#3140=DIRECTION('',(-1.,0.,0.));
#3141=DIRECTION('',(0.,0.,-1.));
#3142=DIRECTION('',(-0.707106781186585,-0.70710678118651,0.));
#3143=DIRECTION('',(0.,0.,-1.));
#3144=DIRECTION('',(-1.,0.,0.));
#3145=DIRECTION('',(0.,0.,-1.));
#3146=DIRECTION('',(0.,0.,-1.));
#3147=DIRECTION('',(-1.,0.,0.));
#3148=DIRECTION('',(0.,0.,-1.));
#3149=DIRECTION('',(-0.963589780037273,-0.267384995479775,0.));
#3150=DIRECTION('',(0.,0.,-1.));
#3151=DIRECTION('',(-1.,0.,0.));
#3152=DIRECTION('',(0.,0.,-1.));
#3153=DIRECTION('',(0.,0.,-1.));
#3154=DIRECTION('',(-1.,0.,0.));
#3155=DIRECTION('',(-1.,0.,0.));
#3156=DIRECTION('',(0.,0.,1.));
#3157=DIRECTION('',(0.,1.,0.));
#3158=DIRECTION('',(0.,0.,-1.));
#3159=DIRECTION('',(0.,1.,0.));
#3160=DIRECTION('',(0.,0.,-1.));
#3161=DIRECTION('',(-0.964184967363632,0.265230746162641,0.));
#3162=DIRECTION('',(0.,0.,-1.));
#3163=DIRECTION('',(-1.,0.,0.));
#3164=DIRECTION('',(0.,0.,-1.));
#3165=DIRECTION('',(0.,0.,-1.));
#3166=DIRECTION('',(-1.,0.,0.));
#3167=DIRECTION('',(0.,0.,-1.));
#3168=DIRECTION('',(-0.703566316564711,0.710629606894875,0.));
#3169=DIRECTION('',(0.,0.,-1.));
#3170=DIRECTION('',(-1.,0.,0.));
#3171=DIRECTION('',(0.,0.,-1.));
#3172=DIRECTION('',(0.,0.,-1.));
#3173=DIRECTION('',(-1.,0.,0.));
#3174=DIRECTION('',(0.,0.,-1.));
#3175=DIRECTION('',(-0.261544649569496,0.965191378060108,0.));
#3176=DIRECTION('',(0.,0.,-1.));
#3177=DIRECTION('',(-1.,0.,0.));
#3178=DIRECTION('',(0.,0.,-1.));
#3179=DIRECTION('',(0.,0.,-1.));
#3180=DIRECTION('',(-1.,0.,0.));
#3181=DIRECTION('',(0.,1.,0.));
#3182=DIRECTION('',(0.,0.,1.));
#3183=DIRECTION('',(1.,0.,0.));
#3184=DIRECTION('',(0.,0.,-1.));
#3185=DIRECTION('',(1.,0.,0.));
#3186=DIRECTION('',(1.,0.,0.));
#3187=DIRECTION('',(0.,0.,-1.));
#3188=DIRECTION('',(0.,-1.,0.));
#3189=DIRECTION('',(0.,0.,-1.));
#3190=DIRECTION('',(0.,-1.,0.));
#3191=DIRECTION('',(0.,-1.,0.));
#3192=DIRECTION('',(0.,0.,-1.));
#3193=DIRECTION('',(-1.,0.,0.));
#3194=DIRECTION('',(0.,0.,-1.));
#3195=DIRECTION('',(-1.,0.,0.));
#3196=DIRECTION('',(0.,0.,-1.));
#3197=DIRECTION('',(-0.38200476038163,0.924160355699038,0.));
#3198=DIRECTION('',(0.,0.,-1.));
#3199=DIRECTION('',(-1.,0.,0.));
#3200=DIRECTION('',(0.,0.,-1.));
#3201=DIRECTION('',(0.,0.,-1.));
#3202=DIRECTION('',(-1.,0.,0.));
#3203=DIRECTION('',(0.,0.,-1.));
#3204=DIRECTION('',(-0.924160355698751,0.382004760382326,0.));
#3205=DIRECTION('',(0.,0.,-1.));
#3206=DIRECTION('',(-1.,0.,0.));
#3207=DIRECTION('',(0.,0.,-1.));
#3208=DIRECTION('',(0.,0.,-1.));
#3209=DIRECTION('',(-1.,0.,0.));
#3210=DIRECTION('',(1.,0.,0.));
#3211=DIRECTION('',(0.,0.,-1.));
#3212=DIRECTION('',(0.,-1.,0.));
#3213=DIRECTION('',(0.,0.,-1.));
#3214=DIRECTION('',(0.,-1.,0.));
#3215=DIRECTION('',(0.,0.,-1.));
#3216=DIRECTION('',(-0.92257001260553,-0.385829718711548,0.));
#3217=DIRECTION('',(0.,0.,-1.));
#3218=DIRECTION('',(-1.,0.,0.));
#3219=DIRECTION('',(0.,0.,-1.));
#3220=DIRECTION('',(0.,0.,-1.));
#3221=DIRECTION('',(-1.,0.,0.));
#3222=DIRECTION('',(0.,0.,-1.));
#3223=DIRECTION('',(-0.375496142013929,-0.926823957034266,0.));
#3224=DIRECTION('',(0.,0.,-1.));
#3225=DIRECTION('',(-1.,0.,0.));
#3226=DIRECTION('',(0.,0.,-1.));
#3227=DIRECTION('',(0.,0.,-1.));
#3228=DIRECTION('',(-1.,0.,0.));
#3229=DIRECTION('',(0.,1.,0.));
#3230=DIRECTION('',(0.,0.,1.));
#3231=DIRECTION('',(1.,0.,0.));
#3232=DIRECTION('',(0.,0.,-1.));
#3233=DIRECTION('',(1.,0.,0.));
#3234=DIRECTION('',(0.,0.,-1.));
#3235=DIRECTION('',(0.259371933862764,0.965777510570778,0.));
#3236=DIRECTION('',(0.,0.,-1.));
#3237=DIRECTION('',(-1.,0.,0.));
#3238=DIRECTION('',(0.,0.,-1.));
#3239=DIRECTION('',(0.,0.,-1.));
#3240=DIRECTION('',(-1.,0.,0.));
#3241=DIRECTION('',(0.,0.,-1.));
#3242=DIRECTION('',(0.707106781186519,0.707106781186576,0.));
#3243=DIRECTION('',(0.,0.,-1.));
#3244=DIRECTION('',(-1.,0.,0.));
#3245=DIRECTION('',(0.,0.,-1.));
#3246=DIRECTION('',(0.,0.,-1.));
#3247=DIRECTION('',(-1.,0.,0.));
#3248=DIRECTION('',(0.,0.,-1.));
#3249=DIRECTION('',(0.965871903940951,0.259020202257433,0.));
#3250=DIRECTION('',(0.,0.,-1.));
#3251=DIRECTION('',(-1.,0.,0.));
#3252=DIRECTION('',(0.,0.,-1.));
#3253=DIRECTION('',(0.,0.,-1.));
#3254=DIRECTION('',(-1.,0.,0.));
#3255=DIRECTION('',(1.,0.,0.));
#3256=DIRECTION('',(0.,0.,-1.));
#3257=DIRECTION('',(0.,-1.,0.));
#3258=DIRECTION('',(0.,0.,-1.));
#3259=DIRECTION('',(0.,-1.,0.));
#3260=DIRECTION('',(0.,0.,-1.));
#3261=DIRECTION('',(0.963589780037266,-0.267384995479803,0.));
#3262=DIRECTION('',(0.,0.,-1.));
#3263=DIRECTION('',(-1.,0.,0.));
#3264=DIRECTION('',(0.,0.,-1.));
#3265=DIRECTION('',(0.,0.,-1.));
#3266=DIRECTION('',(-1.,0.,0.));
#3267=DIRECTION('',(0.,0.,-1.));
#3268=DIRECTION('',(0.707106781186599,-0.707106781186496,0.));
#3269=DIRECTION('',(0.,0.,-1.));
#3270=DIRECTION('',(-1.,0.,0.));
#3271=DIRECTION('',(0.,0.,-1.));
#3272=DIRECTION('',(0.,0.,-1.));
#3273=DIRECTION('',(-1.,0.,0.));
#3274=DIRECTION('',(0.,-1.,0.));
#3275=DIRECTION('',(0.,0.,-1.));
#3276=DIRECTION('',(0.,0.,-1.));
#3277=DIRECTION('',(-1.,0.,0.));
#3278=DIRECTION('',(0.,0.,-1.));
#3279=DIRECTION('',(-1.,0.,0.));
#3280=DIRECTION('',(-1.,0.,0.));
#3281=DIRECTION('',(0.,0.,1.));
#3282=DIRECTION('',(0.,1.,0.));
#3283=DIRECTION('',(0.,0.,-1.));
#3284=DIRECTION('',(0.,1.,0.));
#3285=DIRECTION('',(0.,1.,0.));
#3286=DIRECTION('',(0.,0.,1.));
#3287=DIRECTION('',(1.,0.,0.));
#3288=DIRECTION('',(0.,0.,-1.));
#3289=DIRECTION('',(1.,0.,0.));
#3290=DIRECTION('',(0.765818570024267,0.64305669874902,0.));
#3291=DIRECTION('',(-0.64305669874902,0.765818570024267,0.));
#3292=DIRECTION('',(0.64305669874902,-0.765818570024267,0.));
#3293=DIRECTION('',(0.,0.,-1.));
#3294=DIRECTION('',(0.64305669874902,-0.765818570024267,0.));
#3295=DIRECTION('',(-0.767145852372778,0.641472712737841,0.));
#3296=DIRECTION('',(-0.641472712737841,-0.767145852372778,0.));
#3297=DIRECTION('',(0.641472712737841,0.767145852372778,0.));
#3298=DIRECTION('',(0.,0.,-1.));
#3299=DIRECTION('',(0.641472712737841,0.767145852372778,0.));
#3300=DIRECTION('',(0.,1.,0.));
#3301=DIRECTION('',(0.,0.,1.));
#3302=DIRECTION('',(1.,0.,0.));
#3303=DIRECTION('',(0.,0.,-1.));
#3304=DIRECTION('',(1.,0.,0.));
#3305=DIRECTION('',(1.,0.,0.));
#3306=DIRECTION('',(0.,0.,-1.));
#3307=DIRECTION('',(0.,-1.,0.));
#3308=DIRECTION('',(0.,0.,-1.));
#3309=DIRECTION('',(0.,-1.,0.));
#3310=DIRECTION('',(0.,-1.,0.));
#3311=DIRECTION('',(0.,0.,-1.));
#3312=DIRECTION('',(-1.,0.,0.));
#3313=DIRECTION('',(0.,0.,-1.));
#3314=DIRECTION('',(-1.,0.,0.));
#3315=DIRECTION('',(-1.,0.,0.));
#3316=DIRECTION('',(0.,0.,1.));
#3317=DIRECTION('',(0.,1.,0.));
#3318=DIRECTION('',(0.,0.,-1.));
#3319=DIRECTION('',(0.,1.,0.));
#3320=DIRECTION('',(0.765741125487398,-0.643148916455041,0.));
#3321=DIRECTION('',(0.643148916455041,0.765741125487398,0.));
#3322=DIRECTION('',(-0.643148916455041,-0.765741125487398,0.));
#3323=DIRECTION('',(0.,0.,-1.));
#3324=DIRECTION('',(-0.643148916455041,-0.765741125487398,0.));
#3325=DIRECTION('',(-0.763553833760333,-0.645744177635306,0.));
#3326=DIRECTION('',(0.645744177635306,-0.763553833760333,0.));
#3327=DIRECTION('',(-0.645744177635306,0.763553833760333,0.));
#3328=DIRECTION('',(0.,0.,-1.));
#3329=DIRECTION('',(-0.645744177635306,0.763553833760333,0.));
#3330=DIRECTION('',(0.,0.,-1.));
#3331=DIRECTION('',(0.267384995479778,-0.963589780037272,0.));
#3332=DIRECTION('',(0.,0.,-1.));
#3333=DIRECTION('',(-1.,0.,0.));
#3334=DIRECTION('',(0.,0.,-1.));
#3335=DIRECTION('',(-1.,0.,0.));
#3336=DIRECTION('',(0.,1.,0.));
#3337=DIRECTION('',(0.,0.,1.));
#3338=DIRECTION('',(1.,0.,0.));
#3339=DIRECTION('',(1.,0.,0.));
#3340=DIRECTION('',(0.,0.,-1.));
#3341=DIRECTION('',(0.267384995479779,-0.963589780037272,0.));
#3342=DIRECTION('',(0.,0.,-1.));
#3343=DIRECTION('',(-1.,0.,0.));
#3344=DIRECTION('',(0.,0.,-1.));
#3345=DIRECTION('',(-1.,0.,0.));
#3346=DIRECTION('',(1.,0.,0.));
#3347=DIRECTION('',(0.,0.,-1.));
#3348=DIRECTION('',(0.,-1.,0.));
#3349=DIRECTION('',(0.,-1.,0.));
#3350=DIRECTION('',(0.,-1.,0.));
#3351=DIRECTION('',(0.,0.,-1.));
#3352=DIRECTION('',(-1.,0.,0.));
#3353=DIRECTION('',(-1.,0.,0.));
#3354=DIRECTION('',(0.,0.,1.));
#3355=DIRECTION('',(1.,0.,0.));
#3356=DIRECTION('',(0.,0.,1.));
#3357=DIRECTION('',(1.,0.,0.));
#3358=DIRECTION('',(0.,0.,1.));
#3359=DIRECTION('',(1.,0.,0.));
#3360=DIRECTION('',(0.,0.,-1.));
#3361=DIRECTION('',(-0.382004760382012,-0.924160355698881,0.));
#3362=DIRECTION('',(0.,0.,-1.));
#3363=DIRECTION('',(-1.,0.,0.));
#3364=DIRECTION('',(0.,0.,-1.));
#3365=DIRECTION('',(0.,0.,-1.));
#3366=DIRECTION('',(-1.,0.,0.));
#3367=DIRECTION('',(0.,0.,-1.));
#3368=DIRECTION('',(0.,1.,0.));
#3369=DIRECTION('',(0.,0.,1.));
#3370=DIRECTION('',(1.,0.,0.));
#3371=DIRECTION('',(0.,0.,-1.));
#3372=DIRECTION('',(1.,0.,0.));
#3373=DIRECTION('',(0.,0.,-1.));
#3374=DIRECTION('',(0.382004760381613,-0.924160355699046,0.));
#3375=DIRECTION('',(0.,0.,-1.));
#3376=DIRECTION('',(-1.,0.,0.));
#3377=DIRECTION('',(0.,0.,-1.));
#3378=DIRECTION('',(0.,0.,-1.));
#3379=DIRECTION('',(-1.,0.,0.));
#3380=DIRECTION('',(0.,0.,-1.));
#3381=DIRECTION('',(0.92416035569881,-0.382004760382184,0.));
#3382=DIRECTION('',(0.,0.,-1.));
#3383=DIRECTION('',(-1.,0.,0.));
#3384=DIRECTION('',(0.,0.,-1.));
#3385=DIRECTION('',(0.,0.,-1.));
#3386=DIRECTION('',(-1.,0.,0.));
#3387=DIRECTION('',(-1.,0.,0.));
#3388=DIRECTION('',(0.,0.,1.));
#3389=DIRECTION('',(0.,1.,0.));
#3390=DIRECTION('',(0.,0.,-1.));
#3391=DIRECTION('',(0.,1.,0.));
#3392=DIRECTION('',(0.,0.,-1.));
#3393=DIRECTION('',(0.924160355698969,0.382004760381797,0.));
#3394=DIRECTION('',(0.,0.,-1.));
#3395=DIRECTION('',(-1.,0.,0.));
#3396=DIRECTION('',(0.,0.,-1.));
#3397=DIRECTION('',(0.,0.,-1.));
#3398=DIRECTION('',(-1.,0.,0.));
#3399=DIRECTION('',(0.,0.,-1.));
#3400=DIRECTION('',(0.382004760381847,0.924160355698949,0.));
#3401=DIRECTION('',(0.,0.,-1.));
#3402=DIRECTION('',(-1.,0.,0.));
#3403=DIRECTION('',(0.,0.,-1.));
#3404=DIRECTION('',(0.,0.,-1.));
#3405=DIRECTION('',(-1.,0.,0.));
#3406=DIRECTION('',(0.,-1.,0.));
#3407=DIRECTION('',(0.,0.,-1.));
#3408=DIRECTION('',(-1.,0.,0.));
#3409=DIRECTION('',(0.,0.,-1.));
#3410=DIRECTION('',(-1.,0.,0.));
#3411=DIRECTION('',(1.,0.,0.));
#3412=DIRECTION('',(0.,0.,-1.));
#3413=DIRECTION('',(0.,-1.,0.));
#3414=DIRECTION('',(0.,0.,-1.));
#3415=DIRECTION('',(0.,-1.,0.));
#3416=DIRECTION('',(0.,0.,-1.));
#3417=DIRECTION('',(-0.924160355698674,-0.382004760382511,0.));
#3418=DIRECTION('',(0.,0.,-1.));
#3419=DIRECTION('',(-1.,0.,0.));
#3420=DIRECTION('',(0.,0.,-1.));
#3421=DIRECTION('',(-1.,0.,0.));
#3422=DIRECTION('',(0.,0.,1.));
#3423=DIRECTION('',(1.,0.,0.));
#3424=DIRECTION('',(0.,0.,1.));
#3425=DIRECTION('',(1.,0.,0.));
#3426=DIRECTION('',(0.,0.,1.));
#3427=DIRECTION('',(1.,0.,0.));
#3428=DIRECTION('',(0.,0.,1.));
#3429=DIRECTION('',(1.,0.,0.));
#3430=DIRECTION('',(0.,0.,1.));
#3431=DIRECTION('',(1.,0.,0.));
#3432=DIRECTION('',(0.707106781186548,1.43590695384679E-16,-0.707106781186548));
#3433=DIRECTION('',(-2.03067908843597E-16,1.,0.));
#3434=DIRECTION('',(-0.678598344545846,0.281084637714824,-0.678598344545846));
#3435=DIRECTION('',(0.678598344545847,0.28108463771482,0.678598344545847));
#3436=DIRECTION('',(0.5,0.5,-0.707106781186547));
#3437=DIRECTION('',(0.707106781186548,-0.707106781186548,0.));
#3438=DIRECTION('',(-0.5,0.5,0.707106781186549));
#3439=DIRECTION('',(0.707106781186548,0.707106781186547,0.));
#3440=DIRECTION('',(1.,1.22464679914735E-16,0.));
#3441=DIRECTION('',(-1.22464679914735E-16,1.,0.));
#3442=DIRECTION('',(1.,1.22464679914735E-16,0.));
#3443=DIRECTION('',(-1.22464679914735E-16,1.,0.));
#3444=DIRECTION('',(0.,1.,0.));
#3445=DIRECTION('',(0.,0.,1.));
#3446=DIRECTION('',(0.,0.,1.));
#3447=DIRECTION('',(-1.,0.,0.));
#3448=DIRECTION('',(0.,0.,1.));
#3449=DIRECTION('',(1.,0.,0.));
#3450=DIRECTION('',(0.,0.,-1.));
#3451=DIRECTION('',(0.,1.,0.));
#3452=DIRECTION('',(0.,0.,1.));
#3453=DIRECTION('',(0.,1.,0.));
#3454=DIRECTION('',(0.,0.,1.));
#3455=DIRECTION('',(-1.,0.,0.));
#3456=DIRECTION('',(0.,0.,1.));
#3457=DIRECTION('',(1.,0.,0.));
#3458=DIRECTION('',(0.,0.,-1.));
#3459=DIRECTION('',(0.,1.,0.));
#3460=DIRECTION('',(0.,0.,1.));
#3461=DIRECTION('',(1.,0.,0.));
#3462=DIRECTION('',(0.,-1.,0.));
#3463=DIRECTION('',(0.,0.,-1.));
#3464=DIRECTION('',(0.,0.,1.));
#3465=DIRECTION('',(1.,0.,0.));
#3466=DIRECTION('',(0.,0.,1.));
#3467=DIRECTION('',(-1.,0.,0.));
#3468=DIRECTION('',(0.,0.,1.));
#3469=DIRECTION('',(0.,-1.,0.));
#3470=DIRECTION('',(0.,0.,1.));
#3471=DIRECTION('',(0.,-1.,0.));
#3472=DIRECTION('',(0.,0.,-1.));
#3473=DIRECTION('',(1.,0.,0.));
#3474=DIRECTION('',(0.,0.,1.));
#3475=DIRECTION('',(-1.,0.,0.));
#3476=DIRECTION('',(0.,0.,1.));
#3477=DIRECTION('',(0.,-1.,0.));
#3478=DIRECTION('',(0.,0.,1.));
#3479=DIRECTION('',(1.,0.,0.));
#3480=CARTESIAN_POINT('',(0.,0.,0.));
#3481=CARTESIAN_POINT('',(0.152638125,-0.053736875,0.0125));
#3482=CARTESIAN_POINT('',(-0.02077125,-0.1098775,0.0125));
#3483=CARTESIAN_POINT('',(-0.01862125,-0.1098775,0.0125));
#3484=CARTESIAN_POINT('',(-0.02292125,-0.1098775,0.0125));
#3485=CARTESIAN_POINT('',(-0.01862125,-0.0904248100113862,0.0125));
#3486=CARTESIAN_POINT('',(-0.01862125,-0.0709721200227725,0.0125));
#3487=CARTESIAN_POINT('',(-0.02077125,-0.0709721200227725,0.0125));
#3488=CARTESIAN_POINT('',(-0.02292125,-0.0709721200227725,0.0125));
#3489=CARTESIAN_POINT('',(-0.02292125,-0.0904248100113862,0.0125));
#3490=CARTESIAN_POINT('',(0.0895325019999999,-0.053736875,0.0125));
#3491=CARTESIAN_POINT('',(0.0895325019999999,-0.0120666149941768,0.0125));
#3492=CARTESIAN_POINT('',(0.0895325019999999,0.01460375,0.0125));
#3493=CARTESIAN_POINT('',(0.0228568558349945,-0.0120666149941769,0.0125));
#3494=CARTESIAN_POINT('',(0.0133318558349945,-0.0120666149941769,0.0125));
#3495=CARTESIAN_POINT('',(0.0133318558349945,-0.0692167699941769,0.0125));
#3496=CARTESIAN_POINT('',(0.0133318558349945,-0.107316924994177,0.0125));
#3497=CARTESIAN_POINT('',(0.308606930834995,-0.107316924994177,0.0125));
#3498=CARTESIAN_POINT('',(0.227643430834994,-0.107316924994177,0.0125));
#3499=CARTESIAN_POINT('',(0.227643430834994,-0.053736875,0.0125));
#3500=CARTESIAN_POINT('',(0.227643430834994,-0.1220775,0.0125));
#3501=CARTESIAN_POINT('',(0.152638125,-0.1220775,0.0125));
#3502=CARTESIAN_POINT('',(-0.01762125,-0.1220775,0.0125));
#3503=CARTESIAN_POINT('',(-0.01762125,-0.1220775,0.0125));
#3504=CARTESIAN_POINT('',(-0.02762125,-0.1120775,0.0125));
#3505=CARTESIAN_POINT('',(-0.02762125,-0.053736875,0.0125));
#3506=CARTESIAN_POINT('',(-0.02762125,0.00460375,0.0125));
#3507=CARTESIAN_POINT('',(-0.02762125,0.00460375,0.0125));
#3508=CARTESIAN_POINT('',(-0.01762125,0.01460375,0.0125));
#3509=CARTESIAN_POINT('',(0.152638125,0.01460375,0.0125));
#3510=CARTESIAN_POINT('',(0.14430375,-0.1130775,0.0125));
#3511=CARTESIAN_POINT('',(0.0936733700227725,-0.1130775,0.0125));
#3512=CARTESIAN_POINT('',(0.194934129977228,-0.1130775,0.0125));
#3513=CARTESIAN_POINT('',(0.0936733700227725,-0.1152275,0.0125));
#3514=CARTESIAN_POINT('',(0.0936733700227725,-0.1173775,0.0125));
#3515=CARTESIAN_POINT('',(0.14430375,-0.1173775,0.0125));
#3516=CARTESIAN_POINT('',(0.194934129977228,-0.1173775,0.0125));
#3517=CARTESIAN_POINT('',(0.194934129977228,-0.1152275,0.0125));
#3518=CARTESIAN_POINT('',(0.0228568558349945,-0.0120666149941769,0.0155));
#3519=CARTESIAN_POINT('',(0.0895325019999999,-0.0120666149941769,0.0155));
#3520=CARTESIAN_POINT('',(0.0895325019999999,-0.0120666149941768,0.0155));
#3521=CARTESIAN_POINT('',(0.0228568558349945,-0.0120666149941769,0.0155));
#3522=CARTESIAN_POINT('',(0.0133318558349945,-0.0120666149941769,0.0155));
#3523=CARTESIAN_POINT('',(0.0133318558349945,-0.0120666149941769,0.0155));
#3524=CARTESIAN_POINT('',(0.308606930834995,-0.107316924994177,0.0155));
#3525=CARTESIAN_POINT('',(0.308606930834995,-0.107316924994177,0.0155));
#3526=CARTESIAN_POINT('',(0.0133318558349945,-0.107316924994177,0.0155));
#3527=CARTESIAN_POINT('',(0.227643430834994,-0.107316924994177,0.0155));
#3528=CARTESIAN_POINT('',(0.227643430834994,-0.107316924994177,0.0155));
#3529=CARTESIAN_POINT('',(0.0133318558349945,-0.107316924994177,0.0155));
#3530=CARTESIAN_POINT('',(0.152638125,-0.1190775,0.0155));
#3531=CARTESIAN_POINT('',(0.227643430834994,-0.1190775,0.0155));
#3532=CARTESIAN_POINT('',(0.227643430834994,-0.1190775,0.0155));
#3533=CARTESIAN_POINT('',(0.3228975,-0.1190775,0.0155));
#3534=CARTESIAN_POINT('',(-0.0163786093128807,-0.1190775,0.0155));
#3535=CARTESIAN_POINT('',(-0.0221707341566281,-0.133060926352733,0.00151657364726659));
#3536=CARTESIAN_POINT('',(0.152638125,0.01460375,0.0125));
#3537=CARTESIAN_POINT('',(0.152638125,0.01160375,0.0155));
#3538=CARTESIAN_POINT('',(0.0895325019999999,0.01160375,0.0155));
#3539=CARTESIAN_POINT('',(-0.0163786093128807,0.01160375,0.0155));
#3540=CARTESIAN_POINT('',(0.0895325019999999,0.01460375,0.0125));
#3541=CARTESIAN_POINT('',(-0.00416929964615659,-0.0178721309846179,0.044975880984618));
#3542=CARTESIAN_POINT('',(-0.01362125,-0.05969,0.0155));
#3543=CARTESIAN_POINT('',(-0.01362125,-0.05969,0.014));
#3544=CARTESIAN_POINT('',(-0.01362125,-0.0442343695083367,0.014));
#3545=CARTESIAN_POINT('',(-0.01362125,-0.0751456304916633,0.014));
#3546=CARTESIAN_POINT('',(-0.01362125,-0.0442343695083367,0.0155));
#3547=CARTESIAN_POINT('',(-0.01362125,-0.0442343695083367,0.0155));
#3548=CARTESIAN_POINT('',(-0.01362125,-0.05969,0.0155));
#3549=CARTESIAN_POINT('',(-0.01362125,-0.0751456304916633,0.0155));
#3550=CARTESIAN_POINT('',(-0.01362125,-0.0751456304916633,0.0155));
#3551=CARTESIAN_POINT('',(-0.0104332375327064,-0.0414621847541684,0.0155));
#3552=CARTESIAN_POINT('',(-0.0104332375327064,-0.0414621847541684,0.014));
#3553=CARTESIAN_POINT('',(-0.00724522506541282,-0.03869,0.014));
#3554=CARTESIAN_POINT('',(-0.00724522506541282,-0.03869,0.0155));
#3555=CARTESIAN_POINT('',(-0.00724522506541282,-0.03869,0.0155));
#3556=CARTESIAN_POINT('',(-0.0104332375327064,-0.0414621847541684,0.0155));
#3557=CARTESIAN_POINT('',(-0.00387125,-0.03869,0.0155));
#3558=CARTESIAN_POINT('',(-0.00387125,-0.03869,0.014));
#3559=CARTESIAN_POINT('',(-0.000497274934587173,-0.03869,0.014));
#3560=CARTESIAN_POINT('',(-0.000497274934587173,-0.03869,0.0155));
#3561=CARTESIAN_POINT('',(-0.000497274934587173,-0.03869,0.0155));
#3562=CARTESIAN_POINT('',(-0.00387125,-0.03869,0.0155));
#3563=CARTESIAN_POINT('',(0.00269073753270641,-0.0414621847541684,0.0155));
#3564=CARTESIAN_POINT('',(0.00269073753270641,-0.0414621847541684,0.014));
#3565=CARTESIAN_POINT('',(0.00587875,-0.0442343695083367,0.014));
#3566=CARTESIAN_POINT('',(0.00587875,-0.0442343695083367,0.0155));
#3567=CARTESIAN_POINT('',(0.00587875,-0.0442343695083367,0.0155));
#3568=CARTESIAN_POINT('',(0.00269073753270641,-0.0414621847541684,0.0155));
#3569=CARTESIAN_POINT('',(0.00587875,-0.05969,0.0155));
#3570=CARTESIAN_POINT('',(0.00587875,-0.05969,0.014));
#3571=CARTESIAN_POINT('',(0.00587875,-0.0751456304916633,0.014));
#3572=CARTESIAN_POINT('',(0.00587875,-0.0751456304916633,0.0155));
#3573=CARTESIAN_POINT('',(0.00587875,-0.0751456304916633,0.0155));
#3574=CARTESIAN_POINT('',(0.00587875,-0.05969,0.0155));
#3575=CARTESIAN_POINT('',(0.00269073753270639,-0.0779178152458317,0.0155));
#3576=CARTESIAN_POINT('',(0.00269073753270639,-0.0779178152458317,0.014));
#3577=CARTESIAN_POINT('',(-0.000497274934587207,-0.08069,0.014));
#3578=CARTESIAN_POINT('',(-0.000497274934587207,-0.08069,0.0155));
#3579=CARTESIAN_POINT('',(-0.000497274934587207,-0.08069,0.0155));
#3580=CARTESIAN_POINT('',(0.00269073753270639,-0.0779178152458317,0.0155));
#3581=CARTESIAN_POINT('',(-0.00387125,-0.08069,0.0155));
#3582=CARTESIAN_POINT('',(-0.00387125,-0.08069,0.014));
#3583=CARTESIAN_POINT('',(-0.00724522506541283,-0.08069,0.014));
#3584=CARTESIAN_POINT('',(-0.00724522506541283,-0.08069,0.0155));
#3585=CARTESIAN_POINT('',(-0.00724522506541283,-0.08069,0.0155));
#3586=CARTESIAN_POINT('',(-0.00387125,-0.08069,0.0155));
#3587=CARTESIAN_POINT('',(-0.0104332375327064,-0.0779178152458317,0.0155));
#3588=CARTESIAN_POINT('',(-0.0104332375327064,-0.0779178152458317,0.014));
#3589=CARTESIAN_POINT('',(-0.0104332375327064,-0.0779178152458317,0.0155));
#3590=CARTESIAN_POINT('',(0.0133318558349945,-0.0692167699941769,0.0155));
#3591=CARTESIAN_POINT('',(0.0133318558349945,-0.0692167699941769,0.0155));
#3592=CARTESIAN_POINT('',(0.152638125,-0.053736875,0.0155));
#3593=CARTESIAN_POINT('',(0.0895325019999999,-0.00925213671743869,0.0155));
#3594=CARTESIAN_POINT('',(0.0354594453435598,0.0634418046564404,0.0155));
#3595=CARTESIAN_POINT('',(-0.02462125,0.0033611093128807,0.0155));
#3596=CARTESIAN_POINT('',(-0.02462125,-0.053736875,0.0155));
#3597=CARTESIAN_POINT('',(-0.02462125,-0.110834859312881,0.0155));
#3598=CARTESIAN_POINT('',(0.0354594453435597,-0.17091555465644,0.0155));
#3599=CARTESIAN_POINT('',(0.227643430834994,-0.103686237729788,0.0155));
#3600=CARTESIAN_POINT('',(-0.00387125,-0.04369,0.0155));
#3601=CARTESIAN_POINT('',(-0.00762125,-0.04369,0.0155));
#3602=CARTESIAN_POINT('',(-0.00762125,-0.04369,0.0155));
#3603=CARTESIAN_POINT('',(-0.00762125,-0.04369,0.014));
#3604=CARTESIAN_POINT('',(-0.00387125,-0.04369,0.014));
#3605=CARTESIAN_POINT('',(-0.000121250000000006,-0.04369,0.014));
#3606=CARTESIAN_POINT('',(-0.000121250000000006,-0.04369,0.0155));
#3607=CARTESIAN_POINT('',(-0.000121250000000006,-0.04369,0.0155));
#3608=CARTESIAN_POINT('',(-0.00387125,-0.04369,0.0155));
#3609=CARTESIAN_POINT('',(-0.00762125,-0.04419,0.0155));
#3610=CARTESIAN_POINT('',(-0.00762125,-0.04419,0.014));
#3611=CARTESIAN_POINT('',(-0.00762125,-0.04469,0.014));
#3612=CARTESIAN_POINT('',(-0.00762125,-0.04419,0.0155));
#3613=CARTESIAN_POINT('',(-0.00762125,-0.04469,0.0155));
#3614=CARTESIAN_POINT('',(-0.00762125,-0.04469,0.0155));
#3615=CARTESIAN_POINT('',(-0.00387125,-0.04469,0.0155));
#3616=CARTESIAN_POINT('',(-0.00387125,-0.04469,0.014));
#3617=CARTESIAN_POINT('',(-0.000121250000000006,-0.04469,0.014));
#3618=CARTESIAN_POINT('',(-0.00387125,-0.04469,0.0155));
#3619=CARTESIAN_POINT('',(-0.000121250000000006,-0.04469,0.0155));
#3620=CARTESIAN_POINT('',(-0.000121250000000006,-0.04469,0.0155));
#3621=CARTESIAN_POINT('',(-0.000121250000000006,-0.04419,0.0155));
#3622=CARTESIAN_POINT('',(-0.000121250000000006,-0.04419,0.014));
#3623=CARTESIAN_POINT('',(-0.000121250000000006,-0.04419,0.0155));
#3624=CARTESIAN_POINT('',(-0.00974625,-0.04219,0.0155));
#3625=CARTESIAN_POINT('',(-0.00974625,-0.04219,0.014));
#3626=CARTESIAN_POINT('',(-0.00687125,-0.03969,0.014));
#3627=CARTESIAN_POINT('',(-0.01262125,-0.04469,0.014));
#3628=CARTESIAN_POINT('',(-0.01262125,-0.04469,0.0155));
#3629=CARTESIAN_POINT('',(-0.01262125,-0.04469,0.0155));
#3630=CARTESIAN_POINT('',(-0.00974625,-0.04219,0.0155));
#3631=CARTESIAN_POINT('',(-0.00687125,-0.03969,0.0155));
#3632=CARTESIAN_POINT('',(-0.00687125,-0.03969,0.0155));
#3633=CARTESIAN_POINT('',(-0.01262125,-0.05969,0.0155));
#3634=CARTESIAN_POINT('',(-0.01262125,-0.05969,0.014));
#3635=CARTESIAN_POINT('',(-0.01262125,-0.07469,0.014));
#3636=CARTESIAN_POINT('',(-0.01262125,-0.07469,0.0155));
#3637=CARTESIAN_POINT('',(-0.01262125,-0.07469,0.0155));
#3638=CARTESIAN_POINT('',(-0.01262125,-0.05969,0.0155));
#3639=CARTESIAN_POINT('',(-0.00974625,-0.07719,0.0155));
#3640=CARTESIAN_POINT('',(-0.00974625,-0.07719,0.014));
#3641=CARTESIAN_POINT('',(-0.00687125,-0.07969,0.014));
#3642=CARTESIAN_POINT('',(-0.00687125,-0.07969,0.0155));
#3643=CARTESIAN_POINT('',(-0.00687125,-0.07969,0.0155));
#3644=CARTESIAN_POINT('',(-0.00974625,-0.07719,0.0155));
#3645=CARTESIAN_POINT('',(-0.00387125,-0.07969,0.0155));
#3646=CARTESIAN_POINT('',(-0.00387125,-0.07969,0.014));
#3647=CARTESIAN_POINT('',(-0.000871250000000016,-0.07969,0.014));
#3648=CARTESIAN_POINT('',(-0.000871250000000016,-0.07969,0.0155));
#3649=CARTESIAN_POINT('',(-0.000871250000000016,-0.07969,0.0155));
#3650=CARTESIAN_POINT('',(-0.00387125,-0.07969,0.0155));
#3651=CARTESIAN_POINT('',(0.00200375,-0.07719,0.0155));
#3652=CARTESIAN_POINT('',(0.00200375,-0.07719,0.014));
#3653=CARTESIAN_POINT('',(0.00487875,-0.07469,0.014));
#3654=CARTESIAN_POINT('',(0.00487875,-0.07469,0.0155));
#3655=CARTESIAN_POINT('',(0.00487875,-0.07469,0.0155));
#3656=CARTESIAN_POINT('',(0.00200375,-0.07719,0.0155));
#3657=CARTESIAN_POINT('',(0.00487875,-0.05969,0.0155));
#3658=CARTESIAN_POINT('',(0.00487875,-0.05969,0.014));
#3659=CARTESIAN_POINT('',(0.00487875,-0.04469,0.014));
#3660=CARTESIAN_POINT('',(0.00487875,-0.04469,0.0155));
#3661=CARTESIAN_POINT('',(0.00487875,-0.04469,0.0155));
#3662=CARTESIAN_POINT('',(0.00487875,-0.05969,0.0155));
#3663=CARTESIAN_POINT('',(0.00200375,-0.04219,0.0155));
#3664=CARTESIAN_POINT('',(0.00200375,-0.04219,0.014));
#3665=CARTESIAN_POINT('',(-0.00087125,-0.03969,0.014));
#3666=CARTESIAN_POINT('',(-0.00087125,-0.03969,0.0155));
#3667=CARTESIAN_POINT('',(-0.00087125,-0.03969,0.0155));
#3668=CARTESIAN_POINT('',(0.00200375,-0.04219,0.0155));
#3669=CARTESIAN_POINT('',(-0.00164729166666667,-0.06869,0.0155));
#3670=CARTESIAN_POINT('',(-0.000433315972222224,-0.06869,0.0155));
#3671=CARTESIAN_POINT('',(-0.000433314066647406,-0.068689848296229,0.01549999975));
#3672=CARTESIAN_POINT('',(-0.0004333140666474,-0.068689848296229,0.014));
#3673=CARTESIAN_POINT('',(-0.00164729166666667,-0.06869,0.014));
#3674=CARTESIAN_POINT('',(-0.00286126926668594,-0.068689848296229,0.01400000025));
#3675=CARTESIAN_POINT('',(-0.00286126736111112,-0.06869,0.0155));
#3676=CARTESIAN_POINT('',(-0.00286126926668594,-0.068689848296229,0.01549999975));
#3677=CARTESIAN_POINT('',(-0.00164729166666667,-0.06869,0.0155));
#3678=CARTESIAN_POINT('',(-0.00287030105577644,-0.0679708230204779,0.0155));
#3679=CARTESIAN_POINT('',(-0.00287030105577644,-0.0679708230204779,0.014));
#3680=CARTESIAN_POINT('',(-0.00324453374667179,-0.0685845634891162,0.01400000025));
#3681=CARTESIAN_POINT('',(-0.00324451388888889,-0.06858453125,0.0155));
#3682=CARTESIAN_POINT('',(-0.00324453374667179,-0.0685845634891162,0.01549999975));
#3683=CARTESIAN_POINT('',(-0.00287030105577644,-0.0679708230204779,0.0155));
#3684=CARTESIAN_POINT('',(-0.00281505427887211,-0.0678772938622055,0.0155));
#3685=CARTESIAN_POINT('',(-0.00281505427887211,-0.0678772938622055,0.014));
#3686=CARTESIAN_POINT('',(-0.00352232394186955,-0.0683067732704518,0.0140000002499999));
#3687=CARTESIAN_POINT('',(-0.00352229166666667,-0.0683067534722222,0.0155));
#3688=CARTESIAN_POINT('',(-0.00352232394186955,-0.0683067732704518,0.0154999997500001));
#3689=CARTESIAN_POINT('',(-0.00281505427887211,-0.0678772938622055,0.0155));
#3690=CARTESIAN_POINT('',(-0.00290858343714481,-0.0679325406391098,0.0155));
#3691=CARTESIAN_POINT('',(-0.00290858343714481,-0.0679325406391098,0.014));
#3692=CARTESIAN_POINT('',(-0.00362760871289569,-0.0679235088500193,0.014));
#3693=CARTESIAN_POINT('',(-0.00362776041666667,-0.0679235069444445,0.0155));
#3694=CARTESIAN_POINT('',(-0.00362760871289569,-0.0679235088500193,0.01549999975));
#3695=CARTESIAN_POINT('',(-0.00290858343714481,-0.0679325406391098,0.0155));
#3696=CARTESIAN_POINT('',(-0.00362776041666667,-0.0677928645833333,0.0155));
#3697=CARTESIAN_POINT('',(-0.00362776041666667,-0.0677928645833333,0.014));
#3698=CARTESIAN_POINT('',(-0.00362776041666667,-0.0676622222222222,0.014));
#3699=CARTESIAN_POINT('',(-0.00362776041666667,-0.0676622222222222,0.0155));
#3700=CARTESIAN_POINT('',(-0.00362776041666667,-0.0676622222222222,0.0155));
#3701=CARTESIAN_POINT('',(-0.00362776041666667,-0.0677928645833333,0.0155));
#3702=CARTESIAN_POINT('',(-0.00326404513888889,-0.0676622222222222,0.0155));
#3703=CARTESIAN_POINT('',(-0.00326404513888889,-0.0676622222222222,0.014));
#3704=CARTESIAN_POINT('',(-0.00290032986111112,-0.0676622222222222,0.014));
#3705=CARTESIAN_POINT('',(-0.00290032986111112,-0.0676622222222222,0.0155));
#3706=CARTESIAN_POINT('',(-0.00290032986111112,-0.0676622222222222,0.0155));
#3707=CARTESIAN_POINT('',(-0.00326404513888889,-0.0676622222222222,0.0155));
#3708=CARTESIAN_POINT('',(-0.00290032986111112,-0.0677789756944445,0.0155));
#3709=CARTESIAN_POINT('',(-0.00290032986111112,-0.0677789756944445,0.014));
#3710=CARTESIAN_POINT('',(-0.00290030938560434,-0.0678957295363515,0.01400000025));
#3711=CARTESIAN_POINT('',(-0.00290032986111112,-0.0678957291666667,0.0155));
#3712=CARTESIAN_POINT('',(-0.00290030938560434,-0.0678957295363515,0.01549999975));
#3713=CARTESIAN_POINT('',(-0.00290032986111112,-0.0677789756944445,0.0155));
#3714=CARTESIAN_POINT('',(-0.0028360416399338,-0.0678968898890096,0.0155));
#3715=CARTESIAN_POINT('',(-0.0028360416399338,-0.0678968898890096,0.014));
#3716=CARTESIAN_POINT('',(-0.00288077788862951,-0.0679430171526174,0.014));
#3717=CARTESIAN_POINT('',(-0.00288077804585719,-0.0679430169904987,0.0155));
#3718=CARTESIAN_POINT('',(-0.00288077788862951,-0.0679430171526174,0.0155));
#3719=CARTESIAN_POINT('',(-0.0028360416399338,-0.0678968898890096,0.0155));
#3720=CARTESIAN_POINT('',(-0.00283465030567633,-0.0678982812232671,0.0155));
#3721=CARTESIAN_POINT('',(-0.00283465030567633,-0.0678982812232671,0.014));
#3722=CARTESIAN_POINT('',(-0.00283348995301814,-0.0679625489689376,0.014));
#3723=CARTESIAN_POINT('',(-0.00283348958333333,-0.0679625694444444,0.0155));
#3724=CARTESIAN_POINT('',(-0.00283348995301814,-0.0679625489689376,0.01549999975));
#3725=CARTESIAN_POINT('',(-0.00283465030567633,-0.0678982812232671,0.0155));
#3726=CARTESIAN_POINT('',(-0.00164729166666667,-0.0679625694444444,0.0155));
#3727=CARTESIAN_POINT('',(-0.00164729166666667,-0.0679625694444444,0.014));
#3728=CARTESIAN_POINT('',(-0.000461093380315202,-0.0679625489689376,0.01400000025));
#3729=CARTESIAN_POINT('',(-0.000461093750000002,-0.0679625694444444,0.0155));
#3730=CARTESIAN_POINT('',(-0.000461093380315202,-0.0679625489689376,0.01549999975));
#3731=CARTESIAN_POINT('',(-0.00164729166666667,-0.0679625694444444,0.0155));
#3732=CARTESIAN_POINT('',(-0.000459933027657014,-0.067898281223267,0.0155));
#3733=CARTESIAN_POINT('',(-0.000459933027657014,-0.067898281223267,0.014));
#3734=CARTESIAN_POINT('',(-0.000413805764049994,-0.0679430174719637,0.014));
#3735=CARTESIAN_POINT('',(-0.000413805926167877,-0.0679430176291905,0.0155));
#3736=CARTESIAN_POINT('',(-0.000413805764049994,-0.0679430174719637,0.0155));
#3737=CARTESIAN_POINT('',(-0.000459933027657014,-0.067898281223267,0.0155));
#3738=CARTESIAN_POINT('',(-0.000458541693400232,-0.0678968898890094,0.0155));
#3739=CARTESIAN_POINT('',(-0.000458541693400232,-0.0678968898890094,0.014));
#3740=CARTESIAN_POINT('',(-0.000394273947728979,-0.0678957295363515,0.014));
#3741=CARTESIAN_POINT('',(-0.000394253472222224,-0.0678957291666667,0.0155));
#3742=CARTESIAN_POINT('',(-0.000394273947728975,-0.0678957295363515,0.01549999975));
#3743=CARTESIAN_POINT('',(-0.000458541693400232,-0.0678968898890094,0.0155));
#3744=CARTESIAN_POINT('',(-0.000394253472222224,-0.0674899131944445,0.0155));
#3745=CARTESIAN_POINT('',(-0.000394253472222224,-0.0674899131944445,0.014));
#3746=CARTESIAN_POINT('',(-0.000394280315085482,-0.0670840966441342,0.01400000025));
#3747=CARTESIAN_POINT('',(-0.000394253472222224,-0.0670840972222222,0.0155));
#3748=CARTESIAN_POINT('',(-0.000394280315085482,-0.0670840966441342,0.01549999975));
#3749=CARTESIAN_POINT('',(-0.000394253472222224,-0.0674899131944445,0.0155));
#3750=CARTESIAN_POINT('',(-0.000457129705357901,-0.0670827431195043,0.0155));
#3751=CARTESIAN_POINT('',(-0.000457129705357901,-0.0670827431195043,0.014));
#3752=CARTESIAN_POINT('',(-0.000413726492123896,-0.0670373045454919,0.014));
#3753=CARTESIAN_POINT('',(-0.000413726492123896,-0.0670373045454919,0.0155));
#3754=CARTESIAN_POINT('',(-0.000413726492123896,-0.0670373045454919,0.0155));
#3755=CARTESIAN_POINT('',(-0.000457129705357901,-0.0670827431195043,0.0155));
#3756=CARTESIAN_POINT('',(-0.000459796855685615,-0.0670831724875897,0.0155));
#3757=CARTESIAN_POINT('',(-0.000459796855685615,-0.0670831724875897,0.014));
#3758=CARTESIAN_POINT('',(-0.000461093251080918,-0.0670181500239611,0.014));
#3759=CARTESIAN_POINT('',(-0.000461093750000002,-0.067018125,0.0155));
#3760=CARTESIAN_POINT('',(-0.000461093251080918,-0.0670181500239611,0.01549999975));
#3761=CARTESIAN_POINT('',(-0.000459796855685615,-0.0670831724875897,0.0155));
#3762=CARTESIAN_POINT('',(-0.00204442708333333,-0.067018125,0.0155));
#3763=CARTESIAN_POINT('',(-0.00204442708333333,-0.067018125,0.014));
#3764=CARTESIAN_POINT('',(-0.00362776041666667,-0.067018125,0.014));
#3765=CARTESIAN_POINT('',(-0.00362776041666667,-0.067018125,0.0155));
#3766=CARTESIAN_POINT('',(-0.00362776041666667,-0.067018125,0.0155));
#3767=CARTESIAN_POINT('',(-0.00204442708333333,-0.067018125,0.0155));
#3768=CARTESIAN_POINT('',(-0.00362776041666667,-0.0658540625,0.0155));
#3769=CARTESIAN_POINT('',(-0.00362776041666667,-0.0658540625,0.014));
#3770=CARTESIAN_POINT('',(-0.00362776041666667,-0.06469,0.014));
#3771=CARTESIAN_POINT('',(-0.00362776041666667,-0.06469,0.0155));
#3772=CARTESIAN_POINT('',(-0.00362776041666667,-0.06469,0.0155));
#3773=CARTESIAN_POINT('',(-0.00362776041666667,-0.0658540625,0.0155));
#3774=CARTESIAN_POINT('',(-0.00164729166666667,-0.06469,0.0155));
#3775=CARTESIAN_POINT('',(-0.00164729166666667,-0.06469,0.014));
#3776=CARTESIAN_POINT('',(0.000333177083333332,-0.06469,0.014));
#3777=CARTESIAN_POINT('',(0.000333177083333332,-0.06469,0.0155));
#3778=CARTESIAN_POINT('',(0.000333177083333332,-0.06469,0.0155));
#3779=CARTESIAN_POINT('',(-0.00164729166666667,-0.06469,0.0155));
#3780=CARTESIAN_POINT('',(0.000333177083333332,-0.0650537152777778,0.0155));
#3781=CARTESIAN_POINT('',(0.000333177083333332,-0.0650537152777778,0.014));
#3782=CARTESIAN_POINT('',(0.000333177083333332,-0.0654174305555556,0.014));
#3783=CARTESIAN_POINT('',(0.000333177083333332,-0.0654174305555556,0.0155));
#3784=CARTESIAN_POINT('',(0.000333177083333332,-0.0654174305555556,0.0155));
#3785=CARTESIAN_POINT('',(0.000333177083333332,-0.0650537152777778,0.0155));
#3786=CARTESIAN_POINT('',(-0.00125015625,-0.0654174305555556,0.0155));
#3787=CARTESIAN_POINT('',(-0.00125015625,-0.0654174305555556,0.014));
#3788=CARTESIAN_POINT('',(-0.00283348995301814,-0.0654174510310624,0.01400000025));
#3789=CARTESIAN_POINT('',(-0.00283348958333333,-0.0654174305555556,0.0155));
#3790=CARTESIAN_POINT('',(-0.00283348995301814,-0.0654174510310624,0.01549999975));
#3791=CARTESIAN_POINT('',(-0.00125015625,-0.0654174305555556,0.0155));
#3792=CARTESIAN_POINT('',(-0.00283465030567637,-0.0654817187767329,0.0155));
#3793=CARTESIAN_POINT('',(-0.00283465030567637,-0.0654817187767329,0.014));
#3794=CARTESIAN_POINT('',(-0.00288077756928335,-0.0654369825280363,0.014));
#3795=CARTESIAN_POINT('',(-0.00288077740716546,-0.0654369823708095,0.0155));
#3796=CARTESIAN_POINT('',(-0.00288077756928335,-0.0654369825280363,0.0155));
#3797=CARTESIAN_POINT('',(-0.00283465030567637,-0.0654817187767329,0.0155));
#3798=CARTESIAN_POINT('',(-0.0028360416399329,-0.0654831101109907,0.0155));
#3799=CARTESIAN_POINT('',(-0.0028360416399329,-0.0654831101109907,0.014));
#3800=CARTESIAN_POINT('',(-0.00290030938560436,-0.0654842704636485,0.014));
#3801=CARTESIAN_POINT('',(-0.00290032986111112,-0.0654842708333333,0.0155));
#3802=CARTESIAN_POINT('',(-0.00290030938560436,-0.0654842704636485,0.01549999975));
#3803=CARTESIAN_POINT('',(-0.0028360416399329,-0.0654831101109907,0.0155));
#3804=CARTESIAN_POINT('',(-0.00290032986111112,-0.0658510243055556,0.0155));
#3805=CARTESIAN_POINT('',(-0.00290032986111112,-0.0658510243055556,0.014));
#3806=CARTESIAN_POINT('',(-0.00290030938560436,-0.0662177781474626,0.01400000025));
#3807=CARTESIAN_POINT('',(-0.00290032986111112,-0.0662177777777778,0.0155));
#3808=CARTESIAN_POINT('',(-0.00290030938560436,-0.0662177781474626,0.01549999975));
#3809=CARTESIAN_POINT('',(-0.00290032986111112,-0.0658510243055556,0.0155));
#3810=CARTESIAN_POINT('',(-0.00283604163993274,-0.0662189385001204,0.0155));
#3811=CARTESIAN_POINT('',(-0.00283604163993274,-0.0662189385001204,0.014));
#3812=CARTESIAN_POINT('',(-0.00288077788862922,-0.066265065763729,0.014));
#3813=CARTESIAN_POINT('',(-0.0028807780458572,-0.0662650656016099,0.0155));
#3814=CARTESIAN_POINT('',(-0.00288077788862922,-0.066265065763729,0.0155));
#3815=CARTESIAN_POINT('',(-0.00283604163993274,-0.0662189385001204,0.0155));
#3816=CARTESIAN_POINT('',(-0.00283465030567636,-0.0662203298343783,0.0155));
#3817=CARTESIAN_POINT('',(-0.00283465030567636,-0.0662203298343783,0.014));
#3818=CARTESIAN_POINT('',(-0.00283348995301814,-0.0662845975800488,0.014));
#3819=CARTESIAN_POINT('',(-0.00283348958333333,-0.0662846180555556,0.0155));
#3820=CARTESIAN_POINT('',(-0.00283348995301814,-0.0662845975800488,0.01549999975));
#3821=CARTESIAN_POINT('',(-0.00283465030567636,-0.0662203298343783,0.0155));
#3822=CARTESIAN_POINT('',(-0.00163340277777778,-0.0662846180555556,0.0155));
#3823=CARTESIAN_POINT('',(-0.00163340277777778,-0.0662846180555556,0.014));
#3824=CARTESIAN_POINT('',(-0.000433314486097655,-0.0662847516439474,0.01400000025));
#3825=CARTESIAN_POINT('',(-0.000433315972222224,-0.0662846180555556,0.0155));
#3826=CARTESIAN_POINT('',(-0.000433314486097655,-0.0662847516439474,0.01549999975));
#3827=CARTESIAN_POINT('',(-0.00163340277777778,-0.0662846180555556,0.0155));
#3828=CARTESIAN_POINT('',(-0.000425009384895288,-0.0670313008441027,0.0155));
#3829=CARTESIAN_POINT('',(-0.000425009384895288,-0.0670313008441027,0.014));
#3830=CARTESIAN_POINT('',(-4.74546078934054E-5,-0.06638746499988,0.01400000025));
#3831=CARTESIAN_POINT('',(-4.746527777778E-5,-0.0663874826388889,0.0155));
#3832=CARTESIAN_POINT('',(-4.74546078934054E-5,-0.06638746499988,0.01549999975));
#3833=CARTESIAN_POINT('',(-0.000425009384895288,-0.0670313008441027,0.0155));
#3834=CARTESIAN_POINT('',(-0.000434511257367654,-0.0670523063962566,0.0155));
#3835=CARTESIAN_POINT('',(-0.000434511257367654,-0.0670523063962566,0.014));
#3836=CARTESIAN_POINT('',(0.000230330171542684,-0.0666652498030821,0.0140000002499996));
#3837=CARTESIAN_POINT('',(0.0002303125,-0.0666652604166667,0.0155));
#3838=CARTESIAN_POINT('',(0.000230330171542684,-0.0666652498030821,0.0154999997500004));
#3839=CARTESIAN_POINT('',(-0.000434511257367654,-0.0670523063962566,0.0155));
#3840=CARTESIAN_POINT('',(-0.000413505705214897,-0.0670428045237846,0.0155));
#3841=CARTESIAN_POINT('',(-0.000413505705214897,-0.0670428045237846,0.014));
#3842=CARTESIAN_POINT('',(0.000333043494941549,-0.0670511096249865,0.014));
#3843=CARTESIAN_POINT('',(0.000333177083333332,-0.0670511111111111,0.0155));
#3844=CARTESIAN_POINT('',(0.000333043494941549,-0.0670511096249865,0.01549999975));
#3845=CARTESIAN_POINT('',(-0.000413505705214897,-0.0670428045237846,0.0155));
#3846=CARTESIAN_POINT('',(0.000333177083333332,-0.0674873090277778,0.0155));
#3847=CARTESIAN_POINT('',(0.000333177083333332,-0.0674873090277778,0.014));
#3848=CARTESIAN_POINT('',(0.000333025379562281,-0.0679235088500193,0.01400000025));
#3849=CARTESIAN_POINT('',(0.000333177083333332,-0.0679235069444445,0.0155));
#3850=CARTESIAN_POINT('',(0.000333025379562281,-0.0679235088500193,0.01549999975));
#3851=CARTESIAN_POINT('',(0.000333177083333332,-0.0674873090277778,0.0155));
#3852=CARTESIAN_POINT('',(-0.000385999896185563,-0.0679325406391108,0.0155));
#3853=CARTESIAN_POINT('',(-0.000385999896185563,-0.0679325406391108,0.014));
#3854=CARTESIAN_POINT('',(0.000227740572449561,-0.0683067733300051,0.01400000025));
#3855=CARTESIAN_POINT('',(0.000227708333333332,-0.0683067534722222,0.0155));
#3856=CARTESIAN_POINT('',(0.000227740572449561,-0.0683067733300051,0.01549999975));
#3857=CARTESIAN_POINT('',(-0.000385999896185563,-0.0679325406391108,0.0155));
#3858=CARTESIAN_POINT('',(-0.000479529054461233,-0.0678772938622055,0.0155));
#3859=CARTESIAN_POINT('',(-0.000479529054461233,-0.0678772938622055,0.014));
#3860=CARTESIAN_POINT('',(-5.00496462148948E-5,-0.0685845635252029,0.0140000002499999));
#3861=CARTESIAN_POINT('',(-5.00694444444463E-5,-0.06858453125,0.0155));
#3862=CARTESIAN_POINT('',(-5.00496462148946E-5,-0.0685845635252029,0.0154999997500001));
#3863=CARTESIAN_POINT('',(-0.000479529054461233,-0.0678772938622055,0.0155));
#3864=CARTESIAN_POINT('',(-0.01137125,-0.04619,0.0155));
#3865=CARTESIAN_POINT('',(-0.01137125,-0.04619,0.014));
#3866=CARTESIAN_POINT('',(-0.01137125,-0.04569,0.014));
#3867=CARTESIAN_POINT('',(-0.01137125,-0.04669,0.014));
#3868=CARTESIAN_POINT('',(-0.01137125,-0.04569,0.0155));
#3869=CARTESIAN_POINT('',(-0.01137125,-0.04569,0.0155));
#3870=CARTESIAN_POINT('',(-0.01137125,-0.04619,0.0155));
#3871=CARTESIAN_POINT('',(-0.01137125,-0.04669,0.0155));
#3872=CARTESIAN_POINT('',(-0.01137125,-0.04669,0.0155));
#3873=CARTESIAN_POINT('',(-0.00387125,-0.04569,0.0155));
#3874=CARTESIAN_POINT('',(-0.00387125,-0.04569,0.014));
#3875=CARTESIAN_POINT('',(0.00362875,-0.04569,0.014));
#3876=CARTESIAN_POINT('',(0.00362875,-0.04569,0.0155));
#3877=CARTESIAN_POINT('',(0.00362875,-0.04569,0.0155));
#3878=CARTESIAN_POINT('',(-0.00387125,-0.04569,0.0155));
#3879=CARTESIAN_POINT('',(0.00362875,-0.04619,0.0155));
#3880=CARTESIAN_POINT('',(0.00362875,-0.04619,0.014));
#3881=CARTESIAN_POINT('',(0.00362875,-0.04669,0.014));
#3882=CARTESIAN_POINT('',(0.00362875,-0.04669,0.0155));
#3883=CARTESIAN_POINT('',(0.00362875,-0.04669,0.0155));
#3884=CARTESIAN_POINT('',(0.00362875,-0.04619,0.0155));
#3885=CARTESIAN_POINT('',(-0.00620284722222223,-0.06869,0.0155));
#3886=CARTESIAN_POINT('',(-0.00498887152777778,-0.06869,0.0155));
#3887=CARTESIAN_POINT('',(-0.00498886962220296,-0.068689848296229,0.01549999975));
#3888=CARTESIAN_POINT('',(-0.00498886962220296,-0.068689848296229,0.014));
#3889=CARTESIAN_POINT('',(-0.00620284722222223,-0.06869,0.014));
#3890=CARTESIAN_POINT('',(-0.0074168248222415,-0.068689848296229,0.01400000025));
#3891=CARTESIAN_POINT('',(-0.00741682291666668,-0.06869,0.0155));
#3892=CARTESIAN_POINT('',(-0.0074168248222415,-0.068689848296229,0.01549999975));
#3893=CARTESIAN_POINT('',(-0.00620284722222223,-0.06869,0.0155));
#3894=CARTESIAN_POINT('',(-0.007425856611332,-0.0679708230204779,0.0155));
#3895=CARTESIAN_POINT('',(-0.007425856611332,-0.0679708230204779,0.014));
#3896=CARTESIAN_POINT('',(-0.00780008930222735,-0.0685845634891162,0.01400000025));
#3897=CARTESIAN_POINT('',(-0.00780006944444445,-0.06858453125,0.0155));
#3898=CARTESIAN_POINT('',(-0.00780008930222735,-0.0685845634891162,0.01549999975));
#3899=CARTESIAN_POINT('',(-0.007425856611332,-0.0679708230204779,0.0155));
#3900=CARTESIAN_POINT('',(-0.00737060983442766,-0.0678772938622055,0.0155));
#3901=CARTESIAN_POINT('',(-0.00737060983442766,-0.0678772938622055,0.014));
#3902=CARTESIAN_POINT('',(-0.00807787949742511,-0.0683067732704518,0.0140000002499999));
#3903=CARTESIAN_POINT('',(-0.00807784722222223,-0.0683067534722222,0.0155));
#3904=CARTESIAN_POINT('',(-0.00807787949742511,-0.0683067732704518,0.0154999997500001));
#3905=CARTESIAN_POINT('',(-0.00737060983442766,-0.0678772938622055,0.0155));
#3906=CARTESIAN_POINT('',(-0.00746413899270036,-0.0679325406391098,0.0155));
#3907=CARTESIAN_POINT('',(-0.00746413899270036,-0.0679325406391098,0.014));
#3908=CARTESIAN_POINT('',(-0.00818316426845125,-0.0679235088500193,0.014));
#3909=CARTESIAN_POINT('',(-0.00818331597222223,-0.0679235069444445,0.0155));
#3910=CARTESIAN_POINT('',(-0.00818316426845125,-0.0679235088500193,0.01549999975));
#3911=CARTESIAN_POINT('',(-0.00746413899270036,-0.0679325406391098,0.0155));
#3912=CARTESIAN_POINT('',(-0.00818331597222223,-0.06669,0.0155));
#3913=CARTESIAN_POINT('',(-0.00818331597222223,-0.06669,0.014));
#3914=CARTESIAN_POINT('',(-0.0081831019847695,-0.0654564895573626,0.01400000025));
#3915=CARTESIAN_POINT('',(-0.00818331597222223,-0.0654564930555556,0.0155));
#3916=CARTESIAN_POINT('',(-0.0081831019847695,-0.0654564895573626,0.01549999975));
#3917=CARTESIAN_POINT('',(-0.00818331597222223,-0.06669,0.0155));
#3918=CARTESIAN_POINT('',(-0.00745436072722356,-0.0654445763469587,0.0155));
#3919=CARTESIAN_POINT('',(-0.00745436072722356,-0.0654445763469587,0.014));
#3920=CARTESIAN_POINT('',(-0.00807792089976592,-0.0650679939420414,0.0140000002499998));
#3921=CARTESIAN_POINT('',(-0.00807784722222223,-0.0650680381944444,0.0155));
#3922=CARTESIAN_POINT('',(-0.00807792089976592,-0.0650679939420414,0.0154999997500002));
#3923=CARTESIAN_POINT('',(-0.00745436072722356,-0.0654445763469587,0.0155));
#3924=CARTESIAN_POINT('',(-0.0073896592315832,-0.0654847817663482,0.0155));
#3925=CARTESIAN_POINT('',(-0.0073896592315832,-0.0654847817663482,0.014));
#3926=CARTESIAN_POINT('',(-0.0078001036157972,-0.0647928069377119,0.01400000025));
#3927=CARTESIAN_POINT('',(-0.00780006944444445,-0.0647928645833333,0.0155));
#3928=CARTESIAN_POINT('',(-0.0078001036157972,-0.0647928069377119,0.01549999975));
#3929=CARTESIAN_POINT('',(-0.0073896592315832,-0.0654847817663482,0.0155));
#3930=CARTESIAN_POINT('',(-0.00742642982997905,-0.0654230583898099,0.0155));
#3931=CARTESIAN_POINT('',(-0.00742642982997905,-0.0654230583898099,0.014));
#3932=CARTESIAN_POINT('',(-0.0074168250430507,-0.0646901622543679,0.014));
#3933=CARTESIAN_POINT('',(-0.00741682291666668,-0.06469,0.0155));
#3934=CARTESIAN_POINT('',(-0.0074168250430507,-0.0646901622543679,0.01549999975));
#3935=CARTESIAN_POINT('',(-0.00742642982997905,-0.0654230583898099,0.0155));
#3936=CARTESIAN_POINT('',(-0.00613644097222223,-0.06469,0.0155));
#3937=CARTESIAN_POINT('',(-0.00613644097222223,-0.06469,0.014));
#3938=CARTESIAN_POINT('',(-0.00485605902777778,-0.06469,0.014));
#3939=CARTESIAN_POINT('',(-0.00485605902777778,-0.06469,0.0155));
#3940=CARTESIAN_POINT('',(-0.00485605902777778,-0.06469,0.0155));
#3941=CARTESIAN_POINT('',(-0.00613644097222223,-0.06469,0.0155));
#3942=CARTESIAN_POINT('',(-0.00485605902777778,-0.0650537152777778,0.0155));
#3943=CARTESIAN_POINT('',(-0.00485605902777778,-0.0650537152777778,0.014));
#3944=CARTESIAN_POINT('',(-0.00485605902777778,-0.0654174305555556,0.014));
#3945=CARTESIAN_POINT('',(-0.00485605902777778,-0.0654174305555556,0.0155));
#3946=CARTESIAN_POINT('',(-0.00485605902777778,-0.0654174305555556,0.0155));
#3947=CARTESIAN_POINT('',(-0.00485605902777778,-0.0650537152777778,0.0155));
#3948=CARTESIAN_POINT('',(-0.00612255208333334,-0.0654174305555556,0.0155));
#3949=CARTESIAN_POINT('',(-0.00612255208333334,-0.0654174305555556,0.014));
#3950=CARTESIAN_POINT('',(-0.0073890455085737,-0.0654174510310624,0.01400000025));
#3951=CARTESIAN_POINT('',(-0.0073890451388889,-0.0654174305555556,0.0155));
#3952=CARTESIAN_POINT('',(-0.0073890455085737,-0.0654174510310624,0.01549999975));
#3953=CARTESIAN_POINT('',(-0.00612255208333334,-0.0654174305555556,0.0155));
#3954=CARTESIAN_POINT('',(-0.0073902058612315,-0.0654817187767339,0.0155));
#3955=CARTESIAN_POINT('',(-0.0073902058612315,-0.0654817187767339,0.014));
#3956=CARTESIAN_POINT('',(-0.00743633312483951,-0.0654369825280369,0.014));
#3957=CARTESIAN_POINT('',(-0.00743633296272101,-0.0654369823708095,0.0155));
#3958=CARTESIAN_POINT('',(-0.00743633312483951,-0.0654369825280369,0.0155));
#3959=CARTESIAN_POINT('',(-0.0073902058612315,-0.0654817187767339,0.0155));
#3960=CARTESIAN_POINT('',(-0.00739159719548846,-0.0654831101109907,0.0155));
#3961=CARTESIAN_POINT('',(-0.00739159719548846,-0.0654831101109907,0.014));
#3962=CARTESIAN_POINT('',(-0.00745586494115992,-0.0654842704636485,0.014));
#3963=CARTESIAN_POINT('',(-0.00745588541666667,-0.0654842708333333,0.0155));
#3964=CARTESIAN_POINT('',(-0.00745586494115992,-0.0654842704636485,0.01549999975));
#3965=CARTESIAN_POINT('',(-0.00739159719548846,-0.0654831101109907,0.0155));
#3966=CARTESIAN_POINT('',(-0.00745588541666667,-0.0658484201388889,0.0155));
#3967=CARTESIAN_POINT('',(-0.00745588541666667,-0.0658484201388889,0.014));
#3968=CARTESIAN_POINT('',(-0.00745585857380345,-0.0662125700225324,0.01400000025));
#3969=CARTESIAN_POINT('',(-0.00745588541666667,-0.0662125694444444,0.0155));
#3970=CARTESIAN_POINT('',(-0.00745585857380345,-0.0662125700225324,0.01549999975));
#3971=CARTESIAN_POINT('',(-0.00745588541666667,-0.0658484201388889,0.0155));
#3972=CARTESIAN_POINT('',(-0.00739300918352964,-0.0662139235471618,0.0155));
#3973=CARTESIAN_POINT('',(-0.00739300918352964,-0.0662139235471618,0.014));
#3974=CARTESIAN_POINT('',(-0.00743641239676265,-0.0662593621211771,0.014));
#3975=CARTESIAN_POINT('',(-0.00743641239676265,-0.0662593621211771,0.0155));
#3976=CARTESIAN_POINT('',(-0.00743641239676265,-0.0662593621211771,0.0155));
#3977=CARTESIAN_POINT('',(-0.00739300918352964,-0.0662139235471618,0.0155));
#3978=CARTESIAN_POINT('',(-0.00739034203320327,-0.0662134941790773,0.0155));
#3979=CARTESIAN_POINT('',(-0.00739034203320327,-0.0662134941790773,0.014));
#3980=CARTESIAN_POINT('',(-0.00738904563780798,-0.0662785166427056,0.014));
#3981=CARTESIAN_POINT('',(-0.0073890451388889,-0.0662785416666667,0.0155));
#3982=CARTESIAN_POINT('',(-0.00738904563780798,-0.0662785166427056,0.01549999975));
#3983=CARTESIAN_POINT('',(-0.00739034203320327,-0.0662134941790773,0.0155));
#3984=CARTESIAN_POINT('',(-0.00618895833333334,-0.0662785416666667,0.0155));
#3985=CARTESIAN_POINT('',(-0.00618895833333334,-0.0662785416666667,0.014));
#3986=CARTESIAN_POINT('',(-0.0049888700416532,-0.0662786752550585,0.01400000025));
#3987=CARTESIAN_POINT('',(-0.00498887152777778,-0.0662785416666667,0.0155));
#3988=CARTESIAN_POINT('',(-0.00498887004165321,-0.0662786752550585,0.01549999975));
#3989=CARTESIAN_POINT('',(-0.00618895833333334,-0.0662785416666667,0.0155));
#3990=CARTESIAN_POINT('',(-0.00498056494045131,-0.0670252244552155,0.0155));
#3991=CARTESIAN_POINT('',(-0.00498056494045131,-0.0670252244552155,0.014));
#3992=CARTESIAN_POINT('',(-0.00460301016344896,-0.0663813886109911,0.01400000025));
#3993=CARTESIAN_POINT('',(-0.00460302083333334,-0.06638140625,0.0155));
#3994=CARTESIAN_POINT('',(-0.00460301016344896,-0.0663813886109911,0.01549999975));
#3995=CARTESIAN_POINT('',(-0.00498056494045131,-0.0670252244552155,0.0155));
#3996=CARTESIAN_POINT('',(-0.00499006681292292,-0.0670462300073674,0.0155));
#3997=CARTESIAN_POINT('',(-0.00499006681292292,-0.0670462300073674,0.014));
#3998=CARTESIAN_POINT('',(-0.00432521647655158,-0.0666591682694945,0.0140000002499998));
#3999=CARTESIAN_POINT('',(-0.00432524305555556,-0.0666591840277778,0.0155));
#4000=CARTESIAN_POINT('',(-0.00432521647655158,-0.0666591682694945,0.0154999997500002));
#4001=CARTESIAN_POINT('',(-0.00499006681292292,-0.0670462300073674,0.0155));
#4002=CARTESIAN_POINT('',(-0.00497072125127627,-0.0670371088427696,0.0155));
#4003=CARTESIAN_POINT('',(-0.00497072125127627,-0.0670371088427696,0.014));
#4004=CARTESIAN_POINT('',(-0.00422252215180334,-0.0670459010893685,0.014));
#4005=CARTESIAN_POINT('',(-0.00422237847222222,-0.0670459027777778,0.0155));
#4006=CARTESIAN_POINT('',(-0.00422252215180334,-0.0670459010893685,0.01549999975));
#4007=CARTESIAN_POINT('',(-0.00497072125127627,-0.0670371088427696,0.0155));
#4008=CARTESIAN_POINT('',(-0.00422237847222222,-0.0674847048611111,0.0155));
#4009=CARTESIAN_POINT('',(-0.00422237847222222,-0.0674847048611111,0.014));
#4010=CARTESIAN_POINT('',(-0.00422253017599324,-0.0679235088500193,0.01400000025));
#4011=CARTESIAN_POINT('',(-0.00422237847222222,-0.0679235069444445,0.0155));
#4012=CARTESIAN_POINT('',(-0.00422253017599324,-0.0679235088500193,0.01549999975));
#4013=CARTESIAN_POINT('',(-0.00422237847222222,-0.0674847048611111,0.0155));
#4014=CARTESIAN_POINT('',(-0.00494155545174136,-0.0679325406391105,0.0155));
#4015=CARTESIAN_POINT('',(-0.00494155545174136,-0.0679325406391105,0.014));
#4016=CARTESIAN_POINT('',(-0.00432781498310602,-0.0683067733300051,0.01400000025));
#4017=CARTESIAN_POINT('',(-0.00432784722222223,-0.0683067534722222,0.0155));
#4018=CARTESIAN_POINT('',(-0.00432781498310602,-0.0683067733300051,0.01549999975));
#4019=CARTESIAN_POINT('',(-0.00494155545174136,-0.0679325406391105,0.0155));
#4020=CARTESIAN_POINT('',(-0.00503508461001689,-0.0678772938622054,0.0155));
#4021=CARTESIAN_POINT('',(-0.00503508461001689,-0.0678772938622054,0.014));
#4022=CARTESIAN_POINT('',(-0.00460560520177044,-0.0685845635252029,0.0140000002499999));
#4023=CARTESIAN_POINT('',(-0.004605625,-0.06858453125,0.0155));
#4024=CARTESIAN_POINT('',(-0.00460560520177044,-0.0685845635252029,0.0154999997500001));
#4025=CARTESIAN_POINT('',(-0.00503508461001689,-0.0678772938622054,0.0155));
#4026=CARTESIAN_POINT('',(-0.00757988666446063,-0.05969,0.0155));
#4027=CARTESIAN_POINT('',(-0.00688084629384515,-0.05969,0.0155));
#4028=CARTESIAN_POINT('',(-0.00688084629384515,-0.05969,0.0155));
#4029=CARTESIAN_POINT('',(-0.00688084629384515,-0.05969,0.014));
#4030=CARTESIAN_POINT('',(-0.00757988666446063,-0.05969,0.014));
#4031=CARTESIAN_POINT('',(-0.00827892703507612,-0.05969,0.014));
#4032=CARTESIAN_POINT('',(-0.00827892703507612,-0.05969,0.0155));
#4033=CARTESIAN_POINT('',(-0.00827892703507612,-0.05969,0.0155));
#4034=CARTESIAN_POINT('',(-0.00757988666446063,-0.05969,0.0155));
#4035=CARTESIAN_POINT('',(-0.00827892703507612,-0.0558779549966909,0.0155));
#4036=CARTESIAN_POINT('',(-0.00827892703507612,-0.0558779549966909,0.014));
#4037=CARTESIAN_POINT('',(-0.00827892703507612,-0.0520659099933819,0.014));
#4038=CARTESIAN_POINT('',(-0.00827892703507612,-0.0520659099933819,0.0155));
#4039=CARTESIAN_POINT('',(-0.00827892703507612,-0.0520659099933819,0.0155));
#4040=CARTESIAN_POINT('',(-0.00827892703507612,-0.0558779549966909,0.0155));
#4041=CARTESIAN_POINT('',(-0.00751122352746526,-0.0520659099933819,0.0155));
#4042=CARTESIAN_POINT('',(-0.00751122352746526,-0.0520659099933819,0.014));
#4043=CARTESIAN_POINT('',(-0.00674352001985441,-0.0520659099933819,0.014));
#4044=CARTESIAN_POINT('',(-0.00674352001985441,-0.0520659099933819,0.0155));
#4045=CARTESIAN_POINT('',(-0.00674352001985441,-0.0520659099933819,0.0155));
#4046=CARTESIAN_POINT('',(-0.00751122352746526,-0.0520659099933819,0.0155));
#4047=CARTESIAN_POINT('',(-0.0053611573461284,-0.0537121707478491,0.0155));
#4048=CARTESIAN_POINT('',(-0.0053611573461284,-0.0537121707478491,0.014));
#4049=CARTESIAN_POINT('',(-0.00397879467240239,-0.0553584315023164,0.014));
#4050=CARTESIAN_POINT('',(-0.00397879467240239,-0.0553584315023164,0.0155));
#4051=CARTESIAN_POINT('',(-0.00397879467240239,-0.0553584315023164,0.0155));
#4052=CARTESIAN_POINT('',(-0.0053611573461284,-0.0537121707478491,0.0155));
#4053=CARTESIAN_POINT('',(-0.0026022228656519,-0.0537121707478491,0.0155));
#4054=CARTESIAN_POINT('',(-0.0026022228656519,-0.0537121707478491,0.014));
#4055=CARTESIAN_POINT('',(-0.0012256510589014,-0.0520659099933819,0.014));
#4056=CARTESIAN_POINT('',(-0.0012256510589014,-0.0520659099933819,0.0155));
#4057=CARTESIAN_POINT('',(-0.0012256510589014,-0.0520659099933819,0.0155));
#4058=CARTESIAN_POINT('',(-0.0026022228656519,-0.0537121707478491,0.0155));
#4059=CARTESIAN_POINT('',(-0.000452983951025818,-0.0520659099933819,0.0155));
#4060=CARTESIAN_POINT('',(-0.000452983951025818,-0.0520659099933819,0.014));
#4061=CARTESIAN_POINT('',(0.000319683156849762,-0.0520659099933819,0.014));
#4062=CARTESIAN_POINT('',(0.000319683156849762,-0.0520659099933819,0.0155));
#4063=CARTESIAN_POINT('',(0.000319683156849762,-0.0520659099933819,0.0155));
#4064=CARTESIAN_POINT('',(-0.000452983951025818,-0.0520659099933819,0.0155));
#4065=CARTESIAN_POINT('',(0.000319683156849762,-0.0558779549966909,0.0155));
#4066=CARTESIAN_POINT('',(0.000319683156849762,-0.0558779549966909,0.014));
#4067=CARTESIAN_POINT('',(0.000319683156849762,-0.05969,0.014));
#4068=CARTESIAN_POINT('',(0.000319683156849762,-0.05969,0.0155));
#4069=CARTESIAN_POINT('',(0.000319683156849762,-0.05969,0.0155));
#4070=CARTESIAN_POINT('',(0.000319683156849762,-0.0558779549966909,0.0155));
#4071=CARTESIAN_POINT('',(-0.000384320814030451,-0.05969,0.0155));
#4072=CARTESIAN_POINT('',(-0.000384320814030451,-0.05969,0.014));
#4073=CARTESIAN_POINT('',(-0.00108832478491066,-0.05969,0.014));
#4074=CARTESIAN_POINT('',(-0.00108832478491066,-0.05969,0.0155));
#4075=CARTESIAN_POINT('',(-0.00108832478491066,-0.05969,0.0155));
#4076=CARTESIAN_POINT('',(-0.000384320814030451,-0.05969,0.0155));
#4077=CARTESIAN_POINT('',(-0.00108832478491066,-0.0568946657842489,0.0155));
#4078=CARTESIAN_POINT('',(-0.00108832478491066,-0.0568946657842489,0.014));
#4079=CARTESIAN_POINT('',(-0.00108832478491066,-0.0540993315684977,0.014));
#4080=CARTESIAN_POINT('',(-0.00108832478491066,-0.0540993315684977,0.0155));
#4081=CARTESIAN_POINT('',(-0.00108832478491066,-0.0540993315684977,0.0155));
#4082=CARTESIAN_POINT('',(-0.00108832478491066,-0.0568946657842489,0.0155));
#4083=CARTESIAN_POINT('',(-0.00253355972865653,-0.0558200463269358,0.0155));
#4084=CARTESIAN_POINT('',(-0.00253355972865653,-0.0558200463269358,0.014));
#4085=CARTESIAN_POINT('',(-0.00397879467240239,-0.0575407610853739,0.014));
#4086=CARTESIAN_POINT('',(-0.00397879467240239,-0.0575407610853739,0.0155));
#4087=CARTESIAN_POINT('',(-0.00397879467240239,-0.0575407610853739,0.0155));
#4088=CARTESIAN_POINT('',(-0.00253355972865653,-0.0558200463269358,0.0155));
#4089=CARTESIAN_POINT('',(-0.00542982048312377,-0.0558250099272005,0.0155));
#4090=CARTESIAN_POINT('',(-0.00542982048312377,-0.0558250099272005,0.014));
#4091=CARTESIAN_POINT('',(-0.00688084629384514,-0.0541092587690271,0.014));
#4092=CARTESIAN_POINT('',(-0.00688084629384514,-0.0541092587690271,0.0155));
#4093=CARTESIAN_POINT('',(-0.00688084629384514,-0.0541092587690271,0.0155));
#4094=CARTESIAN_POINT('',(-0.00542982048312377,-0.0558250099272005,0.0155));
#4095=CARTESIAN_POINT('',(-0.000424282277556886,-0.0679708230204779,0.0155));
#4096=CARTESIAN_POINT('',(-0.000424282277556886,-0.0679708230204779,0.014));
#4097=CARTESIAN_POINT('',(-0.000424282277556886,-0.0679708230204779,0.0155));
#4098=CARTESIAN_POINT('',(-0.00387125,-0.04669,0.0155));
#4099=CARTESIAN_POINT('',(-0.00387125,-0.04669,0.014));
#4100=CARTESIAN_POINT('',(-0.00387125,-0.04669,0.0155));
#4101=CARTESIAN_POINT('',(-0.00497983783311245,-0.0679708230204779,0.0155));
#4102=CARTESIAN_POINT('',(-0.00497983783311245,-0.0679708230204779,0.014));
#4103=CARTESIAN_POINT('',(-0.00497983783311245,-0.0679708230204779,0.0155));
#4104=CARTESIAN_POINT('',(-0.00688084629384514,-0.0568996293845136,0.0155));
#4105=CARTESIAN_POINT('',(-0.00688084629384514,-0.0568996293845136,0.014));
#4106=CARTESIAN_POINT('',(-0.00688084629384514,-0.0568996293845136,0.0155));
#4107=CARTESIAN_POINT('',(-0.00387125,-0.03969,0.0155));
#4108=CARTESIAN_POINT('',(-0.00387125,-0.03969,0.014));
#4109=CARTESIAN_POINT('',(-0.00387125,-0.03969,0.0155));
#4110=CARTESIAN_POINT('',(0.152638125,-0.053736875,0.0155));
#4111=CARTESIAN_POINT('',(0.152638125,-0.053736875,0.014));
#4112=CARTESIAN_POINT('',(0.152638125,-0.053736875,0.014));
#4113=CARTESIAN_POINT('',(-0.00739020586123186,-0.067898281223267,0.0155));
#4114=CARTESIAN_POINT('',(-0.00739020586123186,-0.067898281223267,0.014));
#4115=CARTESIAN_POINT('',(-0.00743633312965555,-0.0679430174769291,0.014));
#4116=CARTESIAN_POINT('',(-0.0073890455085737,-0.0679625489689376,0.014));
#4117=CARTESIAN_POINT('',(-0.0073890451388889,-0.0679625694444444,0.0155));
#4118=CARTESIAN_POINT('',(-0.0073890455085737,-0.0679625489689376,0.01549999975));
#4119=CARTESIAN_POINT('',(-0.00739020586123186,-0.067898281223267,0.0155));
#4120=CARTESIAN_POINT('',(-0.00743633312965555,-0.0679430174769291,0.0155));
#4121=CARTESIAN_POINT('',(-0.00743633297235329,-0.0679430176391225,0.0155));
#4122=CARTESIAN_POINT('',(-0.00620284722222223,-0.0679625694444444,0.0155));
#4123=CARTESIAN_POINT('',(-0.00620284722222223,-0.0679625694444444,0.014));
#4124=CARTESIAN_POINT('',(-0.00501664893587076,-0.0679625489689376,0.014));
#4125=CARTESIAN_POINT('',(-0.00501664930555556,-0.0679625694444444,0.0155));
#4126=CARTESIAN_POINT('',(-0.00501664893587076,-0.0679625489689376,0.0155));
#4127=CARTESIAN_POINT('',(-0.00620284722222223,-0.0679625694444444,0.0155));
#4128=CARTESIAN_POINT('',(-0.00501548858321257,-0.067898281223267,0.0155));
#4129=CARTESIAN_POINT('',(-0.00501548858321257,-0.067898281223267,0.014));
#4130=CARTESIAN_POINT('',(-0.00496936131960493,-0.067943017471963,0.014));
#4131=CARTESIAN_POINT('',(-0.00496936148172348,-0.0679430176291905,0.0155));
#4132=CARTESIAN_POINT('',(-0.00496936131960493,-0.067943017471963,0.0155));
#4133=CARTESIAN_POINT('',(-0.00501548858321257,-0.067898281223267,0.0155));
#4134=CARTESIAN_POINT('',(-0.00501409724895474,-0.0678968898890098,0.0155));
#4135=CARTESIAN_POINT('',(-0.00501409724895474,-0.0678968898890098,0.014));
#4136=CARTESIAN_POINT('',(-0.00494982950328457,-0.0678957295363515,0.014));
#4137=CARTESIAN_POINT('',(-0.00494980902777778,-0.0678957291666667,0.0155));
#4138=CARTESIAN_POINT('',(-0.00494982950328457,-0.0678957295363515,0.01549999975));
#4139=CARTESIAN_POINT('',(-0.00501409724895474,-0.0678968898890098,0.0155));
#4140=CARTESIAN_POINT('',(-0.00494980902777778,-0.0674873090277778,0.0155));
#4141=CARTESIAN_POINT('',(-0.00494980902777778,-0.0674873090277778,0.014));
#4142=CARTESIAN_POINT('',(-0.00494982950328457,-0.0670788885192041,0.014));
#4143=CARTESIAN_POINT('',(-0.00494980902777778,-0.0670788888888889,0.0155));
#4144=CARTESIAN_POINT('',(-0.00494982950328457,-0.0670788885192041,0.0155));
#4145=CARTESIAN_POINT('',(-0.00494980902777778,-0.0674873090277778,0.0155));
#4146=CARTESIAN_POINT('',(-0.00501409724895504,-0.0670777281665458,0.0155));
#4147=CARTESIAN_POINT('',(-0.00501409724895504,-0.0670777281665458,0.014));
#4148=CARTESIAN_POINT('',(-0.00496936100025849,-0.0670316009029389,0.014));
#4149=CARTESIAN_POINT('',(-0.00496936084303166,-0.0670316010650568,0.0155));
#4150=CARTESIAN_POINT('',(-0.00496936100025849,-0.0670316009029389,0.0155));
#4151=CARTESIAN_POINT('',(-0.00501409724895504,-0.0670777281665458,0.0155));
#4152=CARTESIAN_POINT('',(-0.00501548858321298,-0.0670763368322894,0.0155));
#4153=CARTESIAN_POINT('',(-0.00501548858321298,-0.0670763368322894,0.014));
#4154=CARTESIAN_POINT('',(-0.00501664893587076,-0.0670120690866179,0.014));
#4155=CARTESIAN_POINT('',(-0.00501664930555556,-0.0670120486111111,0.0155));
#4156=CARTESIAN_POINT('',(-0.00501664893587076,-0.0670120690866179,0.01549999975));
#4157=CARTESIAN_POINT('',(-0.00501548858321298,-0.0670763368322894,0.0155));
#4158=CARTESIAN_POINT('',(-0.00623626736111112,-0.0670120486111111,0.0155));
#4159=CARTESIAN_POINT('',(-0.00623626736111112,-0.0670120486111111,0.014));
#4160=CARTESIAN_POINT('',(-0.00745588541666667,-0.0670120486111111,0.014));
#4161=CARTESIAN_POINT('',(-0.00745588541666667,-0.0670120486111111,0.0155));
#4162=CARTESIAN_POINT('',(-0.00745588541666667,-0.0670120486111111,0.0155));
#4163=CARTESIAN_POINT('',(-0.00623626736111112,-0.0670120486111111,0.0155));
#4164=CARTESIAN_POINT('',(-0.00745588541666667,-0.0674538888888889,0.0155));
#4165=CARTESIAN_POINT('',(-0.00745588541666667,-0.0674538888888889,0.014));
#4166=CARTESIAN_POINT('',(-0.00745586494115989,-0.0678957295363515,0.014));
#4167=CARTESIAN_POINT('',(-0.00745588541666667,-0.0678957291666667,0.0155));
#4168=CARTESIAN_POINT('',(-0.00745586494115989,-0.0678957295363515,0.0155));
#4169=CARTESIAN_POINT('',(-0.00745588541666667,-0.0674538888888889,0.0155));
#4170=CARTESIAN_POINT('',(-0.0073915971954894,-0.0678968898890097,0.0155));
#4171=CARTESIAN_POINT('',(-0.0073915971954894,-0.0678968898890097,0.014));
#4172=CARTESIAN_POINT('',(-0.0073915971954894,-0.0678968898890097,0.0155));
#4173=CARTESIAN_POINT('',(0.152638125,-0.053736875,0.0155));
#4174=CARTESIAN_POINT('',(0.152638125,-0.053736875,0.014));
#4175=CARTESIAN_POINT('',(0.152638125,-0.053736875,0.014));
#4176=CARTESIAN_POINT('',(0.152638125,-0.053736875,0.014));
#4177=CARTESIAN_POINT('',(0.152638125,-0.053736875,0.014));
#4178=CARTESIAN_POINT('',(-0.02762125,-0.053736875,0.0125));
#4179=CARTESIAN_POINT('',(-0.00841435365472423,-0.00335200695730751,0.0317068963452758));
#4180=CARTESIAN_POINT('',(-0.0164931509213548,-0.107468090438194,0.0236280990786452));
#4181=CARTESIAN_POINT('',(0.0354594453435597,-0.17091555465644,0.0155));
#4182=CARTESIAN_POINT('',(0.0354594453435598,0.0634418046564404,0.0155));
#4183=CARTESIAN_POINT('',(0.0895325019999999,-0.00925213671743869,0.0155));
#4184=CARTESIAN_POINT('',(0.227643430834994,-0.103686237729788,0.0155));
#4185=CARTESIAN_POINT('',(-0.02077125,-0.1098775,0.0052));
#4186=CARTESIAN_POINT('',(-0.02292125,-0.1098775,0.0052));
#4187=CARTESIAN_POINT('',(-0.02292125,-0.1098775,0.0052));
#4188=CARTESIAN_POINT('',(-0.02077125,-0.1098775,0.0052));
#4189=CARTESIAN_POINT('',(-0.01862125,-0.1098775,0.0052));
#4190=CARTESIAN_POINT('',(-0.01862125,-0.1098775,0.0052));
#4191=CARTESIAN_POINT('',(-0.01862125,-0.0904248100113862,0.0052));
#4192=CARTESIAN_POINT('',(-0.01862125,-0.0904248100113862,0.0052));
#4193=CARTESIAN_POINT('',(-0.01862125,-0.0709721200227725,0.0052));
#4194=CARTESIAN_POINT('',(-0.01862125,-0.0709721200227725,0.0052));
#4195=CARTESIAN_POINT('',(-0.02077125,-0.0709721200227725,0.0052));
#4196=CARTESIAN_POINT('',(-0.02077125,-0.0709721200227725,0.0052));
#4197=CARTESIAN_POINT('',(-0.02292125,-0.0709721200227725,0.0052));
#4198=CARTESIAN_POINT('',(-0.02292125,-0.0709721200227725,0.0052));
#4199=CARTESIAN_POINT('',(-0.02292125,-0.0904248100113862,0.0052));
#4200=CARTESIAN_POINT('',(-0.02292125,-0.0904248100113862,0.0052));
#4201=CARTESIAN_POINT('',(0.152638125,-0.053736875,0.0052));
#4202=CARTESIAN_POINT('',(0.14430375,-0.1130775,0.0052));
#4203=CARTESIAN_POINT('',(0.194934129977228,-0.1130775,0.0052));
#4204=CARTESIAN_POINT('',(0.194934129977228,-0.1130775,0.0052));
#4205=CARTESIAN_POINT('',(0.14430375,-0.1130775,0.0052));
#4206=CARTESIAN_POINT('',(0.0936733700227725,-0.1130775,0.0052));
#4207=CARTESIAN_POINT('',(0.0936733700227725,-0.1130775,0.0052));
#4208=CARTESIAN_POINT('',(0.0936733700227725,-0.1152275,0.0052));
#4209=CARTESIAN_POINT('',(0.0936733700227725,-0.1152275,0.0052));
#4210=CARTESIAN_POINT('',(0.0936733700227725,-0.1173775,0.0052));
#4211=CARTESIAN_POINT('',(0.0936733700227725,-0.1173775,0.0052));
#4212=CARTESIAN_POINT('',(0.14430375,-0.1173775,0.0052));
#4213=CARTESIAN_POINT('',(0.14430375,-0.1173775,0.0052));
#4214=CARTESIAN_POINT('',(0.194934129977228,-0.1173775,0.0052));
#4215=CARTESIAN_POINT('',(0.194934129977228,-0.1173775,0.0052));
#4216=CARTESIAN_POINT('',(0.194934129977228,-0.1152275,0.0052));
#4217=CARTESIAN_POINT('',(0.194934129977228,-0.1152275,0.0052));
#4218=CARTESIAN_POINT('',(0.152638125,-0.053736875,0.0052));
#4219=MECHANICAL_DESIGN_GEOMETRIC_PRESENTATION_REPRESENTATION('',(#2540),
#4220);
#4220=(
GEOMETRIC_REPRESENTATION_CONTEXT(3)
GLOBAL_UNCERTAINTY_ASSIGNED_CONTEXT((#4221))
GLOBAL_UNIT_ASSIGNED_CONTEXT((#4224,#4223,#4222))
REPRESENTATION_CONTEXT('Top1','TOP_LEVEL_ASSEMBLY_PART')
);
#4221=UNCERTAINTY_MEASURE_WITH_UNIT(LENGTH_MEASURE(2.2E-6),#4224,
'DISTANCE_ACCURACY_VALUE','Maximum Tolerance applied to model');
#4222=(
NAMED_UNIT(*)
SI_UNIT($,.STERADIAN.)
SOLID_ANGLE_UNIT()
);
#4223=(
NAMED_UNIT(*)
PLANE_ANGLE_UNIT()
SI_UNIT($,.RADIAN.)
);
#4224=(
LENGTH_UNIT()
NAMED_UNIT(*)
SI_UNIT($,.METRE.)
);
#4225=PRODUCT_DEFINITION_SHAPE('','',#4226);
#4226=PRODUCT_DEFINITION('','',#4228,#4227);
#4227=PRODUCT_DEFINITION_CONTEXT('',#4234,'design');
#4228=PRODUCT_DEFINITION_FORMATION_WITH_SPECIFIED_SOURCE('','',#4230,
 .NOT_KNOWN.);
#4229=PRODUCT_RELATED_PRODUCT_CATEGORY('','',(#4230));
#4230=PRODUCT('Top1','Top1','Top1',(#4232));
#4231=PRODUCT_CATEGORY('','');
#4232=PRODUCT_CONTEXT('',#4234,'mechanical');
#4233=APPLICATION_PROTOCOL_DEFINITION('international standard',
'ap242_managed_model_based_3d_engineering',2020,#4234);
#4234=APPLICATION_CONTEXT('managed model based 3d engineering');
ENDSEC;
END-ISO-10303-21;
