ISO-10303-21;
HEADER;
/* Generated by software containing ST-Developer
 * from STEP Tools, Inc. (www.steptools.com) 
 */
/* OPTION: using custom renumber hook */

FILE_DESCRIPTION(
/* description */ ('STEP AP242 Edition 2',
'CAx-IF Rec.Pracs.---Representation and Presentation of Product Manufa
cturing Information (PMI)---4.0---2014-10-13',
'CAx-IF Rec.Pracs.---3D Tessellated Geometry---0.4---2014-09-14','2;1',
'CAx-IF Rec.Pracs.---User Defined Attributes---1.5---2016-08-15'),
/* implementation_level */ '2;1');

FILE_NAME(
/* name */ 'Magno65 parts - Top2',
/* time_stamp */ '2026-07-13T17:40:53Z',
/* author */ (''),
/* organization */ (''),
/* preprocessor_version */ 'ST-DEVELOPER v20',
/* originating_system */ 'ONSHAPE BY PTC INC, 1.217',
/* authorisation */ '  ');

FILE_SCHEMA (('AP242_MANAGED_MODEL_BASED_3D_ENGINEERING_MIM_LF { 1 0 10303 442 3 1 4 }'));
ENDSEC;

DATA;
#10=SHAPE_REPRESENTATION_RELATIONSHIP('','',#4025,#11);
#11=ADVANCED_BREP_SHAPE_REPRESENTATION('',(#4023),#6867);
#12=B_SPLINE_SURFACE_WITH_KNOTS('',3,1,((#6179,#6180),(#6181,#6182),(#6183,
#6184),(#6185,#6186)),.SURF_OF_LINEAR_EXTRUSION.,.F.,.F.,.F.,(4,4),(2,2),
(0.,1.),(0.,1.),.PIECEWISE_BEZIER_KNOTS.);
#13=B_SPLINE_SURFACE_WITH_KNOTS('',3,1,((#6198,#6199),(#6200,#6201),(#6202,
#6203),(#6204,#6205)),.SURF_OF_LINEAR_EXTRUSION.,.F.,.F.,.F.,(4,4),(2,2),
(0.,1.),(0.,1.),.PIECEWISE_BEZIER_KNOTS.);
#14=B_SPLINE_SURFACE_WITH_KNOTS('',3,1,((#6435,#6436),(#6437,#6438),(#6439,
#6440),(#6441,#6442)),.SURF_OF_LINEAR_EXTRUSION.,.F.,.F.,.F.,(4,4),(2,2),
(0.,1.),(0.,1.),.PIECEWISE_BEZIER_KNOTS.);
#15=B_SPLINE_SURFACE_WITH_KNOTS('',3,1,((#6452,#6453),(#6454,#6455),(#6456,
#6457),(#6458,#6459)),.SURF_OF_LINEAR_EXTRUSION.,.F.,.F.,.F.,(4,4),(2,2),
(0.,1.),(0.,1.),.PIECEWISE_BEZIER_KNOTS.);
#16=B_SPLINE_SURFACE_WITH_KNOTS('',3,1,((#6531,#6532),(#6533,#6534),(#6535,
#6536),(#6537,#6538)),.SURF_OF_LINEAR_EXTRUSION.,.F.,.F.,.F.,(4,4),(2,2),
(0.,1.),(0.,1.),.PIECEWISE_BEZIER_KNOTS.);
#17=B_SPLINE_SURFACE_WITH_KNOTS('',3,1,((#6550,#6551),(#6552,#6553),(#6554,
#6555),(#6556,#6557)),.SURF_OF_LINEAR_EXTRUSION.,.F.,.F.,.F.,(4,4),(2,2),
(0.,1.),(0.,1.),.PIECEWISE_BEZIER_KNOTS.);
#18=B_SPLINE_SURFACE_WITH_KNOTS('',3,1,((#6567,#6568),(#6569,#6570),(#6571,
#6572),(#6573,#6574)),.SURF_OF_LINEAR_EXTRUSION.,.F.,.F.,.F.,(4,4),(2,2),
(0.,1.),(0.,1.),.PIECEWISE_BEZIER_KNOTS.);
#19=B_SPLINE_SURFACE_WITH_KNOTS('',3,1,((#6592,#6593),(#6594,#6595),(#6596,
#6597),(#6598,#6599)),.SURF_OF_LINEAR_EXTRUSION.,.F.,.F.,.F.,(4,4),(2,2),
(0.,1.),(0.,1.),.PIECEWISE_BEZIER_KNOTS.);
#20=B_SPLINE_SURFACE_WITH_KNOTS('',3,1,((#6625,#6626),(#6627,#6628),(#6629,
#6630),(#6631,#6632)),.SURF_OF_LINEAR_EXTRUSION.,.F.,.F.,.F.,(4,4),(2,2),
(0.,1.),(0.,1.),.PIECEWISE_BEZIER_KNOTS.);
#21=B_SPLINE_SURFACE_WITH_KNOTS('',3,1,((#6678,#6679),(#6680,#6681),(#6682,
#6683),(#6684,#6685)),.SURF_OF_LINEAR_EXTRUSION.,.F.,.F.,.F.,(4,4),(2,2),
(0.,1.),(0.,1.),.PIECEWISE_BEZIER_KNOTS.);
#22=B_SPLINE_SURFACE_WITH_KNOTS('',3,1,((#6715,#6716),(#6717,#6718),(#6719,
#6720),(#6721,#6722)),.SURF_OF_LINEAR_EXTRUSION.,.F.,.F.,.F.,(4,4),(2,2),
(0.,1.),(0.,1.),.PIECEWISE_BEZIER_KNOTS.);
#23=B_SPLINE_SURFACE_WITH_KNOTS('',3,1,((#6768,#6769),(#6770,#6771),(#6772,
#6773),(#6774,#6775)),.SURF_OF_LINEAR_EXTRUSION.,.F.,.F.,.F.,(4,4),(2,2),
(0.,1.),(0.,1.),.PIECEWISE_BEZIER_KNOTS.);
#24=B_SPLINE_CURVE_WITH_KNOTS('',2,(#5850,#5851,#5852),.UNSPECIFIED.,.F.,
 .F.,(3,3),(0.,1.),.PIECEWISE_BEZIER_KNOTS.);
#25=B_SPLINE_CURVE_WITH_KNOTS('',2,(#5857,#5858,#5859),.UNSPECIFIED.,.F.,
 .F.,(3,3),(0.,1.),.PIECEWISE_BEZIER_KNOTS.);
#26=B_SPLINE_CURVE_WITH_KNOTS('',2,(#5979,#5980,#5981),.UNSPECIFIED.,.F.,
 .F.,(3,3),(0.,1.),.PIECEWISE_BEZIER_KNOTS.);
#27=B_SPLINE_CURVE_WITH_KNOTS('',2,(#5985,#5986,#5987),.UNSPECIFIED.,.F.,
 .F.,(3,3),(0.,1.),.PIECEWISE_BEZIER_KNOTS.);
#28=B_SPLINE_CURVE_WITH_KNOTS('',2,(#6019,#6020,#6021),.UNSPECIFIED.,.F.,
 .F.,(3,3),(0.,1.),.PIECEWISE_BEZIER_KNOTS.);
#29=B_SPLINE_CURVE_WITH_KNOTS('',2,(#6026,#6027,#6028),.UNSPECIFIED.,.F.,
 .F.,(3,3),(0.,1.),.PIECEWISE_BEZIER_KNOTS.);
#30=B_SPLINE_CURVE_WITH_KNOTS('',2,(#6032,#6033,#6034),.UNSPECIFIED.,.F.,
 .F.,(3,3),(0.,1.),.PIECEWISE_BEZIER_KNOTS.);
#31=B_SPLINE_CURVE_WITH_KNOTS('',2,(#6038,#6039,#6040),.UNSPECIFIED.,.F.,
 .F.,(3,3),(0.,1.),.PIECEWISE_BEZIER_KNOTS.);
#32=B_SPLINE_CURVE_WITH_KNOTS('',2,(#6048,#6049,#6050),.UNSPECIFIED.,.F.,
 .F.,(3,3),(0.,1.),.PIECEWISE_BEZIER_KNOTS.);
#33=B_SPLINE_CURVE_WITH_KNOTS('',2,(#6085,#6086,#6087),.UNSPECIFIED.,.F.,
 .F.,(3,3),(0.,1.),.PIECEWISE_BEZIER_KNOTS.);
#34=B_SPLINE_CURVE_WITH_KNOTS('',2,(#6102,#6103,#6104),.UNSPECIFIED.,.F.,
 .F.,(3,3),(0.,1.),.PIECEWISE_BEZIER_KNOTS.);
#35=B_SPLINE_CURVE_WITH_KNOTS('',2,(#6126,#6127,#6128),.UNSPECIFIED.,.F.,
 .F.,(3,3),(0.,1.),.PIECEWISE_BEZIER_KNOTS.);
#36=B_SPLINE_CURVE_WITH_KNOTS('',2,(#6191,#6192,#6193),.UNSPECIFIED.,.F.,
 .F.,(3,3),(0.,1.),.PIECEWISE_BEZIER_KNOTS.);
#37=B_SPLINE_CURVE_WITH_KNOTS('',2,(#6208,#6209,#6210),.UNSPECIFIED.,.F.,
 .F.,(3,3),(0.,1.),.PIECEWISE_BEZIER_KNOTS.);
#38=B_SPLINE_CURVE_WITH_KNOTS('',2,(#6445,#6446,#6447),.UNSPECIFIED.,.F.,
 .F.,(3,3),(0.,1.),.PIECEWISE_BEZIER_KNOTS.);
#39=B_SPLINE_CURVE_WITH_KNOTS('',2,(#6462,#6463,#6464),.UNSPECIFIED.,.F.,
 .F.,(3,3),(0.,1.),.PIECEWISE_BEZIER_KNOTS.);
#40=B_SPLINE_CURVE_WITH_KNOTS('',2,(#6543,#6544,#6545),.UNSPECIFIED.,.F.,
 .F.,(3,3),(0.,1.),.PIECEWISE_BEZIER_KNOTS.);
#41=B_SPLINE_CURVE_WITH_KNOTS('',2,(#6560,#6561,#6562),.UNSPECIFIED.,.F.,
 .F.,(3,3),(0.,1.),.PIECEWISE_BEZIER_KNOTS.);
#42=B_SPLINE_CURVE_WITH_KNOTS('',2,(#6577,#6578,#6579),.UNSPECIFIED.,.F.,
 .F.,(3,3),(0.,1.),.PIECEWISE_BEZIER_KNOTS.);
#43=B_SPLINE_CURVE_WITH_KNOTS('',2,(#6602,#6603,#6604),.UNSPECIFIED.,.F.,
 .F.,(3,3),(0.,1.),.PIECEWISE_BEZIER_KNOTS.);
#44=B_SPLINE_CURVE_WITH_KNOTS('',2,(#6635,#6636,#6637),.UNSPECIFIED.,.F.,
 .F.,(3,3),(0.,1.),.PIECEWISE_BEZIER_KNOTS.);
#45=B_SPLINE_CURVE_WITH_KNOTS('',2,(#6688,#6689,#6690),.UNSPECIFIED.,.F.,
 .F.,(3,3),(0.,1.),.PIECEWISE_BEZIER_KNOTS.);
#46=B_SPLINE_CURVE_WITH_KNOTS('',2,(#6725,#6726,#6727),.UNSPECIFIED.,.F.,
 .F.,(3,3),(0.,1.),.PIECEWISE_BEZIER_KNOTS.);
#47=B_SPLINE_CURVE_WITH_KNOTS('',2,(#6778,#6779,#6780),.UNSPECIFIED.,.F.,
 .F.,(3,3),(0.,1.),.PIECEWISE_BEZIER_KNOTS.);
#48=CYLINDRICAL_SURFACE('',#4056,0.00020354225818309);
#49=CYLINDRICAL_SURFACE('',#4058,0.000203542258180462);
#50=CYLINDRICAL_SURFACE('',#4061,0.000203542258183664);
#51=CYLINDRICAL_SURFACE('',#4063,0.000203542258183159);
#52=CYLINDRICAL_SURFACE('',#4067,0.000203542258180149);
#53=CYLINDRICAL_SURFACE('',#4069,0.000203542258179673);
#54=CYLINDRICAL_SURFACE('',#4072,0.000203542258183637);
#55=CYLINDRICAL_SURFACE('',#4074,0.000203542258180106);
#56=CYLINDRICAL_SURFACE('',#4077,0.000203542258180097);
#57=CYLINDRICAL_SURFACE('',#4079,0.000203542258183588);
#58=CYLINDRICAL_SURFACE('',#4082,0.00020354225818365);
#59=CYLINDRICAL_SURFACE('',#4084,0.000203542258180228);
#60=CYLINDRICAL_SURFACE('',#4087,0.000203542258180905);
#61=CYLINDRICAL_SURFACE('',#4089,0.000203542258180152);
#62=CYLINDRICAL_SURFACE('',#4092,0.000203542258183147);
#63=CYLINDRICAL_SURFACE('',#4094,0.000203542258180226);
#64=CYLINDRICAL_SURFACE('',#4097,0.000203542258180464);
#65=CYLINDRICAL_SURFACE('',#4099,0.000203542258179981);
#66=CYLINDRICAL_SURFACE('',#4102,0.000203542258184146);
#67=CYLINDRICAL_SURFACE('',#4104,0.000203542258183533);
#68=CYLINDRICAL_SURFACE('',#4107,0.000203542258180018);
#69=CYLINDRICAL_SURFACE('',#4109,0.000203542258184175);
#70=CYLINDRICAL_SURFACE('',#4115,0.000203542258180492);
#71=CYLINDRICAL_SURFACE('',#4117,0.000203542258180266);
#72=CYLINDRICAL_SURFACE('',#4203,0.00254816459230008);
#73=CYLINDRICAL_SURFACE('',#4206,0.00227727727158279);
#74=CYLINDRICAL_SURFACE('',#4208,0.00262074780237672);
#75=CYLINDRICAL_SURFACE('',#4210,0.00227727727158262);
#76=CYLINDRICAL_SURFACE('',#4213,0.0022772772715851);
#77=CYLINDRICAL_SURFACE('',#4215,0.00262074780237184);
#78=CYLINDRICAL_SURFACE('',#4217,0.00227727727157323);
#79=CYLINDRICAL_SURFACE('',#4220,0.00236969740147775);
#80=CYLINDRICAL_SURFACE('',#4222,0.00243655485913387);
#81=CYLINDRICAL_SURFACE('',#4224,0.00236448585794712);
#82=CYLINDRICAL_SURFACE('',#4227,0.000205926237745372);
#83=CYLINDRICAL_SURFACE('',#4229,0.000199042293188187);
#84=CYLINDRICAL_SURFACE('',#4232,0.000203542258179978);
#85=CYLINDRICAL_SURFACE('',#4234,0.000203542258183241);
#86=CYLINDRICAL_SURFACE('',#4241,0.00020592623774982);
#87=CYLINDRICAL_SURFACE('',#4243,0.000199042293188214);
#88=CYLINDRICAL_SURFACE('',#4246,0.000203542258180437);
#89=CYLINDRICAL_SURFACE('',#4248,0.000203542258184195);
#90=CYLINDRICAL_SURFACE('',#4251,0.000203542258183188);
#91=CYLINDRICAL_SURFACE('',#4253,0.000203542258179318);
#92=CYLINDRICAL_SURFACE('',#4258,0.00227727727158547);
#93=CYLINDRICAL_SURFACE('',#4260,0.00262074780237659);
#94=CYLINDRICAL_SURFACE('',#4262,0.00227727727157495);
#95=CYLINDRICAL_SURFACE('',#4265,0.00227727727158353);
#96=CYLINDRICAL_SURFACE('',#4267,0.00262074780237637);
#97=CYLINDRICAL_SURFACE('',#4269,0.00227727727158299);
#98=CYLINDRICAL_SURFACE('',#4272,0.00236448585794477);
#99=CYLINDRICAL_SURFACE('',#4274,0.0024365548591334);
#100=CYLINDRICAL_SURFACE('',#4276,0.00236448585794537);
#101=CYLINDRICAL_SURFACE('',#4279,0.000203542258183188);
#102=CYLINDRICAL_SURFACE('',#4281,0.000203542258182839);
#103=CYLINDRICAL_SURFACE('',#4284,0.000203542258182778);
#104=CYLINDRICAL_SURFACE('',#4286,0.000203542258183241);
#105=CYLINDRICAL_SURFACE('',#4291,0.00237175844009709);
#106=CYLINDRICAL_SURFACE('',#4293,0.00237796784068772);
#107=CYLINDRICAL_SURFACE('',#4296,0.00254816459229945);
#108=CYLINDRICAL_SURFACE('',#4298,0.00227727727158369);
#109=CYLINDRICAL_SURFACE('',#4301,0.00228975458060779);
#110=CYLINDRICAL_SURFACE('',#4303,0.00260826263893648);
#111=CYLINDRICAL_SURFACE('',#4305,0.00227020133025719);
#112=CYLINDRICAL_SURFACE('',#4308,0.00227020133025738);
#113=CYLINDRICAL_SURFACE('',#4310,0.00260826263893637);
#114=CYLINDRICAL_SURFACE('',#4312,0.00228975458060786);
#115=CYLINDRICAL_SURFACE('',#4316,0.00020354225818012);
#116=CYLINDRICAL_SURFACE('',#4318,0.00020354225818024);
#117=CYLINDRICAL_SURFACE('',#4323,0.0025481645922958);
#118=CYLINDRICAL_SURFACE('',#4326,0.00252518498269666);
#119=CYLINDRICAL_SURFACE('',#4328,0.00231957104553172);
#120=CYLINDRICAL_SURFACE('',#4331,0.00263742167472224);
#121=CYLINDRICAL_SURFACE('',#4333,0.00227020133025648);
#122=CYLINDRICAL_SURFACE('',#4336,0.00227020133025651);
#123=CYLINDRICAL_SURFACE('',#4338,0.00263742167472272);
#124=CYLINDRICAL_SURFACE('',#4342,0.000203542258180236);
#125=CYLINDRICAL_SURFACE('',#4344,0.00020354225817957);
#126=CYLINDRICAL_SURFACE('',#4347,0.000203542258183604);
#127=CYLINDRICAL_SURFACE('',#4349,0.000203542258183634);
#128=CYLINDRICAL_SURFACE('',#4354,0.00252518498270009);
#129=CYLINDRICAL_SURFACE('',#4356,0.00231957104553337);
#130=CYLINDRICAL_SURFACE('',#4362,0.00250996743524629);
#131=CYLINDRICAL_SURFACE('',#4364,0.00232667697018504);
#132=CYLINDRICAL_SURFACE('',#4369,0.000203542258183544);
#133=CYLINDRICAL_SURFACE('',#4371,0.000203542258180176);
#134=CYLINDRICAL_SURFACE('',#4376,0.00252518498270043);
#135=CYLINDRICAL_SURFACE('',#4378,0.00231957104553337);
#136=CIRCLE('',#4029,0.000203542258179673);
#137=CIRCLE('',#4030,0.00020354225818309);
#138=CIRCLE('',#4031,0.000203542258180462);
#139=CIRCLE('',#4032,0.000203542258183664);
#140=CIRCLE('',#4033,0.000203542258183159);
#141=CIRCLE('',#4034,0.000203542258180149);
#142=CIRCLE('',#4036,0.000203542258180152);
#143=CIRCLE('',#4037,0.000203542258183637);
#144=CIRCLE('',#4038,0.000203542258180106);
#145=CIRCLE('',#4039,0.000203542258180097);
#146=CIRCLE('',#4040,0.000203542258183588);
#147=CIRCLE('',#4041,0.00020354225818365);
#148=CIRCLE('',#4042,0.000203542258180228);
#149=CIRCLE('',#4043,0.000203542258180905);
#150=CIRCLE('',#4045,0.000203542258184175);
#151=CIRCLE('',#4046,0.000203542258183147);
#152=CIRCLE('',#4047,0.000203542258180226);
#153=CIRCLE('',#4048,0.000203542258180464);
#154=CIRCLE('',#4049,0.000203542258179981);
#155=CIRCLE('',#4050,0.000203542258184146);
#156=CIRCLE('',#4051,0.000203542258183533);
#157=CIRCLE('',#4052,0.000203542258180018);
#158=CIRCLE('',#4054,0.000203542258180266);
#159=CIRCLE('',#4055,0.000203542258180492);
#160=CIRCLE('',#4057,0.00020354225818309);
#161=CIRCLE('',#4059,0.000203542258180462);
#162=CIRCLE('',#4062,0.000203542258183664);
#163=CIRCLE('',#4064,0.000203542258183159);
#164=CIRCLE('',#4068,0.000203542258180149);
#165=CIRCLE('',#4070,0.000203542258179673);
#166=CIRCLE('',#4073,0.000203542258183637);
#167=CIRCLE('',#4075,0.000203542258180106);
#168=CIRCLE('',#4078,0.000203542258180097);
#169=CIRCLE('',#4080,0.000203542258183588);
#170=CIRCLE('',#4083,0.00020354225818365);
#171=CIRCLE('',#4085,0.000203542258180228);
#172=CIRCLE('',#4088,0.000203542258180905);
#173=CIRCLE('',#4090,0.000203542258180152);
#174=CIRCLE('',#4093,0.000203542258183147);
#175=CIRCLE('',#4095,0.000203542258180226);
#176=CIRCLE('',#4098,0.000203542258180464);
#177=CIRCLE('',#4100,0.000203542258179981);
#178=CIRCLE('',#4103,0.000203542258184146);
#179=CIRCLE('',#4105,0.000203542258183533);
#180=CIRCLE('',#4108,0.000203542258180018);
#181=CIRCLE('',#4110,0.000203542258184175);
#182=CIRCLE('',#4116,0.000203542258180492);
#183=CIRCLE('',#4118,0.000203542258180266);
#184=CIRCLE('',#4122,0.00254816459230008);
#185=CIRCLE('',#4123,0.00227727727158279);
#186=CIRCLE('',#4124,0.00262074780237672);
#187=CIRCLE('',#4125,0.00227727727158262);
#188=CIRCLE('',#4126,0.0022772772715851);
#189=CIRCLE('',#4127,0.00262074780237184);
#190=CIRCLE('',#4128,0.00227727727157323);
#191=CIRCLE('',#4129,0.00236969740147775);
#192=CIRCLE('',#4130,0.00243655485913387);
#193=CIRCLE('',#4131,0.00236448585794712);
#194=CIRCLE('',#4132,0.000205926237745372);
#195=CIRCLE('',#4133,0.000199042293188187);
#196=CIRCLE('',#4134,0.000203542258179978);
#197=CIRCLE('',#4135,0.000203542258183241);
#198=CIRCLE('',#4137,0.00020592623774982);
#199=CIRCLE('',#4138,0.000199042293188214);
#200=CIRCLE('',#4139,0.000203542258180437);
#201=CIRCLE('',#4140,0.000203542258184195);
#202=CIRCLE('',#4141,0.000203542258183188);
#203=CIRCLE('',#4142,0.000203542258179318);
#204=CIRCLE('',#4143,0.00227727727158547);
#205=CIRCLE('',#4144,0.00262074780237659);
#206=CIRCLE('',#4145,0.00227727727157495);
#207=CIRCLE('',#4146,0.00227727727158353);
#208=CIRCLE('',#4147,0.00262074780237637);
#209=CIRCLE('',#4148,0.00227727727158299);
#210=CIRCLE('',#4149,0.00236448585794477);
#211=CIRCLE('',#4150,0.0024365548591334);
#212=CIRCLE('',#4151,0.00236448585794537);
#213=CIRCLE('',#4152,0.000203542258183188);
#214=CIRCLE('',#4153,0.000203542258182839);
#215=CIRCLE('',#4154,0.000203542258182778);
#216=CIRCLE('',#4155,0.000203542258183241);
#217=CIRCLE('',#4157,0.00237175844009709);
#218=CIRCLE('',#4158,0.00237796784068772);
#219=CIRCLE('',#4159,0.00254816459229945);
#220=CIRCLE('',#4160,0.00227727727158369);
#221=CIRCLE('',#4161,0.00228975458060779);
#222=CIRCLE('',#4162,0.00260826263893648);
#223=CIRCLE('',#4163,0.00227020133025719);
#224=CIRCLE('',#4164,0.00227020133025738);
#225=CIRCLE('',#4165,0.00260826263893637);
#226=CIRCLE('',#4166,0.00228975458060786);
#227=CIRCLE('',#4167,0.00020354225818012);
#228=CIRCLE('',#4168,0.00020354225818024);
#229=CIRCLE('',#4170,0.0025481645922958);
#230=CIRCLE('',#4171,0.00252518498269666);
#231=CIRCLE('',#4172,0.00231957104553172);
#232=CIRCLE('',#4173,0.00263742167472224);
#233=CIRCLE('',#4174,0.00227020133025648);
#234=CIRCLE('',#4175,0.00227020133025651);
#235=CIRCLE('',#4176,0.00263742167472272);
#236=CIRCLE('',#4178,0.000203542258180236);
#237=CIRCLE('',#4179,0.00020354225817957);
#238=CIRCLE('',#4180,0.000203542258183604);
#239=CIRCLE('',#4181,0.000203542258183634);
#240=CIRCLE('',#4182,0.00252518498270009);
#241=CIRCLE('',#4183,0.00231957104553337);
#242=CIRCLE('',#4185,0.00231957104553337);
#243=CIRCLE('',#4186,0.00250996743524629);
#244=CIRCLE('',#4187,0.00232667697018504);
#245=CIRCLE('',#4188,0.000203542258183544);
#246=CIRCLE('',#4189,0.000203542258180176);
#247=CIRCLE('',#4190,0.00252518498270043);
#248=CIRCLE('',#4204,0.00254816459230008);
#249=CIRCLE('',#4207,0.00227727727158279);
#250=CIRCLE('',#4209,0.00262074780237672);
#251=CIRCLE('',#4211,0.00227727727158262);
#252=CIRCLE('',#4214,0.0022772772715851);
#253=CIRCLE('',#4216,0.00262074780237184);
#254=CIRCLE('',#4218,0.00227727727157323);
#255=CIRCLE('',#4221,0.00236969740147775);
#256=CIRCLE('',#4223,0.00243655485913387);
#257=CIRCLE('',#4225,0.00236448585794712);
#258=CIRCLE('',#4228,0.000205926237745372);
#259=CIRCLE('',#4230,0.000199042293188187);
#260=CIRCLE('',#4233,0.000203542258179978);
#261=CIRCLE('',#4235,0.000203542258183241);
#262=CIRCLE('',#4242,0.00020592623774982);
#263=CIRCLE('',#4244,0.000199042293188214);
#264=CIRCLE('',#4247,0.000203542258180437);
#265=CIRCLE('',#4249,0.000203542258184195);
#266=CIRCLE('',#4252,0.000203542258183188);
#267=CIRCLE('',#4254,0.000203542258179318);
#268=CIRCLE('',#4259,0.00227727727158547);
#269=CIRCLE('',#4261,0.00262074780237659);
#270=CIRCLE('',#4263,0.00227727727157495);
#271=CIRCLE('',#4266,0.00227727727158353);
#272=CIRCLE('',#4268,0.00262074780237637);
#273=CIRCLE('',#4270,0.00227727727158299);
#274=CIRCLE('',#4273,0.00236448585794477);
#275=CIRCLE('',#4275,0.0024365548591334);
#276=CIRCLE('',#4277,0.00236448585794537);
#277=CIRCLE('',#4280,0.000203542258183188);
#278=CIRCLE('',#4282,0.000203542258182839);
#279=CIRCLE('',#4285,0.000203542258182778);
#280=CIRCLE('',#4287,0.000203542258183241);
#281=CIRCLE('',#4292,0.00237175844009709);
#282=CIRCLE('',#4294,0.00237796784068772);
#283=CIRCLE('',#4297,0.00254816459229945);
#284=CIRCLE('',#4299,0.00227727727158369);
#285=CIRCLE('',#4302,0.00228975458060779);
#286=CIRCLE('',#4304,0.00260826263893648);
#287=CIRCLE('',#4306,0.00227020133025719);
#288=CIRCLE('',#4309,0.00227020133025738);
#289=CIRCLE('',#4311,0.00260826263893637);
#290=CIRCLE('',#4313,0.00228975458060786);
#291=CIRCLE('',#4317,0.00020354225818012);
#292=CIRCLE('',#4319,0.00020354225818024);
#293=CIRCLE('',#4324,0.0025481645922958);
#294=CIRCLE('',#4327,0.00252518498269666);
#295=CIRCLE('',#4329,0.00231957104553172);
#296=CIRCLE('',#4332,0.00263742167472224);
#297=CIRCLE('',#4334,0.00227020133025648);
#298=CIRCLE('',#4337,0.00227020133025651);
#299=CIRCLE('',#4339,0.00263742167472272);
#300=CIRCLE('',#4343,0.000203542258180236);
#301=CIRCLE('',#4345,0.00020354225817957);
#302=CIRCLE('',#4348,0.000203542258183604);
#303=CIRCLE('',#4350,0.000203542258183634);
#304=CIRCLE('',#4355,0.00252518498270009);
#305=CIRCLE('',#4357,0.00231957104553337);
#306=CIRCLE('',#4363,0.00250996743524629);
#307=CIRCLE('',#4365,0.00232667697018504);
#308=CIRCLE('',#4370,0.000203542258183544);
#309=CIRCLE('',#4372,0.000203542258180176);
#310=CIRCLE('',#4377,0.00252518498270043);
#311=CIRCLE('',#4379,0.00231957104553337);
#312=ORIENTED_EDGE('',*,*,#1488,.F.);
#313=ORIENTED_EDGE('',*,*,#1489,.T.);
#314=ORIENTED_EDGE('',*,*,#1490,.T.);
#315=ORIENTED_EDGE('',*,*,#1491,.F.);
#316=ORIENTED_EDGE('',*,*,#1492,.T.);
#317=ORIENTED_EDGE('',*,*,#1493,.T.);
#318=ORIENTED_EDGE('',*,*,#1494,.T.);
#319=ORIENTED_EDGE('',*,*,#1495,.T.);
#320=ORIENTED_EDGE('',*,*,#1496,.F.);
#321=ORIENTED_EDGE('',*,*,#1497,.T.);
#322=ORIENTED_EDGE('',*,*,#1498,.F.);
#323=ORIENTED_EDGE('',*,*,#1499,.T.);
#324=ORIENTED_EDGE('',*,*,#1500,.T.);
#325=ORIENTED_EDGE('',*,*,#1501,.T.);
#326=ORIENTED_EDGE('',*,*,#1502,.F.);
#327=ORIENTED_EDGE('',*,*,#1503,.F.);
#328=ORIENTED_EDGE('',*,*,#1504,.T.);
#329=ORIENTED_EDGE('',*,*,#1505,.F.);
#330=ORIENTED_EDGE('',*,*,#1506,.T.);
#331=ORIENTED_EDGE('',*,*,#1507,.T.);
#332=ORIENTED_EDGE('',*,*,#1508,.T.);
#333=ORIENTED_EDGE('',*,*,#1509,.T.);
#334=ORIENTED_EDGE('',*,*,#1510,.T.);
#335=ORIENTED_EDGE('',*,*,#1511,.T.);
#336=ORIENTED_EDGE('',*,*,#1512,.T.);
#337=ORIENTED_EDGE('',*,*,#1513,.T.);
#338=ORIENTED_EDGE('',*,*,#1514,.T.);
#339=ORIENTED_EDGE('',*,*,#1515,.T.);
#340=ORIENTED_EDGE('',*,*,#1516,.T.);
#341=ORIENTED_EDGE('',*,*,#1517,.T.);
#342=ORIENTED_EDGE('',*,*,#1518,.T.);
#343=ORIENTED_EDGE('',*,*,#1519,.T.);
#344=ORIENTED_EDGE('',*,*,#1520,.T.);
#345=ORIENTED_EDGE('',*,*,#1521,.T.);
#346=ORIENTED_EDGE('',*,*,#1522,.T.);
#347=ORIENTED_EDGE('',*,*,#1523,.T.);
#348=ORIENTED_EDGE('',*,*,#1524,.T.);
#349=ORIENTED_EDGE('',*,*,#1525,.T.);
#350=ORIENTED_EDGE('',*,*,#1526,.T.);
#351=ORIENTED_EDGE('',*,*,#1527,.T.);
#352=ORIENTED_EDGE('',*,*,#1528,.T.);
#353=ORIENTED_EDGE('',*,*,#1529,.T.);
#354=ORIENTED_EDGE('',*,*,#1530,.T.);
#355=ORIENTED_EDGE('',*,*,#1531,.T.);
#356=ORIENTED_EDGE('',*,*,#1532,.T.);
#357=ORIENTED_EDGE('',*,*,#1533,.T.);
#358=ORIENTED_EDGE('',*,*,#1534,.T.);
#359=ORIENTED_EDGE('',*,*,#1535,.T.);
#360=ORIENTED_EDGE('',*,*,#1536,.T.);
#361=ORIENTED_EDGE('',*,*,#1537,.T.);
#362=ORIENTED_EDGE('',*,*,#1538,.T.);
#363=ORIENTED_EDGE('',*,*,#1539,.T.);
#364=ORIENTED_EDGE('',*,*,#1540,.T.);
#365=ORIENTED_EDGE('',*,*,#1541,.T.);
#366=ORIENTED_EDGE('',*,*,#1542,.T.);
#367=ORIENTED_EDGE('',*,*,#1543,.T.);
#368=ORIENTED_EDGE('',*,*,#1544,.T.);
#369=ORIENTED_EDGE('',*,*,#1545,.T.);
#370=ORIENTED_EDGE('',*,*,#1546,.T.);
#371=ORIENTED_EDGE('',*,*,#1547,.F.);
#372=ORIENTED_EDGE('',*,*,#1508,.F.);
#373=ORIENTED_EDGE('',*,*,#1548,.T.);
#374=ORIENTED_EDGE('',*,*,#1549,.T.);
#375=ORIENTED_EDGE('',*,*,#1550,.F.);
#376=ORIENTED_EDGE('',*,*,#1509,.F.);
#377=ORIENTED_EDGE('',*,*,#1547,.T.);
#378=ORIENTED_EDGE('',*,*,#1551,.T.);
#379=ORIENTED_EDGE('',*,*,#1552,.F.);
#380=ORIENTED_EDGE('',*,*,#1510,.F.);
#381=ORIENTED_EDGE('',*,*,#1550,.T.);
#382=ORIENTED_EDGE('',*,*,#1553,.T.);
#383=ORIENTED_EDGE('',*,*,#1554,.F.);
#384=ORIENTED_EDGE('',*,*,#1511,.F.);
#385=ORIENTED_EDGE('',*,*,#1552,.T.);
#386=ORIENTED_EDGE('',*,*,#1555,.T.);
#387=ORIENTED_EDGE('',*,*,#1556,.F.);
#388=ORIENTED_EDGE('',*,*,#1512,.F.);
#389=ORIENTED_EDGE('',*,*,#1554,.T.);
#390=ORIENTED_EDGE('',*,*,#1557,.T.);
#391=ORIENTED_EDGE('',*,*,#1558,.F.);
#392=ORIENTED_EDGE('',*,*,#1513,.F.);
#393=ORIENTED_EDGE('',*,*,#1556,.T.);
#394=ORIENTED_EDGE('',*,*,#1559,.T.);
#395=ORIENTED_EDGE('',*,*,#1560,.F.);
#396=ORIENTED_EDGE('',*,*,#1514,.F.);
#397=ORIENTED_EDGE('',*,*,#1558,.T.);
#398=ORIENTED_EDGE('',*,*,#1561,.T.);
#399=ORIENTED_EDGE('',*,*,#1562,.F.);
#400=ORIENTED_EDGE('',*,*,#1515,.F.);
#401=ORIENTED_EDGE('',*,*,#1560,.T.);
#402=ORIENTED_EDGE('',*,*,#1563,.T.);
#403=ORIENTED_EDGE('',*,*,#1564,.F.);
#404=ORIENTED_EDGE('',*,*,#1506,.F.);
#405=ORIENTED_EDGE('',*,*,#1562,.T.);
#406=ORIENTED_EDGE('',*,*,#1565,.T.);
#407=ORIENTED_EDGE('',*,*,#1548,.F.);
#408=ORIENTED_EDGE('',*,*,#1507,.F.);
#409=ORIENTED_EDGE('',*,*,#1564,.T.);
#410=ORIENTED_EDGE('',*,*,#1566,.T.);
#411=ORIENTED_EDGE('',*,*,#1567,.F.);
#412=ORIENTED_EDGE('',*,*,#1518,.F.);
#413=ORIENTED_EDGE('',*,*,#1568,.T.);
#414=ORIENTED_EDGE('',*,*,#1569,.T.);
#415=ORIENTED_EDGE('',*,*,#1570,.F.);
#416=ORIENTED_EDGE('',*,*,#1519,.F.);
#417=ORIENTED_EDGE('',*,*,#1567,.T.);
#418=ORIENTED_EDGE('',*,*,#1571,.T.);
#419=ORIENTED_EDGE('',*,*,#1572,.F.);
#420=ORIENTED_EDGE('',*,*,#1520,.F.);
#421=ORIENTED_EDGE('',*,*,#1570,.T.);
#422=ORIENTED_EDGE('',*,*,#1573,.T.);
#423=ORIENTED_EDGE('',*,*,#1574,.F.);
#424=ORIENTED_EDGE('',*,*,#1521,.F.);
#425=ORIENTED_EDGE('',*,*,#1572,.T.);
#426=ORIENTED_EDGE('',*,*,#1575,.T.);
#427=ORIENTED_EDGE('',*,*,#1576,.F.);
#428=ORIENTED_EDGE('',*,*,#1522,.F.);
#429=ORIENTED_EDGE('',*,*,#1574,.T.);
#430=ORIENTED_EDGE('',*,*,#1577,.T.);
#431=ORIENTED_EDGE('',*,*,#1578,.F.);
#432=ORIENTED_EDGE('',*,*,#1523,.F.);
#433=ORIENTED_EDGE('',*,*,#1576,.T.);
#434=ORIENTED_EDGE('',*,*,#1579,.T.);
#435=ORIENTED_EDGE('',*,*,#1580,.F.);
#436=ORIENTED_EDGE('',*,*,#1524,.F.);
#437=ORIENTED_EDGE('',*,*,#1578,.T.);
#438=ORIENTED_EDGE('',*,*,#1581,.T.);
#439=ORIENTED_EDGE('',*,*,#1582,.F.);
#440=ORIENTED_EDGE('',*,*,#1525,.F.);
#441=ORIENTED_EDGE('',*,*,#1580,.T.);
#442=ORIENTED_EDGE('',*,*,#1583,.T.);
#443=ORIENTED_EDGE('',*,*,#1584,.F.);
#444=ORIENTED_EDGE('',*,*,#1526,.F.);
#445=ORIENTED_EDGE('',*,*,#1582,.T.);
#446=ORIENTED_EDGE('',*,*,#1585,.T.);
#447=ORIENTED_EDGE('',*,*,#1586,.F.);
#448=ORIENTED_EDGE('',*,*,#1527,.F.);
#449=ORIENTED_EDGE('',*,*,#1584,.T.);
#450=ORIENTED_EDGE('',*,*,#1587,.T.);
#451=ORIENTED_EDGE('',*,*,#1588,.F.);
#452=ORIENTED_EDGE('',*,*,#1516,.F.);
#453=ORIENTED_EDGE('',*,*,#1586,.T.);
#454=ORIENTED_EDGE('',*,*,#1589,.T.);
#455=ORIENTED_EDGE('',*,*,#1568,.F.);
#456=ORIENTED_EDGE('',*,*,#1517,.F.);
#457=ORIENTED_EDGE('',*,*,#1588,.T.);
#458=ORIENTED_EDGE('',*,*,#1590,.T.);
#459=ORIENTED_EDGE('',*,*,#1591,.F.);
#460=ORIENTED_EDGE('',*,*,#1530,.F.);
#461=ORIENTED_EDGE('',*,*,#1592,.T.);
#462=ORIENTED_EDGE('',*,*,#1593,.T.);
#463=ORIENTED_EDGE('',*,*,#1594,.F.);
#464=ORIENTED_EDGE('',*,*,#1531,.F.);
#465=ORIENTED_EDGE('',*,*,#1591,.T.);
#466=ORIENTED_EDGE('',*,*,#1595,.T.);
#467=ORIENTED_EDGE('',*,*,#1596,.F.);
#468=ORIENTED_EDGE('',*,*,#1532,.F.);
#469=ORIENTED_EDGE('',*,*,#1594,.T.);
#470=ORIENTED_EDGE('',*,*,#1597,.T.);
#471=ORIENTED_EDGE('',*,*,#1598,.F.);
#472=ORIENTED_EDGE('',*,*,#1533,.F.);
#473=ORIENTED_EDGE('',*,*,#1596,.T.);
#474=ORIENTED_EDGE('',*,*,#1599,.T.);
#475=ORIENTED_EDGE('',*,*,#1600,.F.);
#476=ORIENTED_EDGE('',*,*,#1534,.F.);
#477=ORIENTED_EDGE('',*,*,#1598,.T.);
#478=ORIENTED_EDGE('',*,*,#1601,.T.);
#479=ORIENTED_EDGE('',*,*,#1602,.F.);
#480=ORIENTED_EDGE('',*,*,#1535,.F.);
#481=ORIENTED_EDGE('',*,*,#1600,.T.);
#482=ORIENTED_EDGE('',*,*,#1603,.T.);
#483=ORIENTED_EDGE('',*,*,#1604,.F.);
#484=ORIENTED_EDGE('',*,*,#1536,.F.);
#485=ORIENTED_EDGE('',*,*,#1602,.T.);
#486=ORIENTED_EDGE('',*,*,#1605,.T.);
#487=ORIENTED_EDGE('',*,*,#1606,.F.);
#488=ORIENTED_EDGE('',*,*,#1537,.F.);
#489=ORIENTED_EDGE('',*,*,#1604,.T.);
#490=ORIENTED_EDGE('',*,*,#1607,.T.);
#491=ORIENTED_EDGE('',*,*,#1608,.F.);
#492=ORIENTED_EDGE('',*,*,#1538,.F.);
#493=ORIENTED_EDGE('',*,*,#1606,.T.);
#494=ORIENTED_EDGE('',*,*,#1609,.T.);
#495=ORIENTED_EDGE('',*,*,#1610,.F.);
#496=ORIENTED_EDGE('',*,*,#1539,.F.);
#497=ORIENTED_EDGE('',*,*,#1608,.T.);
#498=ORIENTED_EDGE('',*,*,#1611,.T.);
#499=ORIENTED_EDGE('',*,*,#1612,.F.);
#500=ORIENTED_EDGE('',*,*,#1528,.F.);
#501=ORIENTED_EDGE('',*,*,#1610,.T.);
#502=ORIENTED_EDGE('',*,*,#1613,.T.);
#503=ORIENTED_EDGE('',*,*,#1592,.F.);
#504=ORIENTED_EDGE('',*,*,#1529,.F.);
#505=ORIENTED_EDGE('',*,*,#1612,.T.);
#506=ORIENTED_EDGE('',*,*,#1614,.T.);
#507=ORIENTED_EDGE('',*,*,#1615,.F.);
#508=ORIENTED_EDGE('',*,*,#1542,.F.);
#509=ORIENTED_EDGE('',*,*,#1616,.T.);
#510=ORIENTED_EDGE('',*,*,#1617,.T.);
#511=ORIENTED_EDGE('',*,*,#1618,.F.);
#512=ORIENTED_EDGE('',*,*,#1543,.F.);
#513=ORIENTED_EDGE('',*,*,#1615,.T.);
#514=ORIENTED_EDGE('',*,*,#1619,.T.);
#515=ORIENTED_EDGE('',*,*,#1620,.F.);
#516=ORIENTED_EDGE('',*,*,#1544,.F.);
#517=ORIENTED_EDGE('',*,*,#1618,.T.);
#518=ORIENTED_EDGE('',*,*,#1621,.T.);
#519=ORIENTED_EDGE('',*,*,#1622,.F.);
#520=ORIENTED_EDGE('',*,*,#1545,.F.);
#521=ORIENTED_EDGE('',*,*,#1620,.T.);
#522=ORIENTED_EDGE('',*,*,#1623,.T.);
#523=ORIENTED_EDGE('',*,*,#1624,.F.);
#524=ORIENTED_EDGE('',*,*,#1540,.F.);
#525=ORIENTED_EDGE('',*,*,#1622,.T.);
#526=ORIENTED_EDGE('',*,*,#1625,.T.);
#527=ORIENTED_EDGE('',*,*,#1616,.F.);
#528=ORIENTED_EDGE('',*,*,#1541,.F.);
#529=ORIENTED_EDGE('',*,*,#1624,.T.);
#530=ORIENTED_EDGE('',*,*,#1626,.F.);
#531=ORIENTED_EDGE('',*,*,#1627,.T.);
#532=ORIENTED_EDGE('',*,*,#1628,.F.);
#533=ORIENTED_EDGE('',*,*,#1629,.F.);
#534=ORIENTED_EDGE('',*,*,#1630,.F.);
#535=ORIENTED_EDGE('',*,*,#1631,.F.);
#536=ORIENTED_EDGE('',*,*,#1632,.F.);
#537=ORIENTED_EDGE('',*,*,#1633,.F.);
#538=ORIENTED_EDGE('',*,*,#1634,.F.);
#539=ORIENTED_EDGE('',*,*,#1635,.F.);
#540=ORIENTED_EDGE('',*,*,#1636,.T.);
#541=ORIENTED_EDGE('',*,*,#1637,.F.);
#542=ORIENTED_EDGE('',*,*,#1638,.F.);
#543=ORIENTED_EDGE('',*,*,#1639,.F.);
#544=ORIENTED_EDGE('',*,*,#1640,.F.);
#545=ORIENTED_EDGE('',*,*,#1641,.F.);
#546=ORIENTED_EDGE('',*,*,#1642,.F.);
#547=ORIENTED_EDGE('',*,*,#1643,.F.);
#548=ORIENTED_EDGE('',*,*,#1644,.F.);
#549=ORIENTED_EDGE('',*,*,#1645,.F.);
#550=ORIENTED_EDGE('',*,*,#1646,.F.);
#551=ORIENTED_EDGE('',*,*,#1647,.F.);
#552=ORIENTED_EDGE('',*,*,#1648,.F.);
#553=ORIENTED_EDGE('',*,*,#1649,.F.);
#554=ORIENTED_EDGE('',*,*,#1650,.F.);
#555=ORIENTED_EDGE('',*,*,#1651,.F.);
#556=ORIENTED_EDGE('',*,*,#1652,.F.);
#557=ORIENTED_EDGE('',*,*,#1653,.F.);
#558=ORIENTED_EDGE('',*,*,#1654,.F.);
#559=ORIENTED_EDGE('',*,*,#1655,.F.);
#560=ORIENTED_EDGE('',*,*,#1656,.F.);
#561=ORIENTED_EDGE('',*,*,#1657,.F.);
#562=ORIENTED_EDGE('',*,*,#1658,.F.);
#563=ORIENTED_EDGE('',*,*,#1659,.F.);
#564=ORIENTED_EDGE('',*,*,#1660,.F.);
#565=ORIENTED_EDGE('',*,*,#1661,.T.);
#566=ORIENTED_EDGE('',*,*,#1565,.F.);
#567=ORIENTED_EDGE('',*,*,#1563,.F.);
#568=ORIENTED_EDGE('',*,*,#1561,.F.);
#569=ORIENTED_EDGE('',*,*,#1559,.F.);
#570=ORIENTED_EDGE('',*,*,#1557,.F.);
#571=ORIENTED_EDGE('',*,*,#1555,.F.);
#572=ORIENTED_EDGE('',*,*,#1553,.F.);
#573=ORIENTED_EDGE('',*,*,#1551,.F.);
#574=ORIENTED_EDGE('',*,*,#1549,.F.);
#575=ORIENTED_EDGE('',*,*,#1546,.F.);
#576=ORIENTED_EDGE('',*,*,#1662,.F.);
#577=ORIENTED_EDGE('',*,*,#1663,.F.);
#578=ORIENTED_EDGE('',*,*,#1664,.F.);
#579=ORIENTED_EDGE('',*,*,#1665,.F.);
#580=ORIENTED_EDGE('',*,*,#1666,.F.);
#581=ORIENTED_EDGE('',*,*,#1667,.F.);
#582=ORIENTED_EDGE('',*,*,#1668,.F.);
#583=ORIENTED_EDGE('',*,*,#1669,.F.);
#584=ORIENTED_EDGE('',*,*,#1670,.F.);
#585=ORIENTED_EDGE('',*,*,#1671,.F.);
#586=ORIENTED_EDGE('',*,*,#1672,.F.);
#587=ORIENTED_EDGE('',*,*,#1673,.F.);
#588=ORIENTED_EDGE('',*,*,#1674,.F.);
#589=ORIENTED_EDGE('',*,*,#1675,.F.);
#590=ORIENTED_EDGE('',*,*,#1676,.F.);
#591=ORIENTED_EDGE('',*,*,#1677,.F.);
#592=ORIENTED_EDGE('',*,*,#1678,.F.);
#593=ORIENTED_EDGE('',*,*,#1679,.F.);
#594=ORIENTED_EDGE('',*,*,#1680,.F.);
#595=ORIENTED_EDGE('',*,*,#1681,.F.);
#596=ORIENTED_EDGE('',*,*,#1682,.F.);
#597=ORIENTED_EDGE('',*,*,#1683,.F.);
#598=ORIENTED_EDGE('',*,*,#1684,.F.);
#599=ORIENTED_EDGE('',*,*,#1685,.F.);
#600=ORIENTED_EDGE('',*,*,#1686,.F.);
#601=ORIENTED_EDGE('',*,*,#1687,.F.);
#602=ORIENTED_EDGE('',*,*,#1688,.F.);
#603=ORIENTED_EDGE('',*,*,#1689,.F.);
#604=ORIENTED_EDGE('',*,*,#1690,.F.);
#605=ORIENTED_EDGE('',*,*,#1691,.F.);
#606=ORIENTED_EDGE('',*,*,#1692,.F.);
#607=ORIENTED_EDGE('',*,*,#1693,.F.);
#608=ORIENTED_EDGE('',*,*,#1694,.T.);
#609=ORIENTED_EDGE('',*,*,#1695,.F.);
#610=ORIENTED_EDGE('',*,*,#1696,.F.);
#611=ORIENTED_EDGE('',*,*,#1697,.F.);
#612=ORIENTED_EDGE('',*,*,#1698,.F.);
#613=ORIENTED_EDGE('',*,*,#1699,.F.);
#614=ORIENTED_EDGE('',*,*,#1700,.F.);
#615=ORIENTED_EDGE('',*,*,#1701,.F.);
#616=ORIENTED_EDGE('',*,*,#1702,.F.);
#617=ORIENTED_EDGE('',*,*,#1703,.F.);
#618=ORIENTED_EDGE('',*,*,#1704,.F.);
#619=ORIENTED_EDGE('',*,*,#1705,.F.);
#620=ORIENTED_EDGE('',*,*,#1706,.F.);
#621=ORIENTED_EDGE('',*,*,#1707,.F.);
#622=ORIENTED_EDGE('',*,*,#1708,.F.);
#623=ORIENTED_EDGE('',*,*,#1709,.F.);
#624=ORIENTED_EDGE('',*,*,#1710,.F.);
#625=ORIENTED_EDGE('',*,*,#1711,.F.);
#626=ORIENTED_EDGE('',*,*,#1712,.F.);
#627=ORIENTED_EDGE('',*,*,#1713,.F.);
#628=ORIENTED_EDGE('',*,*,#1714,.F.);
#629=ORIENTED_EDGE('',*,*,#1715,.F.);
#630=ORIENTED_EDGE('',*,*,#1716,.F.);
#631=ORIENTED_EDGE('',*,*,#1589,.F.);
#632=ORIENTED_EDGE('',*,*,#1587,.F.);
#633=ORIENTED_EDGE('',*,*,#1585,.F.);
#634=ORIENTED_EDGE('',*,*,#1583,.F.);
#635=ORIENTED_EDGE('',*,*,#1581,.F.);
#636=ORIENTED_EDGE('',*,*,#1579,.F.);
#637=ORIENTED_EDGE('',*,*,#1577,.F.);
#638=ORIENTED_EDGE('',*,*,#1575,.F.);
#639=ORIENTED_EDGE('',*,*,#1573,.F.);
#640=ORIENTED_EDGE('',*,*,#1571,.F.);
#641=ORIENTED_EDGE('',*,*,#1569,.F.);
#642=ORIENTED_EDGE('',*,*,#1566,.F.);
#643=ORIENTED_EDGE('',*,*,#1717,.F.);
#644=ORIENTED_EDGE('',*,*,#1718,.F.);
#645=ORIENTED_EDGE('',*,*,#1719,.F.);
#646=ORIENTED_EDGE('',*,*,#1720,.F.);
#647=ORIENTED_EDGE('',*,*,#1721,.F.);
#648=ORIENTED_EDGE('',*,*,#1722,.F.);
#649=ORIENTED_EDGE('',*,*,#1723,.F.);
#650=ORIENTED_EDGE('',*,*,#1724,.F.);
#651=ORIENTED_EDGE('',*,*,#1725,.F.);
#652=ORIENTED_EDGE('',*,*,#1726,.F.);
#653=ORIENTED_EDGE('',*,*,#1727,.F.);
#654=ORIENTED_EDGE('',*,*,#1728,.F.);
#655=ORIENTED_EDGE('',*,*,#1729,.F.);
#656=ORIENTED_EDGE('',*,*,#1730,.F.);
#657=ORIENTED_EDGE('',*,*,#1731,.F.);
#658=ORIENTED_EDGE('',*,*,#1732,.F.);
#659=ORIENTED_EDGE('',*,*,#1613,.F.);
#660=ORIENTED_EDGE('',*,*,#1611,.F.);
#661=ORIENTED_EDGE('',*,*,#1609,.F.);
#662=ORIENTED_EDGE('',*,*,#1607,.F.);
#663=ORIENTED_EDGE('',*,*,#1605,.F.);
#664=ORIENTED_EDGE('',*,*,#1603,.F.);
#665=ORIENTED_EDGE('',*,*,#1601,.F.);
#666=ORIENTED_EDGE('',*,*,#1599,.F.);
#667=ORIENTED_EDGE('',*,*,#1597,.F.);
#668=ORIENTED_EDGE('',*,*,#1595,.F.);
#669=ORIENTED_EDGE('',*,*,#1593,.F.);
#670=ORIENTED_EDGE('',*,*,#1590,.F.);
#671=ORIENTED_EDGE('',*,*,#1733,.F.);
#672=ORIENTED_EDGE('',*,*,#1734,.F.);
#673=ORIENTED_EDGE('',*,*,#1735,.F.);
#674=ORIENTED_EDGE('',*,*,#1736,.F.);
#675=ORIENTED_EDGE('',*,*,#1737,.F.);
#676=ORIENTED_EDGE('',*,*,#1738,.F.);
#677=ORIENTED_EDGE('',*,*,#1739,.F.);
#678=ORIENTED_EDGE('',*,*,#1740,.F.);
#679=ORIENTED_EDGE('',*,*,#1741,.F.);
#680=ORIENTED_EDGE('',*,*,#1742,.F.);
#681=ORIENTED_EDGE('',*,*,#1743,.F.);
#682=ORIENTED_EDGE('',*,*,#1744,.F.);
#683=ORIENTED_EDGE('',*,*,#1745,.F.);
#684=ORIENTED_EDGE('',*,*,#1746,.F.);
#685=ORIENTED_EDGE('',*,*,#1747,.F.);
#686=ORIENTED_EDGE('',*,*,#1748,.F.);
#687=ORIENTED_EDGE('',*,*,#1749,.F.);
#688=ORIENTED_EDGE('',*,*,#1750,.F.);
#689=ORIENTED_EDGE('',*,*,#1751,.F.);
#690=ORIENTED_EDGE('',*,*,#1752,.F.);
#691=ORIENTED_EDGE('',*,*,#1753,.F.);
#692=ORIENTED_EDGE('',*,*,#1754,.F.);
#693=ORIENTED_EDGE('',*,*,#1755,.F.);
#694=ORIENTED_EDGE('',*,*,#1756,.F.);
#695=ORIENTED_EDGE('',*,*,#1757,.F.);
#696=ORIENTED_EDGE('',*,*,#1758,.F.);
#697=ORIENTED_EDGE('',*,*,#1759,.F.);
#698=ORIENTED_EDGE('',*,*,#1760,.F.);
#699=ORIENTED_EDGE('',*,*,#1761,.F.);
#700=ORIENTED_EDGE('',*,*,#1762,.F.);
#701=ORIENTED_EDGE('',*,*,#1763,.F.);
#702=ORIENTED_EDGE('',*,*,#1625,.F.);
#703=ORIENTED_EDGE('',*,*,#1623,.F.);
#704=ORIENTED_EDGE('',*,*,#1621,.F.);
#705=ORIENTED_EDGE('',*,*,#1619,.F.);
#706=ORIENTED_EDGE('',*,*,#1617,.F.);
#707=ORIENTED_EDGE('',*,*,#1614,.F.);
#708=ORIENTED_EDGE('',*,*,#1764,.T.);
#709=ORIENTED_EDGE('',*,*,#1637,.T.);
#710=ORIENTED_EDGE('',*,*,#1765,.F.);
#711=ORIENTED_EDGE('',*,*,#1766,.F.);
#712=ORIENTED_EDGE('',*,*,#1767,.T.);
#713=ORIENTED_EDGE('',*,*,#1626,.T.);
#714=ORIENTED_EDGE('',*,*,#1764,.F.);
#715=ORIENTED_EDGE('',*,*,#1768,.F.);
#716=ORIENTED_EDGE('',*,*,#1627,.F.);
#717=ORIENTED_EDGE('',*,*,#1767,.F.);
#718=ORIENTED_EDGE('',*,*,#1769,.T.);
#719=ORIENTED_EDGE('',*,*,#1770,.T.);
#720=ORIENTED_EDGE('',*,*,#1771,.T.);
#721=ORIENTED_EDGE('',*,*,#1628,.T.);
#722=ORIENTED_EDGE('',*,*,#1770,.F.);
#723=ORIENTED_EDGE('',*,*,#1772,.F.);
#724=ORIENTED_EDGE('',*,*,#1773,.T.);
#725=ORIENTED_EDGE('',*,*,#1629,.T.);
#726=ORIENTED_EDGE('',*,*,#1771,.F.);
#727=ORIENTED_EDGE('',*,*,#1774,.F.);
#728=ORIENTED_EDGE('',*,*,#1775,.T.);
#729=ORIENTED_EDGE('',*,*,#1630,.T.);
#730=ORIENTED_EDGE('',*,*,#1773,.F.);
#731=ORIENTED_EDGE('',*,*,#1776,.F.);
#732=ORIENTED_EDGE('',*,*,#1777,.T.);
#733=ORIENTED_EDGE('',*,*,#1631,.T.);
#734=ORIENTED_EDGE('',*,*,#1775,.F.);
#735=ORIENTED_EDGE('',*,*,#1778,.F.);
#736=ORIENTED_EDGE('',*,*,#1779,.T.);
#737=ORIENTED_EDGE('',*,*,#1632,.T.);
#738=ORIENTED_EDGE('',*,*,#1777,.F.);
#739=ORIENTED_EDGE('',*,*,#1780,.F.);
#740=ORIENTED_EDGE('',*,*,#1781,.T.);
#741=ORIENTED_EDGE('',*,*,#1633,.T.);
#742=ORIENTED_EDGE('',*,*,#1779,.F.);
#743=ORIENTED_EDGE('',*,*,#1782,.F.);
#744=ORIENTED_EDGE('',*,*,#1783,.T.);
#745=ORIENTED_EDGE('',*,*,#1634,.T.);
#746=ORIENTED_EDGE('',*,*,#1781,.F.);
#747=ORIENTED_EDGE('',*,*,#1784,.F.);
#748=ORIENTED_EDGE('',*,*,#1785,.T.);
#749=ORIENTED_EDGE('',*,*,#1635,.T.);
#750=ORIENTED_EDGE('',*,*,#1783,.F.);
#751=ORIENTED_EDGE('',*,*,#1786,.F.);
#752=ORIENTED_EDGE('',*,*,#1636,.F.);
#753=ORIENTED_EDGE('',*,*,#1785,.F.);
#754=ORIENTED_EDGE('',*,*,#1787,.T.);
#755=ORIENTED_EDGE('',*,*,#1765,.T.);
#756=ORIENTED_EDGE('',*,*,#1788,.T.);
#757=ORIENTED_EDGE('',*,*,#1638,.T.);
#758=ORIENTED_EDGE('',*,*,#1789,.F.);
#759=ORIENTED_EDGE('',*,*,#1790,.F.);
#760=ORIENTED_EDGE('',*,*,#1791,.T.);
#761=ORIENTED_EDGE('',*,*,#1639,.T.);
#762=ORIENTED_EDGE('',*,*,#1788,.F.);
#763=ORIENTED_EDGE('',*,*,#1792,.F.);
#764=ORIENTED_EDGE('',*,*,#1793,.T.);
#765=ORIENTED_EDGE('',*,*,#1640,.T.);
#766=ORIENTED_EDGE('',*,*,#1791,.F.);
#767=ORIENTED_EDGE('',*,*,#1794,.F.);
#768=ORIENTED_EDGE('',*,*,#1795,.T.);
#769=ORIENTED_EDGE('',*,*,#1641,.T.);
#770=ORIENTED_EDGE('',*,*,#1793,.F.);
#771=ORIENTED_EDGE('',*,*,#1796,.F.);
#772=ORIENTED_EDGE('',*,*,#1797,.T.);
#773=ORIENTED_EDGE('',*,*,#1642,.T.);
#774=ORIENTED_EDGE('',*,*,#1795,.F.);
#775=ORIENTED_EDGE('',*,*,#1798,.F.);
#776=ORIENTED_EDGE('',*,*,#1799,.T.);
#777=ORIENTED_EDGE('',*,*,#1643,.T.);
#778=ORIENTED_EDGE('',*,*,#1797,.F.);
#779=ORIENTED_EDGE('',*,*,#1800,.F.);
#780=ORIENTED_EDGE('',*,*,#1801,.T.);
#781=ORIENTED_EDGE('',*,*,#1644,.T.);
#782=ORIENTED_EDGE('',*,*,#1799,.F.);
#783=ORIENTED_EDGE('',*,*,#1802,.F.);
#784=ORIENTED_EDGE('',*,*,#1803,.T.);
#785=ORIENTED_EDGE('',*,*,#1645,.T.);
#786=ORIENTED_EDGE('',*,*,#1801,.F.);
#787=ORIENTED_EDGE('',*,*,#1804,.F.);
#788=ORIENTED_EDGE('',*,*,#1805,.T.);
#789=ORIENTED_EDGE('',*,*,#1646,.T.);
#790=ORIENTED_EDGE('',*,*,#1803,.F.);
#791=ORIENTED_EDGE('',*,*,#1806,.F.);
#792=ORIENTED_EDGE('',*,*,#1807,.T.);
#793=ORIENTED_EDGE('',*,*,#1647,.T.);
#794=ORIENTED_EDGE('',*,*,#1805,.F.);
#795=ORIENTED_EDGE('',*,*,#1808,.F.);
#796=ORIENTED_EDGE('',*,*,#1809,.T.);
#797=ORIENTED_EDGE('',*,*,#1648,.T.);
#798=ORIENTED_EDGE('',*,*,#1807,.F.);
#799=ORIENTED_EDGE('',*,*,#1810,.F.);
#800=ORIENTED_EDGE('',*,*,#1811,.T.);
#801=ORIENTED_EDGE('',*,*,#1649,.T.);
#802=ORIENTED_EDGE('',*,*,#1809,.F.);
#803=ORIENTED_EDGE('',*,*,#1812,.F.);
#804=ORIENTED_EDGE('',*,*,#1813,.T.);
#805=ORIENTED_EDGE('',*,*,#1650,.T.);
#806=ORIENTED_EDGE('',*,*,#1811,.F.);
#807=ORIENTED_EDGE('',*,*,#1814,.F.);
#808=ORIENTED_EDGE('',*,*,#1815,.T.);
#809=ORIENTED_EDGE('',*,*,#1651,.T.);
#810=ORIENTED_EDGE('',*,*,#1813,.F.);
#811=ORIENTED_EDGE('',*,*,#1816,.F.);
#812=ORIENTED_EDGE('',*,*,#1817,.T.);
#813=ORIENTED_EDGE('',*,*,#1652,.T.);
#814=ORIENTED_EDGE('',*,*,#1815,.F.);
#815=ORIENTED_EDGE('',*,*,#1818,.F.);
#816=ORIENTED_EDGE('',*,*,#1819,.T.);
#817=ORIENTED_EDGE('',*,*,#1653,.T.);
#818=ORIENTED_EDGE('',*,*,#1817,.F.);
#819=ORIENTED_EDGE('',*,*,#1820,.F.);
#820=ORIENTED_EDGE('',*,*,#1821,.T.);
#821=ORIENTED_EDGE('',*,*,#1654,.T.);
#822=ORIENTED_EDGE('',*,*,#1819,.F.);
#823=ORIENTED_EDGE('',*,*,#1822,.F.);
#824=ORIENTED_EDGE('',*,*,#1823,.T.);
#825=ORIENTED_EDGE('',*,*,#1655,.T.);
#826=ORIENTED_EDGE('',*,*,#1821,.F.);
#827=ORIENTED_EDGE('',*,*,#1824,.F.);
#828=ORIENTED_EDGE('',*,*,#1825,.T.);
#829=ORIENTED_EDGE('',*,*,#1656,.T.);
#830=ORIENTED_EDGE('',*,*,#1823,.F.);
#831=ORIENTED_EDGE('',*,*,#1826,.F.);
#832=ORIENTED_EDGE('',*,*,#1827,.T.);
#833=ORIENTED_EDGE('',*,*,#1657,.T.);
#834=ORIENTED_EDGE('',*,*,#1825,.F.);
#835=ORIENTED_EDGE('',*,*,#1828,.F.);
#836=ORIENTED_EDGE('',*,*,#1829,.T.);
#837=ORIENTED_EDGE('',*,*,#1658,.T.);
#838=ORIENTED_EDGE('',*,*,#1827,.F.);
#839=ORIENTED_EDGE('',*,*,#1830,.F.);
#840=ORIENTED_EDGE('',*,*,#1831,.T.);
#841=ORIENTED_EDGE('',*,*,#1659,.T.);
#842=ORIENTED_EDGE('',*,*,#1829,.F.);
#843=ORIENTED_EDGE('',*,*,#1832,.F.);
#844=ORIENTED_EDGE('',*,*,#1833,.T.);
#845=ORIENTED_EDGE('',*,*,#1660,.T.);
#846=ORIENTED_EDGE('',*,*,#1831,.F.);
#847=ORIENTED_EDGE('',*,*,#1834,.F.);
#848=ORIENTED_EDGE('',*,*,#1661,.F.);
#849=ORIENTED_EDGE('',*,*,#1833,.F.);
#850=ORIENTED_EDGE('',*,*,#1835,.T.);
#851=ORIENTED_EDGE('',*,*,#1789,.T.);
#852=ORIENTED_EDGE('',*,*,#1836,.T.);
#853=ORIENTED_EDGE('',*,*,#1662,.T.);
#854=ORIENTED_EDGE('',*,*,#1837,.F.);
#855=ORIENTED_EDGE('',*,*,#1838,.F.);
#856=ORIENTED_EDGE('',*,*,#1839,.T.);
#857=ORIENTED_EDGE('',*,*,#1663,.T.);
#858=ORIENTED_EDGE('',*,*,#1836,.F.);
#859=ORIENTED_EDGE('',*,*,#1840,.F.);
#860=ORIENTED_EDGE('',*,*,#1841,.T.);
#861=ORIENTED_EDGE('',*,*,#1664,.T.);
#862=ORIENTED_EDGE('',*,*,#1839,.F.);
#863=ORIENTED_EDGE('',*,*,#1842,.F.);
#864=ORIENTED_EDGE('',*,*,#1843,.T.);
#865=ORIENTED_EDGE('',*,*,#1665,.T.);
#866=ORIENTED_EDGE('',*,*,#1841,.F.);
#867=ORIENTED_EDGE('',*,*,#1844,.F.);
#868=ORIENTED_EDGE('',*,*,#1845,.T.);
#869=ORIENTED_EDGE('',*,*,#1666,.T.);
#870=ORIENTED_EDGE('',*,*,#1843,.F.);
#871=ORIENTED_EDGE('',*,*,#1846,.F.);
#872=ORIENTED_EDGE('',*,*,#1847,.T.);
#873=ORIENTED_EDGE('',*,*,#1667,.T.);
#874=ORIENTED_EDGE('',*,*,#1845,.F.);
#875=ORIENTED_EDGE('',*,*,#1848,.F.);
#876=ORIENTED_EDGE('',*,*,#1849,.T.);
#877=ORIENTED_EDGE('',*,*,#1668,.T.);
#878=ORIENTED_EDGE('',*,*,#1847,.F.);
#879=ORIENTED_EDGE('',*,*,#1850,.F.);
#880=ORIENTED_EDGE('',*,*,#1851,.T.);
#881=ORIENTED_EDGE('',*,*,#1669,.T.);
#882=ORIENTED_EDGE('',*,*,#1849,.F.);
#883=ORIENTED_EDGE('',*,*,#1852,.F.);
#884=ORIENTED_EDGE('',*,*,#1853,.T.);
#885=ORIENTED_EDGE('',*,*,#1670,.T.);
#886=ORIENTED_EDGE('',*,*,#1851,.F.);
#887=ORIENTED_EDGE('',*,*,#1854,.F.);
#888=ORIENTED_EDGE('',*,*,#1855,.T.);
#889=ORIENTED_EDGE('',*,*,#1671,.T.);
#890=ORIENTED_EDGE('',*,*,#1853,.F.);
#891=ORIENTED_EDGE('',*,*,#1856,.F.);
#892=ORIENTED_EDGE('',*,*,#1857,.T.);
#893=ORIENTED_EDGE('',*,*,#1672,.T.);
#894=ORIENTED_EDGE('',*,*,#1855,.F.);
#895=ORIENTED_EDGE('',*,*,#1858,.F.);
#896=ORIENTED_EDGE('',*,*,#1859,.T.);
#897=ORIENTED_EDGE('',*,*,#1673,.T.);
#898=ORIENTED_EDGE('',*,*,#1857,.F.);
#899=ORIENTED_EDGE('',*,*,#1860,.F.);
#900=ORIENTED_EDGE('',*,*,#1861,.T.);
#901=ORIENTED_EDGE('',*,*,#1674,.T.);
#902=ORIENTED_EDGE('',*,*,#1859,.F.);
#903=ORIENTED_EDGE('',*,*,#1862,.F.);
#904=ORIENTED_EDGE('',*,*,#1863,.T.);
#905=ORIENTED_EDGE('',*,*,#1675,.T.);
#906=ORIENTED_EDGE('',*,*,#1861,.F.);
#907=ORIENTED_EDGE('',*,*,#1864,.F.);
#908=ORIENTED_EDGE('',*,*,#1865,.T.);
#909=ORIENTED_EDGE('',*,*,#1676,.T.);
#910=ORIENTED_EDGE('',*,*,#1863,.F.);
#911=ORIENTED_EDGE('',*,*,#1866,.F.);
#912=ORIENTED_EDGE('',*,*,#1867,.T.);
#913=ORIENTED_EDGE('',*,*,#1677,.T.);
#914=ORIENTED_EDGE('',*,*,#1865,.F.);
#915=ORIENTED_EDGE('',*,*,#1868,.F.);
#916=ORIENTED_EDGE('',*,*,#1869,.T.);
#917=ORIENTED_EDGE('',*,*,#1678,.T.);
#918=ORIENTED_EDGE('',*,*,#1867,.F.);
#919=ORIENTED_EDGE('',*,*,#1870,.F.);
#920=ORIENTED_EDGE('',*,*,#1871,.T.);
#921=ORIENTED_EDGE('',*,*,#1679,.T.);
#922=ORIENTED_EDGE('',*,*,#1869,.F.);
#923=ORIENTED_EDGE('',*,*,#1872,.F.);
#924=ORIENTED_EDGE('',*,*,#1873,.T.);
#925=ORIENTED_EDGE('',*,*,#1680,.T.);
#926=ORIENTED_EDGE('',*,*,#1871,.F.);
#927=ORIENTED_EDGE('',*,*,#1874,.F.);
#928=ORIENTED_EDGE('',*,*,#1875,.T.);
#929=ORIENTED_EDGE('',*,*,#1681,.T.);
#930=ORIENTED_EDGE('',*,*,#1873,.F.);
#931=ORIENTED_EDGE('',*,*,#1876,.F.);
#932=ORIENTED_EDGE('',*,*,#1877,.T.);
#933=ORIENTED_EDGE('',*,*,#1682,.T.);
#934=ORIENTED_EDGE('',*,*,#1875,.F.);
#935=ORIENTED_EDGE('',*,*,#1878,.F.);
#936=ORIENTED_EDGE('',*,*,#1879,.T.);
#937=ORIENTED_EDGE('',*,*,#1683,.T.);
#938=ORIENTED_EDGE('',*,*,#1877,.F.);
#939=ORIENTED_EDGE('',*,*,#1880,.F.);
#940=ORIENTED_EDGE('',*,*,#1881,.T.);
#941=ORIENTED_EDGE('',*,*,#1684,.T.);
#942=ORIENTED_EDGE('',*,*,#1879,.F.);
#943=ORIENTED_EDGE('',*,*,#1882,.F.);
#944=ORIENTED_EDGE('',*,*,#1883,.T.);
#945=ORIENTED_EDGE('',*,*,#1685,.T.);
#946=ORIENTED_EDGE('',*,*,#1881,.F.);
#947=ORIENTED_EDGE('',*,*,#1884,.F.);
#948=ORIENTED_EDGE('',*,*,#1885,.T.);
#949=ORIENTED_EDGE('',*,*,#1686,.T.);
#950=ORIENTED_EDGE('',*,*,#1883,.F.);
#951=ORIENTED_EDGE('',*,*,#1886,.F.);
#952=ORIENTED_EDGE('',*,*,#1887,.T.);
#953=ORIENTED_EDGE('',*,*,#1687,.T.);
#954=ORIENTED_EDGE('',*,*,#1885,.F.);
#955=ORIENTED_EDGE('',*,*,#1888,.F.);
#956=ORIENTED_EDGE('',*,*,#1889,.T.);
#957=ORIENTED_EDGE('',*,*,#1688,.T.);
#958=ORIENTED_EDGE('',*,*,#1887,.F.);
#959=ORIENTED_EDGE('',*,*,#1890,.F.);
#960=ORIENTED_EDGE('',*,*,#1891,.T.);
#961=ORIENTED_EDGE('',*,*,#1689,.T.);
#962=ORIENTED_EDGE('',*,*,#1889,.F.);
#963=ORIENTED_EDGE('',*,*,#1892,.F.);
#964=ORIENTED_EDGE('',*,*,#1893,.T.);
#965=ORIENTED_EDGE('',*,*,#1690,.T.);
#966=ORIENTED_EDGE('',*,*,#1891,.F.);
#967=ORIENTED_EDGE('',*,*,#1894,.F.);
#968=ORIENTED_EDGE('',*,*,#1895,.T.);
#969=ORIENTED_EDGE('',*,*,#1691,.T.);
#970=ORIENTED_EDGE('',*,*,#1893,.F.);
#971=ORIENTED_EDGE('',*,*,#1896,.F.);
#972=ORIENTED_EDGE('',*,*,#1897,.T.);
#973=ORIENTED_EDGE('',*,*,#1692,.T.);
#974=ORIENTED_EDGE('',*,*,#1895,.F.);
#975=ORIENTED_EDGE('',*,*,#1898,.F.);
#976=ORIENTED_EDGE('',*,*,#1899,.T.);
#977=ORIENTED_EDGE('',*,*,#1693,.T.);
#978=ORIENTED_EDGE('',*,*,#1897,.F.);
#979=ORIENTED_EDGE('',*,*,#1900,.F.);
#980=ORIENTED_EDGE('',*,*,#1694,.F.);
#981=ORIENTED_EDGE('',*,*,#1899,.F.);
#982=ORIENTED_EDGE('',*,*,#1901,.T.);
#983=ORIENTED_EDGE('',*,*,#1837,.T.);
#984=ORIENTED_EDGE('',*,*,#1902,.T.);
#985=ORIENTED_EDGE('',*,*,#1697,.T.);
#986=ORIENTED_EDGE('',*,*,#1903,.F.);
#987=ORIENTED_EDGE('',*,*,#1904,.F.);
#988=ORIENTED_EDGE('',*,*,#1905,.T.);
#989=ORIENTED_EDGE('',*,*,#1698,.T.);
#990=ORIENTED_EDGE('',*,*,#1902,.F.);
#991=ORIENTED_EDGE('',*,*,#1906,.F.);
#992=ORIENTED_EDGE('',*,*,#1907,.T.);
#993=ORIENTED_EDGE('',*,*,#1699,.T.);
#994=ORIENTED_EDGE('',*,*,#1905,.F.);
#995=ORIENTED_EDGE('',*,*,#1908,.F.);
#996=ORIENTED_EDGE('',*,*,#1909,.T.);
#997=ORIENTED_EDGE('',*,*,#1700,.T.);
#998=ORIENTED_EDGE('',*,*,#1907,.F.);
#999=ORIENTED_EDGE('',*,*,#1910,.F.);
#1000=ORIENTED_EDGE('',*,*,#1911,.T.);
#1001=ORIENTED_EDGE('',*,*,#1701,.T.);
#1002=ORIENTED_EDGE('',*,*,#1909,.F.);
#1003=ORIENTED_EDGE('',*,*,#1912,.F.);
#1004=ORIENTED_EDGE('',*,*,#1913,.T.);
#1005=ORIENTED_EDGE('',*,*,#1702,.T.);
#1006=ORIENTED_EDGE('',*,*,#1911,.F.);
#1007=ORIENTED_EDGE('',*,*,#1914,.F.);
#1008=ORIENTED_EDGE('',*,*,#1915,.T.);
#1009=ORIENTED_EDGE('',*,*,#1703,.T.);
#1010=ORIENTED_EDGE('',*,*,#1913,.F.);
#1011=ORIENTED_EDGE('',*,*,#1916,.F.);
#1012=ORIENTED_EDGE('',*,*,#1917,.T.);
#1013=ORIENTED_EDGE('',*,*,#1704,.T.);
#1014=ORIENTED_EDGE('',*,*,#1915,.F.);
#1015=ORIENTED_EDGE('',*,*,#1918,.F.);
#1016=ORIENTED_EDGE('',*,*,#1919,.T.);
#1017=ORIENTED_EDGE('',*,*,#1705,.T.);
#1018=ORIENTED_EDGE('',*,*,#1917,.F.);
#1019=ORIENTED_EDGE('',*,*,#1920,.F.);
#1020=ORIENTED_EDGE('',*,*,#1921,.T.);
#1021=ORIENTED_EDGE('',*,*,#1706,.T.);
#1022=ORIENTED_EDGE('',*,*,#1919,.F.);
#1023=ORIENTED_EDGE('',*,*,#1922,.F.);
#1024=ORIENTED_EDGE('',*,*,#1923,.T.);
#1025=ORIENTED_EDGE('',*,*,#1707,.T.);
#1026=ORIENTED_EDGE('',*,*,#1921,.F.);
#1027=ORIENTED_EDGE('',*,*,#1924,.F.);
#1028=ORIENTED_EDGE('',*,*,#1925,.T.);
#1029=ORIENTED_EDGE('',*,*,#1708,.T.);
#1030=ORIENTED_EDGE('',*,*,#1923,.F.);
#1031=ORIENTED_EDGE('',*,*,#1926,.F.);
#1032=ORIENTED_EDGE('',*,*,#1927,.T.);
#1033=ORIENTED_EDGE('',*,*,#1709,.T.);
#1034=ORIENTED_EDGE('',*,*,#1925,.F.);
#1035=ORIENTED_EDGE('',*,*,#1928,.F.);
#1036=ORIENTED_EDGE('',*,*,#1929,.T.);
#1037=ORIENTED_EDGE('',*,*,#1710,.T.);
#1038=ORIENTED_EDGE('',*,*,#1927,.F.);
#1039=ORIENTED_EDGE('',*,*,#1930,.F.);
#1040=ORIENTED_EDGE('',*,*,#1931,.T.);
#1041=ORIENTED_EDGE('',*,*,#1711,.T.);
#1042=ORIENTED_EDGE('',*,*,#1929,.F.);
#1043=ORIENTED_EDGE('',*,*,#1932,.F.);
#1044=ORIENTED_EDGE('',*,*,#1933,.T.);
#1045=ORIENTED_EDGE('',*,*,#1712,.T.);
#1046=ORIENTED_EDGE('',*,*,#1931,.F.);
#1047=ORIENTED_EDGE('',*,*,#1934,.F.);
#1048=ORIENTED_EDGE('',*,*,#1935,.T.);
#1049=ORIENTED_EDGE('',*,*,#1713,.T.);
#1050=ORIENTED_EDGE('',*,*,#1933,.F.);
#1051=ORIENTED_EDGE('',*,*,#1936,.F.);
#1052=ORIENTED_EDGE('',*,*,#1937,.T.);
#1053=ORIENTED_EDGE('',*,*,#1714,.T.);
#1054=ORIENTED_EDGE('',*,*,#1935,.F.);
#1055=ORIENTED_EDGE('',*,*,#1938,.F.);
#1056=ORIENTED_EDGE('',*,*,#1939,.T.);
#1057=ORIENTED_EDGE('',*,*,#1715,.T.);
#1058=ORIENTED_EDGE('',*,*,#1937,.F.);
#1059=ORIENTED_EDGE('',*,*,#1940,.F.);
#1060=ORIENTED_EDGE('',*,*,#1941,.T.);
#1061=ORIENTED_EDGE('',*,*,#1716,.T.);
#1062=ORIENTED_EDGE('',*,*,#1939,.F.);
#1063=ORIENTED_EDGE('',*,*,#1942,.F.);
#1064=ORIENTED_EDGE('',*,*,#1943,.T.);
#1065=ORIENTED_EDGE('',*,*,#1695,.T.);
#1066=ORIENTED_EDGE('',*,*,#1941,.F.);
#1067=ORIENTED_EDGE('',*,*,#1944,.F.);
#1068=ORIENTED_EDGE('',*,*,#1903,.T.);
#1069=ORIENTED_EDGE('',*,*,#1696,.T.);
#1070=ORIENTED_EDGE('',*,*,#1943,.F.);
#1071=ORIENTED_EDGE('',*,*,#1945,.F.);
#1072=ORIENTED_EDGE('',*,*,#1946,.T.);
#1073=ORIENTED_EDGE('',*,*,#1719,.T.);
#1074=ORIENTED_EDGE('',*,*,#1947,.F.);
#1075=ORIENTED_EDGE('',*,*,#1948,.F.);
#1076=ORIENTED_EDGE('',*,*,#1949,.T.);
#1077=ORIENTED_EDGE('',*,*,#1720,.T.);
#1078=ORIENTED_EDGE('',*,*,#1946,.F.);
#1079=ORIENTED_EDGE('',*,*,#1950,.F.);
#1080=ORIENTED_EDGE('',*,*,#1951,.T.);
#1081=ORIENTED_EDGE('',*,*,#1721,.T.);
#1082=ORIENTED_EDGE('',*,*,#1949,.F.);
#1083=ORIENTED_EDGE('',*,*,#1952,.F.);
#1084=ORIENTED_EDGE('',*,*,#1953,.T.);
#1085=ORIENTED_EDGE('',*,*,#1722,.T.);
#1086=ORIENTED_EDGE('',*,*,#1951,.F.);
#1087=ORIENTED_EDGE('',*,*,#1954,.F.);
#1088=ORIENTED_EDGE('',*,*,#1955,.T.);
#1089=ORIENTED_EDGE('',*,*,#1723,.T.);
#1090=ORIENTED_EDGE('',*,*,#1953,.F.);
#1091=ORIENTED_EDGE('',*,*,#1956,.F.);
#1092=ORIENTED_EDGE('',*,*,#1957,.T.);
#1093=ORIENTED_EDGE('',*,*,#1724,.T.);
#1094=ORIENTED_EDGE('',*,*,#1955,.F.);
#1095=ORIENTED_EDGE('',*,*,#1958,.F.);
#1096=ORIENTED_EDGE('',*,*,#1959,.T.);
#1097=ORIENTED_EDGE('',*,*,#1725,.T.);
#1098=ORIENTED_EDGE('',*,*,#1957,.F.);
#1099=ORIENTED_EDGE('',*,*,#1960,.F.);
#1100=ORIENTED_EDGE('',*,*,#1961,.T.);
#1101=ORIENTED_EDGE('',*,*,#1726,.T.);
#1102=ORIENTED_EDGE('',*,*,#1959,.F.);
#1103=ORIENTED_EDGE('',*,*,#1962,.F.);
#1104=ORIENTED_EDGE('',*,*,#1963,.T.);
#1105=ORIENTED_EDGE('',*,*,#1727,.T.);
#1106=ORIENTED_EDGE('',*,*,#1961,.F.);
#1107=ORIENTED_EDGE('',*,*,#1964,.F.);
#1108=ORIENTED_EDGE('',*,*,#1965,.T.);
#1109=ORIENTED_EDGE('',*,*,#1728,.T.);
#1110=ORIENTED_EDGE('',*,*,#1963,.F.);
#1111=ORIENTED_EDGE('',*,*,#1966,.F.);
#1112=ORIENTED_EDGE('',*,*,#1967,.T.);
#1113=ORIENTED_EDGE('',*,*,#1729,.T.);
#1114=ORIENTED_EDGE('',*,*,#1965,.F.);
#1115=ORIENTED_EDGE('',*,*,#1968,.F.);
#1116=ORIENTED_EDGE('',*,*,#1969,.T.);
#1117=ORIENTED_EDGE('',*,*,#1730,.T.);
#1118=ORIENTED_EDGE('',*,*,#1967,.F.);
#1119=ORIENTED_EDGE('',*,*,#1970,.F.);
#1120=ORIENTED_EDGE('',*,*,#1971,.T.);
#1121=ORIENTED_EDGE('',*,*,#1731,.T.);
#1122=ORIENTED_EDGE('',*,*,#1969,.F.);
#1123=ORIENTED_EDGE('',*,*,#1972,.F.);
#1124=ORIENTED_EDGE('',*,*,#1973,.T.);
#1125=ORIENTED_EDGE('',*,*,#1732,.T.);
#1126=ORIENTED_EDGE('',*,*,#1971,.F.);
#1127=ORIENTED_EDGE('',*,*,#1974,.F.);
#1128=ORIENTED_EDGE('',*,*,#1975,.T.);
#1129=ORIENTED_EDGE('',*,*,#1717,.T.);
#1130=ORIENTED_EDGE('',*,*,#1973,.F.);
#1131=ORIENTED_EDGE('',*,*,#1976,.F.);
#1132=ORIENTED_EDGE('',*,*,#1947,.T.);
#1133=ORIENTED_EDGE('',*,*,#1718,.T.);
#1134=ORIENTED_EDGE('',*,*,#1975,.F.);
#1135=ORIENTED_EDGE('',*,*,#1977,.F.);
#1136=ORIENTED_EDGE('',*,*,#1978,.T.);
#1137=ORIENTED_EDGE('',*,*,#1735,.T.);
#1138=ORIENTED_EDGE('',*,*,#1979,.F.);
#1139=ORIENTED_EDGE('',*,*,#1980,.F.);
#1140=ORIENTED_EDGE('',*,*,#1981,.T.);
#1141=ORIENTED_EDGE('',*,*,#1736,.T.);
#1142=ORIENTED_EDGE('',*,*,#1978,.F.);
#1143=ORIENTED_EDGE('',*,*,#1982,.F.);
#1144=ORIENTED_EDGE('',*,*,#1983,.T.);
#1145=ORIENTED_EDGE('',*,*,#1737,.T.);
#1146=ORIENTED_EDGE('',*,*,#1981,.F.);
#1147=ORIENTED_EDGE('',*,*,#1984,.F.);
#1148=ORIENTED_EDGE('',*,*,#1985,.T.);
#1149=ORIENTED_EDGE('',*,*,#1738,.T.);
#1150=ORIENTED_EDGE('',*,*,#1983,.F.);
#1151=ORIENTED_EDGE('',*,*,#1986,.F.);
#1152=ORIENTED_EDGE('',*,*,#1987,.T.);
#1153=ORIENTED_EDGE('',*,*,#1739,.T.);
#1154=ORIENTED_EDGE('',*,*,#1985,.F.);
#1155=ORIENTED_EDGE('',*,*,#1988,.F.);
#1156=ORIENTED_EDGE('',*,*,#1989,.T.);
#1157=ORIENTED_EDGE('',*,*,#1740,.T.);
#1158=ORIENTED_EDGE('',*,*,#1987,.F.);
#1159=ORIENTED_EDGE('',*,*,#1990,.F.);
#1160=ORIENTED_EDGE('',*,*,#1991,.T.);
#1161=ORIENTED_EDGE('',*,*,#1741,.T.);
#1162=ORIENTED_EDGE('',*,*,#1989,.F.);
#1163=ORIENTED_EDGE('',*,*,#1992,.F.);
#1164=ORIENTED_EDGE('',*,*,#1993,.T.);
#1165=ORIENTED_EDGE('',*,*,#1742,.T.);
#1166=ORIENTED_EDGE('',*,*,#1991,.F.);
#1167=ORIENTED_EDGE('',*,*,#1994,.F.);
#1168=ORIENTED_EDGE('',*,*,#1995,.T.);
#1169=ORIENTED_EDGE('',*,*,#1743,.T.);
#1170=ORIENTED_EDGE('',*,*,#1993,.F.);
#1171=ORIENTED_EDGE('',*,*,#1996,.F.);
#1172=ORIENTED_EDGE('',*,*,#1997,.T.);
#1173=ORIENTED_EDGE('',*,*,#1744,.T.);
#1174=ORIENTED_EDGE('',*,*,#1995,.F.);
#1175=ORIENTED_EDGE('',*,*,#1998,.F.);
#1176=ORIENTED_EDGE('',*,*,#1999,.T.);
#1177=ORIENTED_EDGE('',*,*,#1745,.T.);
#1178=ORIENTED_EDGE('',*,*,#1997,.F.);
#1179=ORIENTED_EDGE('',*,*,#2000,.F.);
#1180=ORIENTED_EDGE('',*,*,#2001,.T.);
#1181=ORIENTED_EDGE('',*,*,#1746,.T.);
#1182=ORIENTED_EDGE('',*,*,#1999,.F.);
#1183=ORIENTED_EDGE('',*,*,#2002,.F.);
#1184=ORIENTED_EDGE('',*,*,#2003,.T.);
#1185=ORIENTED_EDGE('',*,*,#1747,.T.);
#1186=ORIENTED_EDGE('',*,*,#2001,.F.);
#1187=ORIENTED_EDGE('',*,*,#2004,.F.);
#1188=ORIENTED_EDGE('',*,*,#2005,.T.);
#1189=ORIENTED_EDGE('',*,*,#1733,.T.);
#1190=ORIENTED_EDGE('',*,*,#2003,.F.);
#1191=ORIENTED_EDGE('',*,*,#2006,.F.);
#1192=ORIENTED_EDGE('',*,*,#1979,.T.);
#1193=ORIENTED_EDGE('',*,*,#1734,.T.);
#1194=ORIENTED_EDGE('',*,*,#2005,.F.);
#1195=ORIENTED_EDGE('',*,*,#2007,.F.);
#1196=ORIENTED_EDGE('',*,*,#2008,.T.);
#1197=ORIENTED_EDGE('',*,*,#1750,.T.);
#1198=ORIENTED_EDGE('',*,*,#2009,.F.);
#1199=ORIENTED_EDGE('',*,*,#2010,.F.);
#1200=ORIENTED_EDGE('',*,*,#2011,.T.);
#1201=ORIENTED_EDGE('',*,*,#1751,.T.);
#1202=ORIENTED_EDGE('',*,*,#2008,.F.);
#1203=ORIENTED_EDGE('',*,*,#2012,.F.);
#1204=ORIENTED_EDGE('',*,*,#2013,.T.);
#1205=ORIENTED_EDGE('',*,*,#1752,.T.);
#1206=ORIENTED_EDGE('',*,*,#2011,.F.);
#1207=ORIENTED_EDGE('',*,*,#2014,.F.);
#1208=ORIENTED_EDGE('',*,*,#2015,.T.);
#1209=ORIENTED_EDGE('',*,*,#1753,.T.);
#1210=ORIENTED_EDGE('',*,*,#2013,.F.);
#1211=ORIENTED_EDGE('',*,*,#2016,.F.);
#1212=ORIENTED_EDGE('',*,*,#2017,.T.);
#1213=ORIENTED_EDGE('',*,*,#1754,.T.);
#1214=ORIENTED_EDGE('',*,*,#2015,.F.);
#1215=ORIENTED_EDGE('',*,*,#2018,.F.);
#1216=ORIENTED_EDGE('',*,*,#2019,.T.);
#1217=ORIENTED_EDGE('',*,*,#1755,.T.);
#1218=ORIENTED_EDGE('',*,*,#2017,.F.);
#1219=ORIENTED_EDGE('',*,*,#2020,.F.);
#1220=ORIENTED_EDGE('',*,*,#2021,.T.);
#1221=ORIENTED_EDGE('',*,*,#1756,.T.);
#1222=ORIENTED_EDGE('',*,*,#2019,.F.);
#1223=ORIENTED_EDGE('',*,*,#2022,.F.);
#1224=ORIENTED_EDGE('',*,*,#2023,.T.);
#1225=ORIENTED_EDGE('',*,*,#1757,.T.);
#1226=ORIENTED_EDGE('',*,*,#2021,.F.);
#1227=ORIENTED_EDGE('',*,*,#2024,.F.);
#1228=ORIENTED_EDGE('',*,*,#2025,.T.);
#1229=ORIENTED_EDGE('',*,*,#1758,.T.);
#1230=ORIENTED_EDGE('',*,*,#2023,.F.);
#1231=ORIENTED_EDGE('',*,*,#2026,.F.);
#1232=ORIENTED_EDGE('',*,*,#2027,.T.);
#1233=ORIENTED_EDGE('',*,*,#1759,.T.);
#1234=ORIENTED_EDGE('',*,*,#2025,.F.);
#1235=ORIENTED_EDGE('',*,*,#2028,.F.);
#1236=ORIENTED_EDGE('',*,*,#2029,.T.);
#1237=ORIENTED_EDGE('',*,*,#1760,.T.);
#1238=ORIENTED_EDGE('',*,*,#2027,.F.);
#1239=ORIENTED_EDGE('',*,*,#2030,.F.);
#1240=ORIENTED_EDGE('',*,*,#2031,.T.);
#1241=ORIENTED_EDGE('',*,*,#1761,.T.);
#1242=ORIENTED_EDGE('',*,*,#2029,.F.);
#1243=ORIENTED_EDGE('',*,*,#2032,.F.);
#1244=ORIENTED_EDGE('',*,*,#2033,.T.);
#1245=ORIENTED_EDGE('',*,*,#1762,.T.);
#1246=ORIENTED_EDGE('',*,*,#2031,.F.);
#1247=ORIENTED_EDGE('',*,*,#2034,.F.);
#1248=ORIENTED_EDGE('',*,*,#2035,.T.);
#1249=ORIENTED_EDGE('',*,*,#1763,.T.);
#1250=ORIENTED_EDGE('',*,*,#2033,.F.);
#1251=ORIENTED_EDGE('',*,*,#2036,.F.);
#1252=ORIENTED_EDGE('',*,*,#2037,.T.);
#1253=ORIENTED_EDGE('',*,*,#1748,.T.);
#1254=ORIENTED_EDGE('',*,*,#2035,.F.);
#1255=ORIENTED_EDGE('',*,*,#2038,.F.);
#1256=ORIENTED_EDGE('',*,*,#2009,.T.);
#1257=ORIENTED_EDGE('',*,*,#1749,.T.);
#1258=ORIENTED_EDGE('',*,*,#2037,.F.);
#1259=ORIENTED_EDGE('',*,*,#2039,.F.);
#1260=ORIENTED_EDGE('',*,*,#1501,.F.);
#1261=ORIENTED_EDGE('',*,*,#2040,.F.);
#1262=ORIENTED_EDGE('',*,*,#2041,.T.);
#1263=ORIENTED_EDGE('',*,*,#2042,.T.);
#1264=ORIENTED_EDGE('',*,*,#2043,.T.);
#1265=ORIENTED_EDGE('',*,*,#1496,.T.);
#1266=ORIENTED_EDGE('',*,*,#2044,.T.);
#1267=ORIENTED_EDGE('',*,*,#2045,.F.);
#1268=ORIENTED_EDGE('',*,*,#2046,.T.);
#1269=ORIENTED_EDGE('',*,*,#1497,.F.);
#1270=ORIENTED_EDGE('',*,*,#2043,.F.);
#1271=ORIENTED_EDGE('',*,*,#2047,.F.);
#1272=ORIENTED_EDGE('',*,*,#2048,.T.);
#1273=ORIENTED_EDGE('',*,*,#2049,.F.);
#1274=ORIENTED_EDGE('',*,*,#2044,.F.);
#1275=ORIENTED_EDGE('',*,*,#1495,.F.);
#1276=ORIENTED_EDGE('',*,*,#2050,.F.);
#1277=ORIENTED_EDGE('',*,*,#1498,.T.);
#1278=ORIENTED_EDGE('',*,*,#2046,.F.);
#1279=ORIENTED_EDGE('',*,*,#2051,.F.);
#1280=ORIENTED_EDGE('',*,*,#2052,.F.);
#1281=ORIENTED_EDGE('',*,*,#2053,.F.);
#1282=ORIENTED_EDGE('',*,*,#2048,.F.);
#1283=ORIENTED_EDGE('',*,*,#1494,.F.);
#1284=ORIENTED_EDGE('',*,*,#2054,.F.);
#1285=ORIENTED_EDGE('',*,*,#2055,.T.);
#1286=ORIENTED_EDGE('',*,*,#2040,.T.);
#1287=ORIENTED_EDGE('',*,*,#1500,.F.);
#1288=ORIENTED_EDGE('',*,*,#2056,.F.);
#1289=ORIENTED_EDGE('',*,*,#1492,.F.);
#1290=ORIENTED_EDGE('',*,*,#2042,.F.);
#1291=ORIENTED_EDGE('',*,*,#2057,.T.);
#1292=ORIENTED_EDGE('',*,*,#2039,.T.);
#1293=ORIENTED_EDGE('',*,*,#2038,.T.);
#1294=ORIENTED_EDGE('',*,*,#2036,.T.);
#1295=ORIENTED_EDGE('',*,*,#2034,.T.);
#1296=ORIENTED_EDGE('',*,*,#2032,.T.);
#1297=ORIENTED_EDGE('',*,*,#2030,.T.);
#1298=ORIENTED_EDGE('',*,*,#2028,.T.);
#1299=ORIENTED_EDGE('',*,*,#2026,.T.);
#1300=ORIENTED_EDGE('',*,*,#2024,.T.);
#1301=ORIENTED_EDGE('',*,*,#2022,.T.);
#1302=ORIENTED_EDGE('',*,*,#2020,.T.);
#1303=ORIENTED_EDGE('',*,*,#2018,.T.);
#1304=ORIENTED_EDGE('',*,*,#2016,.T.);
#1305=ORIENTED_EDGE('',*,*,#2014,.T.);
#1306=ORIENTED_EDGE('',*,*,#2012,.T.);
#1307=ORIENTED_EDGE('',*,*,#2010,.T.);
#1308=ORIENTED_EDGE('',*,*,#2007,.T.);
#1309=ORIENTED_EDGE('',*,*,#2006,.T.);
#1310=ORIENTED_EDGE('',*,*,#2004,.T.);
#1311=ORIENTED_EDGE('',*,*,#2002,.T.);
#1312=ORIENTED_EDGE('',*,*,#2000,.T.);
#1313=ORIENTED_EDGE('',*,*,#1998,.T.);
#1314=ORIENTED_EDGE('',*,*,#1996,.T.);
#1315=ORIENTED_EDGE('',*,*,#1994,.T.);
#1316=ORIENTED_EDGE('',*,*,#1992,.T.);
#1317=ORIENTED_EDGE('',*,*,#1990,.T.);
#1318=ORIENTED_EDGE('',*,*,#1988,.T.);
#1319=ORIENTED_EDGE('',*,*,#1986,.T.);
#1320=ORIENTED_EDGE('',*,*,#1984,.T.);
#1321=ORIENTED_EDGE('',*,*,#1982,.T.);
#1322=ORIENTED_EDGE('',*,*,#1980,.T.);
#1323=ORIENTED_EDGE('',*,*,#1977,.T.);
#1324=ORIENTED_EDGE('',*,*,#1976,.T.);
#1325=ORIENTED_EDGE('',*,*,#1974,.T.);
#1326=ORIENTED_EDGE('',*,*,#1972,.T.);
#1327=ORIENTED_EDGE('',*,*,#1970,.T.);
#1328=ORIENTED_EDGE('',*,*,#1968,.T.);
#1329=ORIENTED_EDGE('',*,*,#1966,.T.);
#1330=ORIENTED_EDGE('',*,*,#1964,.T.);
#1331=ORIENTED_EDGE('',*,*,#1962,.T.);
#1332=ORIENTED_EDGE('',*,*,#1960,.T.);
#1333=ORIENTED_EDGE('',*,*,#1958,.T.);
#1334=ORIENTED_EDGE('',*,*,#1956,.T.);
#1335=ORIENTED_EDGE('',*,*,#1954,.T.);
#1336=ORIENTED_EDGE('',*,*,#1952,.T.);
#1337=ORIENTED_EDGE('',*,*,#1950,.T.);
#1338=ORIENTED_EDGE('',*,*,#1948,.T.);
#1339=ORIENTED_EDGE('',*,*,#1945,.T.);
#1340=ORIENTED_EDGE('',*,*,#1944,.T.);
#1341=ORIENTED_EDGE('',*,*,#1942,.T.);
#1342=ORIENTED_EDGE('',*,*,#1940,.T.);
#1343=ORIENTED_EDGE('',*,*,#1938,.T.);
#1344=ORIENTED_EDGE('',*,*,#1936,.T.);
#1345=ORIENTED_EDGE('',*,*,#1934,.T.);
#1346=ORIENTED_EDGE('',*,*,#1932,.T.);
#1347=ORIENTED_EDGE('',*,*,#1930,.T.);
#1348=ORIENTED_EDGE('',*,*,#1928,.T.);
#1349=ORIENTED_EDGE('',*,*,#1926,.T.);
#1350=ORIENTED_EDGE('',*,*,#1924,.T.);
#1351=ORIENTED_EDGE('',*,*,#1922,.T.);
#1352=ORIENTED_EDGE('',*,*,#1920,.T.);
#1353=ORIENTED_EDGE('',*,*,#1918,.T.);
#1354=ORIENTED_EDGE('',*,*,#1916,.T.);
#1355=ORIENTED_EDGE('',*,*,#1914,.T.);
#1356=ORIENTED_EDGE('',*,*,#1912,.T.);
#1357=ORIENTED_EDGE('',*,*,#1910,.T.);
#1358=ORIENTED_EDGE('',*,*,#1908,.T.);
#1359=ORIENTED_EDGE('',*,*,#1906,.T.);
#1360=ORIENTED_EDGE('',*,*,#1904,.T.);
#1361=ORIENTED_EDGE('',*,*,#1901,.F.);
#1362=ORIENTED_EDGE('',*,*,#1900,.T.);
#1363=ORIENTED_EDGE('',*,*,#1898,.T.);
#1364=ORIENTED_EDGE('',*,*,#1896,.T.);
#1365=ORIENTED_EDGE('',*,*,#1894,.T.);
#1366=ORIENTED_EDGE('',*,*,#1892,.T.);
#1367=ORIENTED_EDGE('',*,*,#1890,.T.);
#1368=ORIENTED_EDGE('',*,*,#1888,.T.);
#1369=ORIENTED_EDGE('',*,*,#1886,.T.);
#1370=ORIENTED_EDGE('',*,*,#1884,.T.);
#1371=ORIENTED_EDGE('',*,*,#1882,.T.);
#1372=ORIENTED_EDGE('',*,*,#1880,.T.);
#1373=ORIENTED_EDGE('',*,*,#1878,.T.);
#1374=ORIENTED_EDGE('',*,*,#1876,.T.);
#1375=ORIENTED_EDGE('',*,*,#1874,.T.);
#1376=ORIENTED_EDGE('',*,*,#1872,.T.);
#1377=ORIENTED_EDGE('',*,*,#1870,.T.);
#1378=ORIENTED_EDGE('',*,*,#1868,.T.);
#1379=ORIENTED_EDGE('',*,*,#1866,.T.);
#1380=ORIENTED_EDGE('',*,*,#1864,.T.);
#1381=ORIENTED_EDGE('',*,*,#1862,.T.);
#1382=ORIENTED_EDGE('',*,*,#1860,.T.);
#1383=ORIENTED_EDGE('',*,*,#1858,.T.);
#1384=ORIENTED_EDGE('',*,*,#1856,.T.);
#1385=ORIENTED_EDGE('',*,*,#1854,.T.);
#1386=ORIENTED_EDGE('',*,*,#1852,.T.);
#1387=ORIENTED_EDGE('',*,*,#1850,.T.);
#1388=ORIENTED_EDGE('',*,*,#1848,.T.);
#1389=ORIENTED_EDGE('',*,*,#1846,.T.);
#1390=ORIENTED_EDGE('',*,*,#1844,.T.);
#1391=ORIENTED_EDGE('',*,*,#1842,.T.);
#1392=ORIENTED_EDGE('',*,*,#1840,.T.);
#1393=ORIENTED_EDGE('',*,*,#1838,.T.);
#1394=ORIENTED_EDGE('',*,*,#1835,.F.);
#1395=ORIENTED_EDGE('',*,*,#1834,.T.);
#1396=ORIENTED_EDGE('',*,*,#1832,.T.);
#1397=ORIENTED_EDGE('',*,*,#1830,.T.);
#1398=ORIENTED_EDGE('',*,*,#1828,.T.);
#1399=ORIENTED_EDGE('',*,*,#1826,.T.);
#1400=ORIENTED_EDGE('',*,*,#1824,.T.);
#1401=ORIENTED_EDGE('',*,*,#1822,.T.);
#1402=ORIENTED_EDGE('',*,*,#1820,.T.);
#1403=ORIENTED_EDGE('',*,*,#1818,.T.);
#1404=ORIENTED_EDGE('',*,*,#1816,.T.);
#1405=ORIENTED_EDGE('',*,*,#1814,.T.);
#1406=ORIENTED_EDGE('',*,*,#1812,.T.);
#1407=ORIENTED_EDGE('',*,*,#1810,.T.);
#1408=ORIENTED_EDGE('',*,*,#1808,.T.);
#1409=ORIENTED_EDGE('',*,*,#1806,.T.);
#1410=ORIENTED_EDGE('',*,*,#1804,.T.);
#1411=ORIENTED_EDGE('',*,*,#1802,.T.);
#1412=ORIENTED_EDGE('',*,*,#1800,.T.);
#1413=ORIENTED_EDGE('',*,*,#1798,.T.);
#1414=ORIENTED_EDGE('',*,*,#1796,.T.);
#1415=ORIENTED_EDGE('',*,*,#1794,.T.);
#1416=ORIENTED_EDGE('',*,*,#1792,.T.);
#1417=ORIENTED_EDGE('',*,*,#1790,.T.);
#1418=ORIENTED_EDGE('',*,*,#1787,.F.);
#1419=ORIENTED_EDGE('',*,*,#1786,.T.);
#1420=ORIENTED_EDGE('',*,*,#1784,.T.);
#1421=ORIENTED_EDGE('',*,*,#1782,.T.);
#1422=ORIENTED_EDGE('',*,*,#1780,.T.);
#1423=ORIENTED_EDGE('',*,*,#1778,.T.);
#1424=ORIENTED_EDGE('',*,*,#1776,.T.);
#1425=ORIENTED_EDGE('',*,*,#1774,.T.);
#1426=ORIENTED_EDGE('',*,*,#1772,.T.);
#1427=ORIENTED_EDGE('',*,*,#1769,.F.);
#1428=ORIENTED_EDGE('',*,*,#1768,.T.);
#1429=ORIENTED_EDGE('',*,*,#1766,.T.);
#1430=ORIENTED_EDGE('',*,*,#2053,.T.);
#1431=ORIENTED_EDGE('',*,*,#2058,.T.);
#1432=ORIENTED_EDGE('',*,*,#2057,.F.);
#1433=ORIENTED_EDGE('',*,*,#2041,.F.);
#1434=ORIENTED_EDGE('',*,*,#2055,.F.);
#1435=ORIENTED_EDGE('',*,*,#2059,.T.);
#1436=ORIENTED_EDGE('',*,*,#2051,.T.);
#1437=ORIENTED_EDGE('',*,*,#2047,.T.);
#1438=ORIENTED_EDGE('',*,*,#2045,.T.);
#1439=ORIENTED_EDGE('',*,*,#2049,.T.);
#1440=ORIENTED_EDGE('',*,*,#2056,.T.);
#1441=ORIENTED_EDGE('',*,*,#2058,.F.);
#1442=ORIENTED_EDGE('',*,*,#2052,.T.);
#1443=ORIENTED_EDGE('',*,*,#1493,.F.);
#1444=ORIENTED_EDGE('',*,*,#2054,.T.);
#1445=ORIENTED_EDGE('',*,*,#1499,.F.);
#1446=ORIENTED_EDGE('',*,*,#2050,.T.);
#1447=ORIENTED_EDGE('',*,*,#2059,.F.);
#1448=ORIENTED_EDGE('',*,*,#1488,.T.);
#1449=ORIENTED_EDGE('',*,*,#2060,.F.);
#1450=ORIENTED_EDGE('',*,*,#2061,.F.);
#1451=ORIENTED_EDGE('',*,*,#2062,.T.);
#1452=ORIENTED_EDGE('',*,*,#1489,.F.);
#1453=ORIENTED_EDGE('',*,*,#2062,.F.);
#1454=ORIENTED_EDGE('',*,*,#2063,.T.);
#1455=ORIENTED_EDGE('',*,*,#2064,.T.);
#1456=ORIENTED_EDGE('',*,*,#1490,.F.);
#1457=ORIENTED_EDGE('',*,*,#2064,.F.);
#1458=ORIENTED_EDGE('',*,*,#2065,.T.);
#1459=ORIENTED_EDGE('',*,*,#2066,.T.);
#1460=ORIENTED_EDGE('',*,*,#1491,.T.);
#1461=ORIENTED_EDGE('',*,*,#2066,.F.);
#1462=ORIENTED_EDGE('',*,*,#2067,.F.);
#1463=ORIENTED_EDGE('',*,*,#2060,.T.);
#1464=ORIENTED_EDGE('',*,*,#2061,.T.);
#1465=ORIENTED_EDGE('',*,*,#2067,.T.);
#1466=ORIENTED_EDGE('',*,*,#2065,.F.);
#1467=ORIENTED_EDGE('',*,*,#2063,.F.);
#1468=ORIENTED_EDGE('',*,*,#1502,.T.);
#1469=ORIENTED_EDGE('',*,*,#2068,.F.);
#1470=ORIENTED_EDGE('',*,*,#2069,.F.);
#1471=ORIENTED_EDGE('',*,*,#2070,.T.);
#1472=ORIENTED_EDGE('',*,*,#1503,.T.);
#1473=ORIENTED_EDGE('',*,*,#2070,.F.);
#1474=ORIENTED_EDGE('',*,*,#2071,.F.);
#1475=ORIENTED_EDGE('',*,*,#2072,.T.);
#1476=ORIENTED_EDGE('',*,*,#1504,.F.);
#1477=ORIENTED_EDGE('',*,*,#2072,.F.);
#1478=ORIENTED_EDGE('',*,*,#2073,.T.);
#1479=ORIENTED_EDGE('',*,*,#2074,.T.);
#1480=ORIENTED_EDGE('',*,*,#1505,.T.);
#1481=ORIENTED_EDGE('',*,*,#2074,.F.);
#1482=ORIENTED_EDGE('',*,*,#2075,.F.);
#1483=ORIENTED_EDGE('',*,*,#2068,.T.);
#1484=ORIENTED_EDGE('',*,*,#2069,.T.);
#1485=ORIENTED_EDGE('',*,*,#2075,.T.);
#1486=ORIENTED_EDGE('',*,*,#2073,.F.);
#1487=ORIENTED_EDGE('',*,*,#2071,.T.);
#1488=EDGE_CURVE('',#2076,#2077,#2468,.T.);
#1489=EDGE_CURVE('',#2076,#2078,#2469,.T.);
#1490=EDGE_CURVE('',#2078,#2079,#2470,.T.);
#1491=EDGE_CURVE('',#2077,#2079,#2471,.T.);
#1492=EDGE_CURVE('',#2080,#2081,#2472,.T.);
#1493=EDGE_CURVE('',#2081,#2082,#2473,.T.);
#1494=EDGE_CURVE('',#2082,#2083,#2474,.T.);
#1495=EDGE_CURVE('',#2083,#2084,#2475,.T.);
#1496=EDGE_CURVE('',#2085,#2084,#2476,.T.);
#1497=EDGE_CURVE('',#2085,#2086,#2477,.F.);
#1498=EDGE_CURVE('',#2087,#2086,#2478,.T.);
#1499=EDGE_CURVE('',#2087,#2088,#2479,.T.);
#1500=EDGE_CURVE('',#2088,#2089,#2480,.T.);
#1501=EDGE_CURVE('',#2089,#2080,#2481,.T.);
#1502=EDGE_CURVE('',#2090,#2091,#2482,.T.);
#1503=EDGE_CURVE('',#2092,#2090,#2483,.T.);
#1504=EDGE_CURVE('',#2092,#2093,#2484,.T.);
#1505=EDGE_CURVE('',#2091,#2093,#2485,.T.);
#1506=EDGE_CURVE('',#2094,#2095,#136,.F.);
#1507=EDGE_CURVE('',#2095,#2096,#2486,.T.);
#1508=EDGE_CURVE('',#2096,#2097,#137,.F.);
#1509=EDGE_CURVE('',#2097,#2098,#138,.F.);
#1510=EDGE_CURVE('',#2098,#2099,#2487,.T.);
#1511=EDGE_CURVE('',#2099,#2100,#139,.F.);
#1512=EDGE_CURVE('',#2100,#2101,#140,.F.);
#1513=EDGE_CURVE('',#2101,#2102,#2488,.T.);
#1514=EDGE_CURVE('',#2102,#2103,#2489,.T.);
#1515=EDGE_CURVE('',#2103,#2094,#141,.F.);
#1516=EDGE_CURVE('',#2104,#2105,#142,.F.);
#1517=EDGE_CURVE('',#2105,#2106,#2490,.T.);
#1518=EDGE_CURVE('',#2106,#2107,#143,.F.);
#1519=EDGE_CURVE('',#2107,#2108,#144,.F.);
#1520=EDGE_CURVE('',#2108,#2109,#2491,.T.);
#1521=EDGE_CURVE('',#2109,#2110,#145,.F.);
#1522=EDGE_CURVE('',#2110,#2111,#146,.F.);
#1523=EDGE_CURVE('',#2111,#2112,#2492,.T.);
#1524=EDGE_CURVE('',#2112,#2113,#147,.F.);
#1525=EDGE_CURVE('',#2113,#2114,#148,.F.);
#1526=EDGE_CURVE('',#2114,#2115,#2493,.T.);
#1527=EDGE_CURVE('',#2115,#2104,#149,.F.);
#1528=EDGE_CURVE('',#2116,#2117,#150,.F.);
#1529=EDGE_CURVE('',#2117,#2118,#2494,.T.);
#1530=EDGE_CURVE('',#2118,#2119,#151,.F.);
#1531=EDGE_CURVE('',#2119,#2120,#152,.F.);
#1532=EDGE_CURVE('',#2120,#2121,#2495,.T.);
#1533=EDGE_CURVE('',#2121,#2122,#153,.F.);
#1534=EDGE_CURVE('',#2122,#2123,#154,.F.);
#1535=EDGE_CURVE('',#2123,#2124,#2496,.T.);
#1536=EDGE_CURVE('',#2124,#2125,#155,.F.);
#1537=EDGE_CURVE('',#2125,#2126,#156,.F.);
#1538=EDGE_CURVE('',#2126,#2127,#2497,.T.);
#1539=EDGE_CURVE('',#2127,#2116,#157,.F.);
#1540=EDGE_CURVE('',#2128,#2129,#158,.F.);
#1541=EDGE_CURVE('',#2129,#2130,#2498,.T.);
#1542=EDGE_CURVE('',#2130,#2131,#2499,.T.);
#1543=EDGE_CURVE('',#2131,#2132,#2500,.T.);
#1544=EDGE_CURVE('',#2132,#2133,#2501,.T.);
#1545=EDGE_CURVE('',#2133,#2128,#159,.F.);
#1546=EDGE_CURVE('',#2134,#2135,#160,.F.);
#1547=EDGE_CURVE('',#2097,#2135,#2502,.T.);
#1548=EDGE_CURVE('',#2096,#2134,#2503,.T.);
#1549=EDGE_CURVE('',#2135,#2136,#161,.F.);
#1550=EDGE_CURVE('',#2098,#2136,#2504,.T.);
#1551=EDGE_CURVE('',#2136,#2137,#2505,.T.);
#1552=EDGE_CURVE('',#2099,#2137,#2506,.T.);
#1553=EDGE_CURVE('',#2137,#2138,#162,.F.);
#1554=EDGE_CURVE('',#2100,#2138,#2507,.T.);
#1555=EDGE_CURVE('',#2138,#2139,#163,.F.);
#1556=EDGE_CURVE('',#2101,#2139,#2508,.T.);
#1557=EDGE_CURVE('',#2139,#2140,#2509,.T.);
#1558=EDGE_CURVE('',#2102,#2140,#2510,.T.);
#1559=EDGE_CURVE('',#2140,#2141,#2511,.T.);
#1560=EDGE_CURVE('',#2103,#2141,#2512,.T.);
#1561=EDGE_CURVE('',#2141,#2142,#164,.F.);
#1562=EDGE_CURVE('',#2094,#2142,#2513,.T.);
#1563=EDGE_CURVE('',#2142,#2143,#165,.F.);
#1564=EDGE_CURVE('',#2095,#2143,#2514,.T.);
#1565=EDGE_CURVE('',#2143,#2134,#2515,.T.);
#1566=EDGE_CURVE('',#2144,#2145,#166,.F.);
#1567=EDGE_CURVE('',#2107,#2145,#2516,.T.);
#1568=EDGE_CURVE('',#2106,#2144,#2517,.T.);
#1569=EDGE_CURVE('',#2145,#2146,#167,.F.);
#1570=EDGE_CURVE('',#2108,#2146,#2518,.T.);
#1571=EDGE_CURVE('',#2146,#2147,#2519,.T.);
#1572=EDGE_CURVE('',#2109,#2147,#2520,.T.);
#1573=EDGE_CURVE('',#2147,#2148,#168,.F.);
#1574=EDGE_CURVE('',#2110,#2148,#2521,.T.);
#1575=EDGE_CURVE('',#2148,#2149,#169,.F.);
#1576=EDGE_CURVE('',#2111,#2149,#2522,.T.);
#1577=EDGE_CURVE('',#2149,#2150,#2523,.T.);
#1578=EDGE_CURVE('',#2112,#2150,#2524,.T.);
#1579=EDGE_CURVE('',#2150,#2151,#170,.F.);
#1580=EDGE_CURVE('',#2113,#2151,#2525,.T.);
#1581=EDGE_CURVE('',#2151,#2152,#171,.F.);
#1582=EDGE_CURVE('',#2114,#2152,#2526,.T.);
#1583=EDGE_CURVE('',#2152,#2153,#2527,.T.);
#1584=EDGE_CURVE('',#2115,#2153,#2528,.T.);
#1585=EDGE_CURVE('',#2153,#2154,#172,.F.);
#1586=EDGE_CURVE('',#2104,#2154,#2529,.T.);
#1587=EDGE_CURVE('',#2154,#2155,#173,.F.);
#1588=EDGE_CURVE('',#2105,#2155,#2530,.T.);
#1589=EDGE_CURVE('',#2155,#2144,#2531,.T.);
#1590=EDGE_CURVE('',#2156,#2157,#174,.F.);
#1591=EDGE_CURVE('',#2119,#2157,#2532,.T.);
#1592=EDGE_CURVE('',#2118,#2156,#2533,.T.);
#1593=EDGE_CURVE('',#2157,#2158,#175,.F.);
#1594=EDGE_CURVE('',#2120,#2158,#2534,.T.);
#1595=EDGE_CURVE('',#2158,#2159,#2535,.T.);
#1596=EDGE_CURVE('',#2121,#2159,#2536,.T.);
#1597=EDGE_CURVE('',#2159,#2160,#176,.F.);
#1598=EDGE_CURVE('',#2122,#2160,#2537,.T.);
#1599=EDGE_CURVE('',#2160,#2161,#177,.F.);
#1600=EDGE_CURVE('',#2123,#2161,#2538,.T.);
#1601=EDGE_CURVE('',#2161,#2162,#2539,.T.);
#1602=EDGE_CURVE('',#2124,#2162,#2540,.T.);
#1603=EDGE_CURVE('',#2162,#2163,#178,.F.);
#1604=EDGE_CURVE('',#2125,#2163,#2541,.T.);
#1605=EDGE_CURVE('',#2163,#2164,#179,.F.);
#1606=EDGE_CURVE('',#2126,#2164,#2542,.T.);
#1607=EDGE_CURVE('',#2164,#2165,#2543,.T.);
#1608=EDGE_CURVE('',#2127,#2165,#2544,.T.);
#1609=EDGE_CURVE('',#2165,#2166,#180,.F.);
#1610=EDGE_CURVE('',#2116,#2166,#2545,.T.);
#1611=EDGE_CURVE('',#2166,#2167,#181,.F.);
#1612=EDGE_CURVE('',#2117,#2167,#2546,.T.);
#1613=EDGE_CURVE('',#2167,#2156,#2547,.T.);
#1614=EDGE_CURVE('',#2168,#2169,#2548,.T.);
#1615=EDGE_CURVE('',#2131,#2169,#2549,.T.);
#1616=EDGE_CURVE('',#2130,#2168,#2550,.T.);
#1617=EDGE_CURVE('',#2169,#2170,#2551,.T.);
#1618=EDGE_CURVE('',#2132,#2170,#2552,.T.);
#1619=EDGE_CURVE('',#2170,#2171,#2553,.T.);
#1620=EDGE_CURVE('',#2133,#2171,#2554,.T.);
#1621=EDGE_CURVE('',#2171,#2172,#182,.F.);
#1622=EDGE_CURVE('',#2128,#2172,#2555,.T.);
#1623=EDGE_CURVE('',#2172,#2173,#183,.F.);
#1624=EDGE_CURVE('',#2129,#2173,#2556,.T.);
#1625=EDGE_CURVE('',#2173,#2168,#2557,.T.);
#1626=EDGE_CURVE('',#2174,#2175,#2558,.T.);
#1627=EDGE_CURVE('',#2174,#2176,#2559,.T.);
#1628=EDGE_CURVE('',#2177,#2176,#2560,.T.);
#1629=EDGE_CURVE('',#2178,#2177,#2561,.T.);
#1630=EDGE_CURVE('',#2179,#2178,#2562,.T.);
#1631=EDGE_CURVE('',#2180,#2179,#2563,.T.);
#1632=EDGE_CURVE('',#2181,#2180,#2564,.T.);
#1633=EDGE_CURVE('',#2182,#2181,#2565,.T.);
#1634=EDGE_CURVE('',#2183,#2182,#2566,.T.);
#1635=EDGE_CURVE('',#2184,#2183,#2567,.T.);
#1636=EDGE_CURVE('',#2184,#2185,#2568,.T.);
#1637=EDGE_CURVE('',#2175,#2185,#2569,.T.);
#1638=EDGE_CURVE('',#2186,#2187,#24,.T.);
#1639=EDGE_CURVE('',#2188,#2186,#184,.T.);
#1640=EDGE_CURVE('',#2189,#2188,#25,.T.);
#1641=EDGE_CURVE('',#2190,#2189,#2570,.T.);
#1642=EDGE_CURVE('',#2191,#2190,#185,.T.);
#1643=EDGE_CURVE('',#2192,#2191,#186,.T.);
#1644=EDGE_CURVE('',#2193,#2192,#187,.T.);
#1645=EDGE_CURVE('',#2194,#2193,#2571,.T.);
#1646=EDGE_CURVE('',#2195,#2194,#188,.T.);
#1647=EDGE_CURVE('',#2196,#2195,#189,.T.);
#1648=EDGE_CURVE('',#2197,#2196,#190,.T.);
#1649=EDGE_CURVE('',#2198,#2197,#2572,.T.);
#1650=EDGE_CURVE('',#2199,#2198,#191,.T.);
#1651=EDGE_CURVE('',#2200,#2199,#192,.T.);
#1652=EDGE_CURVE('',#2201,#2200,#193,.T.);
#1653=EDGE_CURVE('',#2202,#2201,#2573,.T.);
#1654=EDGE_CURVE('',#2203,#2202,#194,.F.);
#1655=EDGE_CURVE('',#2204,#2203,#195,.F.);
#1656=EDGE_CURVE('',#2205,#2204,#2574,.T.);
#1657=EDGE_CURVE('',#2206,#2205,#196,.F.);
#1658=EDGE_CURVE('',#2207,#2206,#197,.F.);
#1659=EDGE_CURVE('',#2208,#2207,#2575,.T.);
#1660=EDGE_CURVE('',#2209,#2208,#2576,.T.);
#1661=EDGE_CURVE('',#2209,#2187,#2577,.T.);
#1662=EDGE_CURVE('',#2210,#2211,#2578,.T.);
#1663=EDGE_CURVE('',#2212,#2210,#2579,.T.);
#1664=EDGE_CURVE('',#2213,#2212,#198,.F.);
#1665=EDGE_CURVE('',#2214,#2213,#199,.F.);
#1666=EDGE_CURVE('',#2215,#2214,#2580,.T.);
#1667=EDGE_CURVE('',#2216,#2215,#200,.F.);
#1668=EDGE_CURVE('',#2217,#2216,#201,.F.);
#1669=EDGE_CURVE('',#2218,#2217,#2581,.T.);
#1670=EDGE_CURVE('',#2219,#2218,#202,.F.);
#1671=EDGE_CURVE('',#2220,#2219,#203,.F.);
#1672=EDGE_CURVE('',#2221,#2220,#2582,.T.);
#1673=EDGE_CURVE('',#2222,#2221,#2583,.T.);
#1674=EDGE_CURVE('',#2223,#2222,#2584,.T.);
#1675=EDGE_CURVE('',#2224,#2223,#204,.T.);
#1676=EDGE_CURVE('',#2225,#2224,#205,.T.);
#1677=EDGE_CURVE('',#2226,#2225,#206,.T.);
#1678=EDGE_CURVE('',#2227,#2226,#2585,.T.);
#1679=EDGE_CURVE('',#2228,#2227,#207,.T.);
#1680=EDGE_CURVE('',#2229,#2228,#208,.T.);
#1681=EDGE_CURVE('',#2230,#2229,#209,.T.);
#1682=EDGE_CURVE('',#2231,#2230,#2586,.T.);
#1683=EDGE_CURVE('',#2232,#2231,#210,.T.);
#1684=EDGE_CURVE('',#2233,#2232,#211,.T.);
#1685=EDGE_CURVE('',#2234,#2233,#212,.T.);
#1686=EDGE_CURVE('',#2235,#2234,#2587,.T.);
#1687=EDGE_CURVE('',#2236,#2235,#213,.F.);
#1688=EDGE_CURVE('',#2237,#2236,#214,.F.);
#1689=EDGE_CURVE('',#2238,#2237,#2588,.T.);
#1690=EDGE_CURVE('',#2239,#2238,#215,.F.);
#1691=EDGE_CURVE('',#2240,#2239,#216,.F.);
#1692=EDGE_CURVE('',#2241,#2240,#2589,.T.);
#1693=EDGE_CURVE('',#2242,#2241,#2590,.T.);
#1694=EDGE_CURVE('',#2242,#2211,#2591,.T.);
#1695=EDGE_CURVE('',#2243,#2244,#2592,.T.);
#1696=EDGE_CURVE('',#2245,#2243,#2593,.T.);
#1697=EDGE_CURVE('',#2246,#2245,#217,.T.);
#1698=EDGE_CURVE('',#2247,#2246,#218,.T.);
#1699=EDGE_CURVE('',#2248,#2247,#26,.T.);
#1700=EDGE_CURVE('',#2249,#2248,#2594,.T.);
#1701=EDGE_CURVE('',#2250,#2249,#27,.T.);
#1702=EDGE_CURVE('',#2251,#2250,#219,.T.);
#1703=EDGE_CURVE('',#2252,#2251,#220,.T.);
#1704=EDGE_CURVE('',#2253,#2252,#2595,.T.);
#1705=EDGE_CURVE('',#2254,#2253,#221,.T.);
#1706=EDGE_CURVE('',#2255,#2254,#222,.T.);
#1707=EDGE_CURVE('',#2256,#2255,#223,.T.);
#1708=EDGE_CURVE('',#2257,#2256,#2596,.T.);
#1709=EDGE_CURVE('',#2258,#2257,#224,.T.);
#1710=EDGE_CURVE('',#2259,#2258,#225,.T.);
#1711=EDGE_CURVE('',#2260,#2259,#226,.T.);
#1712=EDGE_CURVE('',#2261,#2260,#2597,.T.);
#1713=EDGE_CURVE('',#2262,#2261,#2598,.T.);
#1714=EDGE_CURVE('',#2263,#2262,#227,.F.);
#1715=EDGE_CURVE('',#2264,#2263,#228,.F.);
#1716=EDGE_CURVE('',#2244,#2264,#2599,.T.);
#1717=EDGE_CURVE('',#2265,#2266,#28,.T.);
#1718=EDGE_CURVE('',#2267,#2265,#2600,.T.);
#1719=EDGE_CURVE('',#2268,#2267,#29,.T.);
#1720=EDGE_CURVE('',#2269,#2268,#229,.T.);
#1721=EDGE_CURVE('',#2270,#2269,#30,.T.);
#1722=EDGE_CURVE('',#2271,#2270,#2601,.T.);
#1723=EDGE_CURVE('',#2272,#2271,#31,.T.);
#1724=EDGE_CURVE('',#2273,#2272,#230,.T.);
#1725=EDGE_CURVE('',#2274,#2273,#231,.T.);
#1726=EDGE_CURVE('',#2275,#2274,#2602,.T.);
#1727=EDGE_CURVE('',#2276,#2275,#32,.T.);
#1728=EDGE_CURVE('',#2277,#2276,#232,.T.);
#1729=EDGE_CURVE('',#2278,#2277,#233,.T.);
#1730=EDGE_CURVE('',#2279,#2278,#2603,.T.);
#1731=EDGE_CURVE('',#2280,#2279,#234,.T.);
#1732=EDGE_CURVE('',#2266,#2280,#235,.T.);
#1733=EDGE_CURVE('',#2281,#2282,#2604,.T.);
#1734=EDGE_CURVE('',#2283,#2281,#2605,.T.);
#1735=EDGE_CURVE('',#2284,#2283,#2606,.T.);
#1736=EDGE_CURVE('',#2285,#2284,#236,.F.);
#1737=EDGE_CURVE('',#2286,#2285,#237,.F.);
#1738=EDGE_CURVE('',#2287,#2286,#2607,.T.);
#1739=EDGE_CURVE('',#2288,#2287,#238,.F.);
#1740=EDGE_CURVE('',#2289,#2288,#239,.F.);
#1741=EDGE_CURVE('',#2290,#2289,#2608,.T.);
#1742=EDGE_CURVE('',#2291,#2290,#2609,.T.);
#1743=EDGE_CURVE('',#2292,#2291,#2610,.T.);
#1744=EDGE_CURVE('',#2293,#2292,#33,.T.);
#1745=EDGE_CURVE('',#2294,#2293,#240,.T.);
#1746=EDGE_CURVE('',#2295,#2294,#241,.T.);
#1747=EDGE_CURVE('',#2282,#2295,#2611,.T.);
#1748=EDGE_CURVE('',#2296,#2297,#242,.T.);
#1749=EDGE_CURVE('',#2298,#2296,#2612,.T.);
#1750=EDGE_CURVE('',#2299,#2298,#2613,.T.);
#1751=EDGE_CURVE('',#2300,#2299,#34,.T.);
#1752=EDGE_CURVE('',#2301,#2300,#243,.T.);
#1753=EDGE_CURVE('',#2302,#2301,#244,.T.);
#1754=EDGE_CURVE('',#2303,#2302,#2614,.T.);
#1755=EDGE_CURVE('',#2304,#2303,#2615,.T.);
#1756=EDGE_CURVE('',#2305,#2304,#2616,.T.);
#1757=EDGE_CURVE('',#2306,#2305,#245,.F.);
#1758=EDGE_CURVE('',#2307,#2306,#246,.F.);
#1759=EDGE_CURVE('',#2308,#2307,#2617,.T.);
#1760=EDGE_CURVE('',#2309,#2308,#2618,.T.);
#1761=EDGE_CURVE('',#2310,#2309,#2619,.T.);
#1762=EDGE_CURVE('',#2311,#2310,#35,.T.);
#1763=EDGE_CURVE('',#2297,#2311,#247,.T.);
#1764=EDGE_CURVE('',#2312,#2175,#2620,.T.);
#1765=EDGE_CURVE('',#2313,#2185,#2621,.T.);
#1766=EDGE_CURVE('',#2312,#2313,#2622,.T.);
#1767=EDGE_CURVE('',#2314,#2174,#2623,.T.);
#1768=EDGE_CURVE('',#2314,#2312,#2624,.T.);
#1769=EDGE_CURVE('',#2314,#2315,#2625,.T.);
#1770=EDGE_CURVE('',#2315,#2176,#2626,.T.);
#1771=EDGE_CURVE('',#2316,#2177,#2627,.T.);
#1772=EDGE_CURVE('',#2316,#2315,#2628,.T.);
#1773=EDGE_CURVE('',#2317,#2178,#2629,.T.);
#1774=EDGE_CURVE('',#2317,#2316,#2630,.T.);
#1775=EDGE_CURVE('',#2318,#2179,#2631,.T.);
#1776=EDGE_CURVE('',#2318,#2317,#2632,.T.);
#1777=EDGE_CURVE('',#2319,#2180,#2633,.T.);
#1778=EDGE_CURVE('',#2319,#2318,#2634,.T.);
#1779=EDGE_CURVE('',#2320,#2181,#2635,.T.);
#1780=EDGE_CURVE('',#2320,#2319,#2636,.T.);
#1781=EDGE_CURVE('',#2321,#2182,#2637,.T.);
#1782=EDGE_CURVE('',#2321,#2320,#2638,.T.);
#1783=EDGE_CURVE('',#2322,#2183,#2639,.T.);
#1784=EDGE_CURVE('',#2322,#2321,#2640,.T.);
#1785=EDGE_CURVE('',#2323,#2184,#2641,.T.);
#1786=EDGE_CURVE('',#2323,#2322,#2642,.T.);
#1787=EDGE_CURVE('',#2323,#2313,#2643,.T.);
#1788=EDGE_CURVE('',#2324,#2186,#2644,.T.);
#1789=EDGE_CURVE('',#2325,#2187,#2645,.T.);
#1790=EDGE_CURVE('',#2324,#2325,#36,.T.);
#1791=EDGE_CURVE('',#2326,#2188,#2646,.T.);
#1792=EDGE_CURVE('',#2326,#2324,#248,.T.);
#1793=EDGE_CURVE('',#2327,#2189,#2647,.T.);
#1794=EDGE_CURVE('',#2327,#2326,#37,.T.);
#1795=EDGE_CURVE('',#2328,#2190,#2648,.T.);
#1796=EDGE_CURVE('',#2328,#2327,#2649,.T.);
#1797=EDGE_CURVE('',#2329,#2191,#2650,.T.);
#1798=EDGE_CURVE('',#2329,#2328,#249,.T.);
#1799=EDGE_CURVE('',#2330,#2192,#2651,.T.);
#1800=EDGE_CURVE('',#2330,#2329,#250,.T.);
#1801=EDGE_CURVE('',#2331,#2193,#2652,.T.);
#1802=EDGE_CURVE('',#2331,#2330,#251,.T.);
#1803=EDGE_CURVE('',#2332,#2194,#2653,.T.);
#1804=EDGE_CURVE('',#2332,#2331,#2654,.T.);
#1805=EDGE_CURVE('',#2333,#2195,#2655,.T.);
#1806=EDGE_CURVE('',#2333,#2332,#252,.T.);
#1807=EDGE_CURVE('',#2334,#2196,#2656,.T.);
#1808=EDGE_CURVE('',#2334,#2333,#253,.T.);
#1809=EDGE_CURVE('',#2335,#2197,#2657,.T.);
#1810=EDGE_CURVE('',#2335,#2334,#254,.T.);
#1811=EDGE_CURVE('',#2336,#2198,#2658,.T.);
#1812=EDGE_CURVE('',#2336,#2335,#2659,.T.);
#1813=EDGE_CURVE('',#2337,#2199,#2660,.T.);
#1814=EDGE_CURVE('',#2337,#2336,#255,.T.);
#1815=EDGE_CURVE('',#2338,#2200,#2661,.T.);
#1816=EDGE_CURVE('',#2338,#2337,#256,.T.);
#1817=EDGE_CURVE('',#2339,#2201,#2662,.T.);
#1818=EDGE_CURVE('',#2339,#2338,#257,.T.);
#1819=EDGE_CURVE('',#2340,#2202,#2663,.T.);
#1820=EDGE_CURVE('',#2340,#2339,#2664,.T.);
#1821=EDGE_CURVE('',#2341,#2203,#2665,.T.);
#1822=EDGE_CURVE('',#2341,#2340,#258,.F.);
#1823=EDGE_CURVE('',#2342,#2204,#2666,.T.);
#1824=EDGE_CURVE('',#2342,#2341,#259,.F.);
#1825=EDGE_CURVE('',#2343,#2205,#2667,.T.);
#1826=EDGE_CURVE('',#2343,#2342,#2668,.T.);
#1827=EDGE_CURVE('',#2344,#2206,#2669,.T.);
#1828=EDGE_CURVE('',#2344,#2343,#260,.F.);
#1829=EDGE_CURVE('',#2345,#2207,#2670,.T.);
#1830=EDGE_CURVE('',#2345,#2344,#261,.F.);
#1831=EDGE_CURVE('',#2346,#2208,#2671,.T.);
#1832=EDGE_CURVE('',#2346,#2345,#2672,.T.);
#1833=EDGE_CURVE('',#2347,#2209,#2673,.T.);
#1834=EDGE_CURVE('',#2347,#2346,#2674,.T.);
#1835=EDGE_CURVE('',#2347,#2325,#2675,.T.);
#1836=EDGE_CURVE('',#2348,#2210,#2676,.T.);
#1837=EDGE_CURVE('',#2349,#2211,#2677,.T.);
#1838=EDGE_CURVE('',#2348,#2349,#2678,.T.);
#1839=EDGE_CURVE('',#2350,#2212,#2679,.T.);
#1840=EDGE_CURVE('',#2350,#2348,#2680,.T.);
#1841=EDGE_CURVE('',#2351,#2213,#2681,.T.);
#1842=EDGE_CURVE('',#2351,#2350,#262,.F.);
#1843=EDGE_CURVE('',#2352,#2214,#2682,.T.);
#1844=EDGE_CURVE('',#2352,#2351,#263,.F.);
#1845=EDGE_CURVE('',#2353,#2215,#2683,.T.);
#1846=EDGE_CURVE('',#2353,#2352,#2684,.T.);
#1847=EDGE_CURVE('',#2354,#2216,#2685,.T.);
#1848=EDGE_CURVE('',#2354,#2353,#264,.F.);
#1849=EDGE_CURVE('',#2355,#2217,#2686,.T.);
#1850=EDGE_CURVE('',#2355,#2354,#265,.F.);
#1851=EDGE_CURVE('',#2356,#2218,#2687,.T.);
#1852=EDGE_CURVE('',#2356,#2355,#2688,.T.);
#1853=EDGE_CURVE('',#2357,#2219,#2689,.T.);
#1854=EDGE_CURVE('',#2357,#2356,#266,.F.);
#1855=EDGE_CURVE('',#2358,#2220,#2690,.T.);
#1856=EDGE_CURVE('',#2358,#2357,#267,.F.);
#1857=EDGE_CURVE('',#2359,#2221,#2691,.T.);
#1858=EDGE_CURVE('',#2359,#2358,#2692,.T.);
#1859=EDGE_CURVE('',#2360,#2222,#2693,.T.);
#1860=EDGE_CURVE('',#2360,#2359,#2694,.T.);
#1861=EDGE_CURVE('',#2361,#2223,#2695,.T.);
#1862=EDGE_CURVE('',#2361,#2360,#2696,.T.);
#1863=EDGE_CURVE('',#2362,#2224,#2697,.T.);
#1864=EDGE_CURVE('',#2362,#2361,#268,.T.);
#1865=EDGE_CURVE('',#2363,#2225,#2698,.T.);
#1866=EDGE_CURVE('',#2363,#2362,#269,.T.);
#1867=EDGE_CURVE('',#2364,#2226,#2699,.T.);
#1868=EDGE_CURVE('',#2364,#2363,#270,.T.);
#1869=EDGE_CURVE('',#2365,#2227,#2700,.T.);
#1870=EDGE_CURVE('',#2365,#2364,#2701,.T.);
#1871=EDGE_CURVE('',#2366,#2228,#2702,.T.);
#1872=EDGE_CURVE('',#2366,#2365,#271,.T.);
#1873=EDGE_CURVE('',#2367,#2229,#2703,.T.);
#1874=EDGE_CURVE('',#2367,#2366,#272,.T.);
#1875=EDGE_CURVE('',#2368,#2230,#2704,.T.);
#1876=EDGE_CURVE('',#2368,#2367,#273,.T.);
#1877=EDGE_CURVE('',#2369,#2231,#2705,.T.);
#1878=EDGE_CURVE('',#2369,#2368,#2706,.T.);
#1879=EDGE_CURVE('',#2370,#2232,#2707,.T.);
#1880=EDGE_CURVE('',#2370,#2369,#274,.T.);
#1881=EDGE_CURVE('',#2371,#2233,#2708,.T.);
#1882=EDGE_CURVE('',#2371,#2370,#275,.T.);
#1883=EDGE_CURVE('',#2372,#2234,#2709,.T.);
#1884=EDGE_CURVE('',#2372,#2371,#276,.T.);
#1885=EDGE_CURVE('',#2373,#2235,#2710,.T.);
#1886=EDGE_CURVE('',#2373,#2372,#2711,.T.);
#1887=EDGE_CURVE('',#2374,#2236,#2712,.T.);
#1888=EDGE_CURVE('',#2374,#2373,#277,.F.);
#1889=EDGE_CURVE('',#2375,#2237,#2713,.T.);
#1890=EDGE_CURVE('',#2375,#2374,#278,.F.);
#1891=EDGE_CURVE('',#2376,#2238,#2714,.T.);
#1892=EDGE_CURVE('',#2376,#2375,#2715,.T.);
#1893=EDGE_CURVE('',#2377,#2239,#2716,.T.);
#1894=EDGE_CURVE('',#2377,#2376,#279,.F.);
#1895=EDGE_CURVE('',#2378,#2240,#2717,.T.);
#1896=EDGE_CURVE('',#2378,#2377,#280,.F.);
#1897=EDGE_CURVE('',#2379,#2241,#2718,.T.);
#1898=EDGE_CURVE('',#2379,#2378,#2719,.T.);
#1899=EDGE_CURVE('',#2380,#2242,#2720,.T.);
#1900=EDGE_CURVE('',#2380,#2379,#2721,.T.);
#1901=EDGE_CURVE('',#2380,#2349,#2722,.T.);
#1902=EDGE_CURVE('',#2381,#2246,#2723,.T.);
#1903=EDGE_CURVE('',#2382,#2245,#2724,.T.);
#1904=EDGE_CURVE('',#2381,#2382,#281,.T.);
#1905=EDGE_CURVE('',#2383,#2247,#2725,.T.);
#1906=EDGE_CURVE('',#2383,#2381,#282,.T.);
#1907=EDGE_CURVE('',#2384,#2248,#2726,.T.);
#1908=EDGE_CURVE('',#2384,#2383,#38,.T.);
#1909=EDGE_CURVE('',#2385,#2249,#2727,.T.);
#1910=EDGE_CURVE('',#2385,#2384,#2728,.T.);
#1911=EDGE_CURVE('',#2386,#2250,#2729,.T.);
#1912=EDGE_CURVE('',#2386,#2385,#39,.T.);
#1913=EDGE_CURVE('',#2387,#2251,#2730,.T.);
#1914=EDGE_CURVE('',#2387,#2386,#283,.T.);
#1915=EDGE_CURVE('',#2388,#2252,#2731,.T.);
#1916=EDGE_CURVE('',#2388,#2387,#284,.T.);
#1917=EDGE_CURVE('',#2389,#2253,#2732,.T.);
#1918=EDGE_CURVE('',#2389,#2388,#2733,.T.);
#1919=EDGE_CURVE('',#2390,#2254,#2734,.T.);
#1920=EDGE_CURVE('',#2390,#2389,#285,.T.);
#1921=EDGE_CURVE('',#2391,#2255,#2735,.T.);
#1922=EDGE_CURVE('',#2391,#2390,#286,.T.);
#1923=EDGE_CURVE('',#2392,#2256,#2736,.T.);
#1924=EDGE_CURVE('',#2392,#2391,#287,.T.);
#1925=EDGE_CURVE('',#2393,#2257,#2737,.T.);
#1926=EDGE_CURVE('',#2393,#2392,#2738,.T.);
#1927=EDGE_CURVE('',#2394,#2258,#2739,.T.);
#1928=EDGE_CURVE('',#2394,#2393,#288,.T.);
#1929=EDGE_CURVE('',#2395,#2259,#2740,.T.);
#1930=EDGE_CURVE('',#2395,#2394,#289,.T.);
#1931=EDGE_CURVE('',#2396,#2260,#2741,.T.);
#1932=EDGE_CURVE('',#2396,#2395,#290,.T.);
#1933=EDGE_CURVE('',#2397,#2261,#2742,.T.);
#1934=EDGE_CURVE('',#2397,#2396,#2743,.T.);
#1935=EDGE_CURVE('',#2398,#2262,#2744,.T.);
#1936=EDGE_CURVE('',#2398,#2397,#2745,.T.);
#1937=EDGE_CURVE('',#2399,#2263,#2746,.T.);
#1938=EDGE_CURVE('',#2399,#2398,#291,.F.);
#1939=EDGE_CURVE('',#2400,#2264,#2747,.T.);
#1940=EDGE_CURVE('',#2400,#2399,#292,.F.);
#1941=EDGE_CURVE('',#2401,#2244,#2748,.T.);
#1942=EDGE_CURVE('',#2401,#2400,#2749,.T.);
#1943=EDGE_CURVE('',#2402,#2243,#2750,.T.);
#1944=EDGE_CURVE('',#2402,#2401,#2751,.T.);
#1945=EDGE_CURVE('',#2382,#2402,#2752,.T.);
#1946=EDGE_CURVE('',#2403,#2268,#2753,.T.);
#1947=EDGE_CURVE('',#2404,#2267,#2754,.T.);
#1948=EDGE_CURVE('',#2403,#2404,#40,.T.);
#1949=EDGE_CURVE('',#2405,#2269,#2755,.T.);
#1950=EDGE_CURVE('',#2405,#2403,#293,.T.);
#1951=EDGE_CURVE('',#2406,#2270,#2756,.T.);
#1952=EDGE_CURVE('',#2406,#2405,#41,.T.);
#1953=EDGE_CURVE('',#2407,#2271,#2757,.T.);
#1954=EDGE_CURVE('',#2407,#2406,#2758,.T.);
#1955=EDGE_CURVE('',#2408,#2272,#2759,.T.);
#1956=EDGE_CURVE('',#2408,#2407,#42,.T.);
#1957=EDGE_CURVE('',#2409,#2273,#2760,.T.);
#1958=EDGE_CURVE('',#2409,#2408,#294,.T.);
#1959=EDGE_CURVE('',#2410,#2274,#2761,.T.);
#1960=EDGE_CURVE('',#2410,#2409,#295,.T.);
#1961=EDGE_CURVE('',#2411,#2275,#2762,.T.);
#1962=EDGE_CURVE('',#2411,#2410,#2763,.T.);
#1963=EDGE_CURVE('',#2412,#2276,#2764,.T.);
#1964=EDGE_CURVE('',#2412,#2411,#43,.T.);
#1965=EDGE_CURVE('',#2413,#2277,#2765,.T.);
#1966=EDGE_CURVE('',#2413,#2412,#296,.T.);
#1967=EDGE_CURVE('',#2414,#2278,#2766,.T.);
#1968=EDGE_CURVE('',#2414,#2413,#297,.T.);
#1969=EDGE_CURVE('',#2415,#2279,#2767,.T.);
#1970=EDGE_CURVE('',#2415,#2414,#2768,.T.);
#1971=EDGE_CURVE('',#2416,#2280,#2769,.T.);
#1972=EDGE_CURVE('',#2416,#2415,#298,.T.);
#1973=EDGE_CURVE('',#2417,#2266,#2770,.T.);
#1974=EDGE_CURVE('',#2417,#2416,#299,.T.);
#1975=EDGE_CURVE('',#2418,#2265,#2771,.T.);
#1976=EDGE_CURVE('',#2418,#2417,#44,.T.);
#1977=EDGE_CURVE('',#2404,#2418,#2772,.T.);
#1978=EDGE_CURVE('',#2419,#2284,#2773,.T.);
#1979=EDGE_CURVE('',#2420,#2283,#2774,.T.);
#1980=EDGE_CURVE('',#2419,#2420,#2775,.T.);
#1981=EDGE_CURVE('',#2421,#2285,#2776,.T.);
#1982=EDGE_CURVE('',#2421,#2419,#300,.F.);
#1983=EDGE_CURVE('',#2422,#2286,#2777,.T.);
#1984=EDGE_CURVE('',#2422,#2421,#301,.F.);
#1985=EDGE_CURVE('',#2423,#2287,#2778,.T.);
#1986=EDGE_CURVE('',#2423,#2422,#2779,.T.);
#1987=EDGE_CURVE('',#2424,#2288,#2780,.T.);
#1988=EDGE_CURVE('',#2424,#2423,#302,.F.);
#1989=EDGE_CURVE('',#2425,#2289,#2781,.T.);
#1990=EDGE_CURVE('',#2425,#2424,#303,.F.);
#1991=EDGE_CURVE('',#2426,#2290,#2782,.T.);
#1992=EDGE_CURVE('',#2426,#2425,#2783,.T.);
#1993=EDGE_CURVE('',#2427,#2291,#2784,.T.);
#1994=EDGE_CURVE('',#2427,#2426,#2785,.T.);
#1995=EDGE_CURVE('',#2428,#2292,#2786,.T.);
#1996=EDGE_CURVE('',#2428,#2427,#2787,.T.);
#1997=EDGE_CURVE('',#2429,#2293,#2788,.T.);
#1998=EDGE_CURVE('',#2429,#2428,#45,.T.);
#1999=EDGE_CURVE('',#2430,#2294,#2789,.T.);
#2000=EDGE_CURVE('',#2430,#2429,#304,.T.);
#2001=EDGE_CURVE('',#2431,#2295,#2790,.T.);
#2002=EDGE_CURVE('',#2431,#2430,#305,.T.);
#2003=EDGE_CURVE('',#2432,#2282,#2791,.T.);
#2004=EDGE_CURVE('',#2432,#2431,#2792,.T.);
#2005=EDGE_CURVE('',#2433,#2281,#2793,.T.);
#2006=EDGE_CURVE('',#2433,#2432,#2794,.T.);
#2007=EDGE_CURVE('',#2420,#2433,#2795,.T.);
#2008=EDGE_CURVE('',#2434,#2299,#2796,.T.);
#2009=EDGE_CURVE('',#2435,#2298,#2797,.T.);
#2010=EDGE_CURVE('',#2434,#2435,#2798,.T.);
#2011=EDGE_CURVE('',#2436,#2300,#2799,.T.);
#2012=EDGE_CURVE('',#2436,#2434,#46,.T.);
#2013=EDGE_CURVE('',#2437,#2301,#2800,.T.);
#2014=EDGE_CURVE('',#2437,#2436,#306,.T.);
#2015=EDGE_CURVE('',#2438,#2302,#2801,.T.);
#2016=EDGE_CURVE('',#2438,#2437,#307,.T.);
#2017=EDGE_CURVE('',#2439,#2303,#2802,.T.);
#2018=EDGE_CURVE('',#2439,#2438,#2803,.T.);
#2019=EDGE_CURVE('',#2440,#2304,#2804,.T.);
#2020=EDGE_CURVE('',#2440,#2439,#2805,.T.);
#2021=EDGE_CURVE('',#2441,#2305,#2806,.T.);
#2022=EDGE_CURVE('',#2441,#2440,#2807,.T.);
#2023=EDGE_CURVE('',#2442,#2306,#2808,.T.);
#2024=EDGE_CURVE('',#2442,#2441,#308,.F.);
#2025=EDGE_CURVE('',#2443,#2307,#2809,.T.);
#2026=EDGE_CURVE('',#2443,#2442,#309,.F.);
#2027=EDGE_CURVE('',#2444,#2308,#2810,.T.);
#2028=EDGE_CURVE('',#2444,#2443,#2811,.T.);
#2029=EDGE_CURVE('',#2445,#2309,#2812,.T.);
#2030=EDGE_CURVE('',#2445,#2444,#2813,.T.);
#2031=EDGE_CURVE('',#2446,#2310,#2814,.T.);
#2032=EDGE_CURVE('',#2446,#2445,#2815,.T.);
#2033=EDGE_CURVE('',#2447,#2311,#2816,.T.);
#2034=EDGE_CURVE('',#2447,#2446,#47,.T.);
#2035=EDGE_CURVE('',#2448,#2297,#2817,.T.);
#2036=EDGE_CURVE('',#2448,#2447,#310,.T.);
#2037=EDGE_CURVE('',#2449,#2296,#2818,.T.);
#2038=EDGE_CURVE('',#2449,#2448,#311,.T.);
#2039=EDGE_CURVE('',#2435,#2449,#2819,.T.);
#2040=EDGE_CURVE('',#2450,#2089,#2820,.T.);
#2041=EDGE_CURVE('',#2450,#2451,#2821,.T.);
#2042=EDGE_CURVE('',#2451,#2080,#2822,.T.);
#2043=EDGE_CURVE('',#2452,#2085,#2823,.F.);
#2044=EDGE_CURVE('',#2084,#2453,#2824,.T.);
#2045=EDGE_CURVE('',#2452,#2453,#2825,.T.);
#2046=EDGE_CURVE('',#2454,#2086,#2826,.F.);
#2047=EDGE_CURVE('',#2454,#2452,#2827,.T.);
#2048=EDGE_CURVE('',#2083,#2455,#2828,.T.);
#2049=EDGE_CURVE('',#2453,#2455,#2829,.T.);
#2050=EDGE_CURVE('',#2087,#2456,#2830,.T.);
#2051=EDGE_CURVE('',#2456,#2454,#2831,.T.);
#2052=EDGE_CURVE('',#2457,#2082,#2832,.F.);
#2053=EDGE_CURVE('',#2455,#2457,#2833,.T.);
#2054=EDGE_CURVE('',#2458,#2088,#2834,.T.);
#2055=EDGE_CURVE('',#2458,#2450,#2835,.T.);
#2056=EDGE_CURVE('',#2081,#2459,#2836,.T.);
#2057=EDGE_CURVE('',#2451,#2459,#2837,.T.);
#2058=EDGE_CURVE('',#2457,#2459,#2838,.T.);
#2059=EDGE_CURVE('',#2458,#2456,#2839,.T.);
#2060=EDGE_CURVE('',#2460,#2077,#2840,.T.);
#2061=EDGE_CURVE('',#2461,#2460,#2841,.T.);
#2062=EDGE_CURVE('',#2461,#2076,#2842,.T.);
#2063=EDGE_CURVE('',#2461,#2462,#2843,.T.);
#2064=EDGE_CURVE('',#2462,#2078,#2844,.T.);
#2065=EDGE_CURVE('',#2462,#2463,#2845,.T.);
#2066=EDGE_CURVE('',#2463,#2079,#2846,.T.);
#2067=EDGE_CURVE('',#2460,#2463,#2847,.T.);
#2068=EDGE_CURVE('',#2464,#2091,#2848,.T.);
#2069=EDGE_CURVE('',#2465,#2464,#2849,.T.);
#2070=EDGE_CURVE('',#2465,#2090,#2850,.T.);
#2071=EDGE_CURVE('',#2466,#2465,#2851,.T.);
#2072=EDGE_CURVE('',#2466,#2092,#2852,.T.);
#2073=EDGE_CURVE('',#2466,#2467,#2853,.T.);
#2074=EDGE_CURVE('',#2467,#2093,#2854,.T.);
#2075=EDGE_CURVE('',#2464,#2467,#2855,.T.);
#2076=VERTEX_POINT('',#5545);
#2077=VERTEX_POINT('',#5546);
#2078=VERTEX_POINT('',#5548);
#2079=VERTEX_POINT('',#5550);
#2080=VERTEX_POINT('',#5553);
#2081=VERTEX_POINT('',#5554);
#2082=VERTEX_POINT('',#5556);
#2083=VERTEX_POINT('',#5558);
#2084=VERTEX_POINT('',#5560);
#2085=VERTEX_POINT('',#5562);
#2086=VERTEX_POINT('',#5564);
#2087=VERTEX_POINT('',#5566);
#2088=VERTEX_POINT('',#5568);
#2089=VERTEX_POINT('',#5570);
#2090=VERTEX_POINT('',#5573);
#2091=VERTEX_POINT('',#5574);
#2092=VERTEX_POINT('',#5576);
#2093=VERTEX_POINT('',#5578);
#2094=VERTEX_POINT('',#5582);
#2095=VERTEX_POINT('',#5583);
#2096=VERTEX_POINT('',#5585);
#2097=VERTEX_POINT('',#5587);
#2098=VERTEX_POINT('',#5589);
#2099=VERTEX_POINT('',#5591);
#2100=VERTEX_POINT('',#5593);
#2101=VERTEX_POINT('',#5595);
#2102=VERTEX_POINT('',#5597);
#2103=VERTEX_POINT('',#5599);
#2104=VERTEX_POINT('',#5603);
#2105=VERTEX_POINT('',#5604);
#2106=VERTEX_POINT('',#5606);
#2107=VERTEX_POINT('',#5608);
#2108=VERTEX_POINT('',#5610);
#2109=VERTEX_POINT('',#5612);
#2110=VERTEX_POINT('',#5614);
#2111=VERTEX_POINT('',#5616);
#2112=VERTEX_POINT('',#5618);
#2113=VERTEX_POINT('',#5620);
#2114=VERTEX_POINT('',#5622);
#2115=VERTEX_POINT('',#5624);
#2116=VERTEX_POINT('',#5628);
#2117=VERTEX_POINT('',#5629);
#2118=VERTEX_POINT('',#5631);
#2119=VERTEX_POINT('',#5633);
#2120=VERTEX_POINT('',#5635);
#2121=VERTEX_POINT('',#5637);
#2122=VERTEX_POINT('',#5639);
#2123=VERTEX_POINT('',#5641);
#2124=VERTEX_POINT('',#5643);
#2125=VERTEX_POINT('',#5645);
#2126=VERTEX_POINT('',#5647);
#2127=VERTEX_POINT('',#5649);
#2128=VERTEX_POINT('',#5653);
#2129=VERTEX_POINT('',#5654);
#2130=VERTEX_POINT('',#5656);
#2131=VERTEX_POINT('',#5658);
#2132=VERTEX_POINT('',#5660);
#2133=VERTEX_POINT('',#5662);
#2134=VERTEX_POINT('',#5666);
#2135=VERTEX_POINT('',#5667);
#2136=VERTEX_POINT('',#5672);
#2137=VERTEX_POINT('',#5676);
#2138=VERTEX_POINT('',#5680);
#2139=VERTEX_POINT('',#5684);
#2140=VERTEX_POINT('',#5688);
#2141=VERTEX_POINT('',#5692);
#2142=VERTEX_POINT('',#5696);
#2143=VERTEX_POINT('',#5700);
#2144=VERTEX_POINT('',#5706);
#2145=VERTEX_POINT('',#5707);
#2146=VERTEX_POINT('',#5712);
#2147=VERTEX_POINT('',#5716);
#2148=VERTEX_POINT('',#5720);
#2149=VERTEX_POINT('',#5724);
#2150=VERTEX_POINT('',#5728);
#2151=VERTEX_POINT('',#5732);
#2152=VERTEX_POINT('',#5736);
#2153=VERTEX_POINT('',#5740);
#2154=VERTEX_POINT('',#5744);
#2155=VERTEX_POINT('',#5748);
#2156=VERTEX_POINT('',#5754);
#2157=VERTEX_POINT('',#5755);
#2158=VERTEX_POINT('',#5760);
#2159=VERTEX_POINT('',#5764);
#2160=VERTEX_POINT('',#5768);
#2161=VERTEX_POINT('',#5772);
#2162=VERTEX_POINT('',#5776);
#2163=VERTEX_POINT('',#5780);
#2164=VERTEX_POINT('',#5784);
#2165=VERTEX_POINT('',#5788);
#2166=VERTEX_POINT('',#5792);
#2167=VERTEX_POINT('',#5796);
#2168=VERTEX_POINT('',#5802);
#2169=VERTEX_POINT('',#5803);
#2170=VERTEX_POINT('',#5808);
#2171=VERTEX_POINT('',#5812);
#2172=VERTEX_POINT('',#5816);
#2173=VERTEX_POINT('',#5820);
#2174=VERTEX_POINT('',#5826);
#2175=VERTEX_POINT('',#5827);
#2176=VERTEX_POINT('',#5829);
#2177=VERTEX_POINT('',#5831);
#2178=VERTEX_POINT('',#5833);
#2179=VERTEX_POINT('',#5835);
#2180=VERTEX_POINT('',#5837);
#2181=VERTEX_POINT('',#5839);
#2182=VERTEX_POINT('',#5841);
#2183=VERTEX_POINT('',#5843);
#2184=VERTEX_POINT('',#5845);
#2185=VERTEX_POINT('',#5847);
#2186=VERTEX_POINT('',#5853);
#2187=VERTEX_POINT('',#5854);
#2188=VERTEX_POINT('',#5856);
#2189=VERTEX_POINT('',#5860);
#2190=VERTEX_POINT('',#5862);
#2191=VERTEX_POINT('',#5864);
#2192=VERTEX_POINT('',#5866);
#2193=VERTEX_POINT('',#5868);
#2194=VERTEX_POINT('',#5870);
#2195=VERTEX_POINT('',#5872);
#2196=VERTEX_POINT('',#5874);
#2197=VERTEX_POINT('',#5876);
#2198=VERTEX_POINT('',#5878);
#2199=VERTEX_POINT('',#5880);
#2200=VERTEX_POINT('',#5882);
#2201=VERTEX_POINT('',#5884);
#2202=VERTEX_POINT('',#5886);
#2203=VERTEX_POINT('',#5888);
#2204=VERTEX_POINT('',#5890);
#2205=VERTEX_POINT('',#5892);
#2206=VERTEX_POINT('',#5894);
#2207=VERTEX_POINT('',#5896);
#2208=VERTEX_POINT('',#5898);
#2209=VERTEX_POINT('',#5900);
#2210=VERTEX_POINT('',#5904);
#2211=VERTEX_POINT('',#5905);
#2212=VERTEX_POINT('',#5907);
#2213=VERTEX_POINT('',#5909);
#2214=VERTEX_POINT('',#5911);
#2215=VERTEX_POINT('',#5913);
#2216=VERTEX_POINT('',#5915);
#2217=VERTEX_POINT('',#5917);
#2218=VERTEX_POINT('',#5919);
#2219=VERTEX_POINT('',#5921);
#2220=VERTEX_POINT('',#5923);
#2221=VERTEX_POINT('',#5925);
#2222=VERTEX_POINT('',#5927);
#2223=VERTEX_POINT('',#5929);
#2224=VERTEX_POINT('',#5931);
#2225=VERTEX_POINT('',#5933);
#2226=VERTEX_POINT('',#5935);
#2227=VERTEX_POINT('',#5937);
#2228=VERTEX_POINT('',#5939);
#2229=VERTEX_POINT('',#5941);
#2230=VERTEX_POINT('',#5943);
#2231=VERTEX_POINT('',#5945);
#2232=VERTEX_POINT('',#5947);
#2233=VERTEX_POINT('',#5949);
#2234=VERTEX_POINT('',#5951);
#2235=VERTEX_POINT('',#5953);
#2236=VERTEX_POINT('',#5955);
#2237=VERTEX_POINT('',#5957);
#2238=VERTEX_POINT('',#5959);
#2239=VERTEX_POINT('',#5961);
#2240=VERTEX_POINT('',#5963);
#2241=VERTEX_POINT('',#5965);
#2242=VERTEX_POINT('',#5967);
#2243=VERTEX_POINT('',#5971);
#2244=VERTEX_POINT('',#5972);
#2245=VERTEX_POINT('',#5974);
#2246=VERTEX_POINT('',#5976);
#2247=VERTEX_POINT('',#5978);
#2248=VERTEX_POINT('',#5982);
#2249=VERTEX_POINT('',#5984);
#2250=VERTEX_POINT('',#5988);
#2251=VERTEX_POINT('',#5990);
#2252=VERTEX_POINT('',#5992);
#2253=VERTEX_POINT('',#5994);
#2254=VERTEX_POINT('',#5996);
#2255=VERTEX_POINT('',#5998);
#2256=VERTEX_POINT('',#6000);
#2257=VERTEX_POINT('',#6002);
#2258=VERTEX_POINT('',#6004);
#2259=VERTEX_POINT('',#6006);
#2260=VERTEX_POINT('',#6008);
#2261=VERTEX_POINT('',#6010);
#2262=VERTEX_POINT('',#6012);
#2263=VERTEX_POINT('',#6014);
#2264=VERTEX_POINT('',#6016);
#2265=VERTEX_POINT('',#6022);
#2266=VERTEX_POINT('',#6023);
#2267=VERTEX_POINT('',#6025);
#2268=VERTEX_POINT('',#6029);
#2269=VERTEX_POINT('',#6031);
#2270=VERTEX_POINT('',#6035);
#2271=VERTEX_POINT('',#6037);
#2272=VERTEX_POINT('',#6041);
#2273=VERTEX_POINT('',#6043);
#2274=VERTEX_POINT('',#6045);
#2275=VERTEX_POINT('',#6047);
#2276=VERTEX_POINT('',#6051);
#2277=VERTEX_POINT('',#6053);
#2278=VERTEX_POINT('',#6055);
#2279=VERTEX_POINT('',#6057);
#2280=VERTEX_POINT('',#6059);
#2281=VERTEX_POINT('',#6063);
#2282=VERTEX_POINT('',#6064);
#2283=VERTEX_POINT('',#6066);
#2284=VERTEX_POINT('',#6068);
#2285=VERTEX_POINT('',#6070);
#2286=VERTEX_POINT('',#6072);
#2287=VERTEX_POINT('',#6074);
#2288=VERTEX_POINT('',#6076);
#2289=VERTEX_POINT('',#6078);
#2290=VERTEX_POINT('',#6080);
#2291=VERTEX_POINT('',#6082);
#2292=VERTEX_POINT('',#6084);
#2293=VERTEX_POINT('',#6088);
#2294=VERTEX_POINT('',#6090);
#2295=VERTEX_POINT('',#6092);
#2296=VERTEX_POINT('',#6096);
#2297=VERTEX_POINT('',#6097);
#2298=VERTEX_POINT('',#6099);
#2299=VERTEX_POINT('',#6101);
#2300=VERTEX_POINT('',#6105);
#2301=VERTEX_POINT('',#6107);
#2302=VERTEX_POINT('',#6109);
#2303=VERTEX_POINT('',#6111);
#2304=VERTEX_POINT('',#6113);
#2305=VERTEX_POINT('',#6115);
#2306=VERTEX_POINT('',#6117);
#2307=VERTEX_POINT('',#6119);
#2308=VERTEX_POINT('',#6121);
#2309=VERTEX_POINT('',#6123);
#2310=VERTEX_POINT('',#6125);
#2311=VERTEX_POINT('',#6129);
#2312=VERTEX_POINT('',#6133);
#2313=VERTEX_POINT('',#6135);
#2314=VERTEX_POINT('',#6139);
#2315=VERTEX_POINT('',#6143);
#2316=VERTEX_POINT('',#6147);
#2317=VERTEX_POINT('',#6151);
#2318=VERTEX_POINT('',#6155);
#2319=VERTEX_POINT('',#6159);
#2320=VERTEX_POINT('',#6163);
#2321=VERTEX_POINT('',#6167);
#2322=VERTEX_POINT('',#6171);
#2323=VERTEX_POINT('',#6175);
#2324=VERTEX_POINT('',#6188);
#2325=VERTEX_POINT('',#6190);
#2326=VERTEX_POINT('',#6196);
#2327=VERTEX_POINT('',#6207);
#2328=VERTEX_POINT('',#6213);
#2329=VERTEX_POINT('',#6217);
#2330=VERTEX_POINT('',#6221);
#2331=VERTEX_POINT('',#6225);
#2332=VERTEX_POINT('',#6229);
#2333=VERTEX_POINT('',#6233);
#2334=VERTEX_POINT('',#6237);
#2335=VERTEX_POINT('',#6241);
#2336=VERTEX_POINT('',#6245);
#2337=VERTEX_POINT('',#6249);
#2338=VERTEX_POINT('',#6253);
#2339=VERTEX_POINT('',#6257);
#2340=VERTEX_POINT('',#6261);
#2341=VERTEX_POINT('',#6265);
#2342=VERTEX_POINT('',#6269);
#2343=VERTEX_POINT('',#6273);
#2344=VERTEX_POINT('',#6277);
#2345=VERTEX_POINT('',#6281);
#2346=VERTEX_POINT('',#6285);
#2347=VERTEX_POINT('',#6289);
#2348=VERTEX_POINT('',#6295);
#2349=VERTEX_POINT('',#6297);
#2350=VERTEX_POINT('',#6301);
#2351=VERTEX_POINT('',#6305);
#2352=VERTEX_POINT('',#6309);
#2353=VERTEX_POINT('',#6313);
#2354=VERTEX_POINT('',#6317);
#2355=VERTEX_POINT('',#6321);
#2356=VERTEX_POINT('',#6325);
#2357=VERTEX_POINT('',#6329);
#2358=VERTEX_POINT('',#6333);
#2359=VERTEX_POINT('',#6337);
#2360=VERTEX_POINT('',#6341);
#2361=VERTEX_POINT('',#6345);
#2362=VERTEX_POINT('',#6349);
#2363=VERTEX_POINT('',#6353);
#2364=VERTEX_POINT('',#6357);
#2365=VERTEX_POINT('',#6361);
#2366=VERTEX_POINT('',#6365);
#2367=VERTEX_POINT('',#6369);
#2368=VERTEX_POINT('',#6373);
#2369=VERTEX_POINT('',#6377);
#2370=VERTEX_POINT('',#6381);
#2371=VERTEX_POINT('',#6385);
#2372=VERTEX_POINT('',#6389);
#2373=VERTEX_POINT('',#6393);
#2374=VERTEX_POINT('',#6397);
#2375=VERTEX_POINT('',#6401);
#2376=VERTEX_POINT('',#6405);
#2377=VERTEX_POINT('',#6409);
#2378=VERTEX_POINT('',#6413);
#2379=VERTEX_POINT('',#6417);
#2380=VERTEX_POINT('',#6421);
#2381=VERTEX_POINT('',#6427);
#2382=VERTEX_POINT('',#6429);
#2383=VERTEX_POINT('',#6433);
#2384=VERTEX_POINT('',#6444);
#2385=VERTEX_POINT('',#6450);
#2386=VERTEX_POINT('',#6461);
#2387=VERTEX_POINT('',#6467);
#2388=VERTEX_POINT('',#6471);
#2389=VERTEX_POINT('',#6475);
#2390=VERTEX_POINT('',#6479);
#2391=VERTEX_POINT('',#6483);
#2392=VERTEX_POINT('',#6487);
#2393=VERTEX_POINT('',#6491);
#2394=VERTEX_POINT('',#6495);
#2395=VERTEX_POINT('',#6499);
#2396=VERTEX_POINT('',#6503);
#2397=VERTEX_POINT('',#6507);
#2398=VERTEX_POINT('',#6511);
#2399=VERTEX_POINT('',#6515);
#2400=VERTEX_POINT('',#6519);
#2401=VERTEX_POINT('',#6523);
#2402=VERTEX_POINT('',#6527);
#2403=VERTEX_POINT('',#6540);
#2404=VERTEX_POINT('',#6542);
#2405=VERTEX_POINT('',#6548);
#2406=VERTEX_POINT('',#6559);
#2407=VERTEX_POINT('',#6565);
#2408=VERTEX_POINT('',#6576);
#2409=VERTEX_POINT('',#6582);
#2410=VERTEX_POINT('',#6586);
#2411=VERTEX_POINT('',#6590);
#2412=VERTEX_POINT('',#6601);
#2413=VERTEX_POINT('',#6607);
#2414=VERTEX_POINT('',#6611);
#2415=VERTEX_POINT('',#6615);
#2416=VERTEX_POINT('',#6619);
#2417=VERTEX_POINT('',#6623);
#2418=VERTEX_POINT('',#6634);
#2419=VERTEX_POINT('',#6642);
#2420=VERTEX_POINT('',#6644);
#2421=VERTEX_POINT('',#6648);
#2422=VERTEX_POINT('',#6652);
#2423=VERTEX_POINT('',#6656);
#2424=VERTEX_POINT('',#6660);
#2425=VERTEX_POINT('',#6664);
#2426=VERTEX_POINT('',#6668);
#2427=VERTEX_POINT('',#6672);
#2428=VERTEX_POINT('',#6676);
#2429=VERTEX_POINT('',#6687);
#2430=VERTEX_POINT('',#6693);
#2431=VERTEX_POINT('',#6697);
#2432=VERTEX_POINT('',#6701);
#2433=VERTEX_POINT('',#6705);
#2434=VERTEX_POINT('',#6711);
#2435=VERTEX_POINT('',#6713);
#2436=VERTEX_POINT('',#6724);
#2437=VERTEX_POINT('',#6730);
#2438=VERTEX_POINT('',#6734);
#2439=VERTEX_POINT('',#6738);
#2440=VERTEX_POINT('',#6742);
#2441=VERTEX_POINT('',#6746);
#2442=VERTEX_POINT('',#6750);
#2443=VERTEX_POINT('',#6754);
#2444=VERTEX_POINT('',#6758);
#2445=VERTEX_POINT('',#6762);
#2446=VERTEX_POINT('',#6766);
#2447=VERTEX_POINT('',#6777);
#2448=VERTEX_POINT('',#6783);
#2449=VERTEX_POINT('',#6787);
#2450=VERTEX_POINT('',#6793);
#2451=VERTEX_POINT('',#6795);
#2452=VERTEX_POINT('',#6799);
#2453=VERTEX_POINT('',#6801);
#2454=VERTEX_POINT('',#6805);
#2455=VERTEX_POINT('',#6809);
#2456=VERTEX_POINT('',#6813);
#2457=VERTEX_POINT('',#6817);
#2458=VERTEX_POINT('',#6821);
#2459=VERTEX_POINT('',#6825);
#2460=VERTEX_POINT('',#6834);
#2461=VERTEX_POINT('',#6836);
#2462=VERTEX_POINT('',#6840);
#2463=VERTEX_POINT('',#6844);
#2464=VERTEX_POINT('',#6851);
#2465=VERTEX_POINT('',#6853);
#2466=VERTEX_POINT('',#6857);
#2467=VERTEX_POINT('',#6861);
#2468=LINE('',#5544,#2856);
#2469=LINE('',#5547,#2857);
#2470=LINE('',#5549,#2858);
#2471=LINE('',#5551,#2859);
#2472=LINE('',#5552,#2860);
#2473=LINE('',#5555,#2861);
#2474=LINE('',#5557,#2862);
#2475=LINE('',#5559,#2863);
#2476=LINE('',#5561,#2864);
#2477=LINE('',#5563,#2865);
#2478=LINE('',#5565,#2866);
#2479=LINE('',#5567,#2867);
#2480=LINE('',#5569,#2868);
#2481=LINE('',#5571,#2869);
#2482=LINE('',#5572,#2870);
#2483=LINE('',#5575,#2871);
#2484=LINE('',#5577,#2872);
#2485=LINE('',#5579,#2873);
#2486=LINE('',#5584,#2874);
#2487=LINE('',#5590,#2875);
#2488=LINE('',#5596,#2876);
#2489=LINE('',#5598,#2877);
#2490=LINE('',#5605,#2878);
#2491=LINE('',#5611,#2879);
#2492=LINE('',#5617,#2880);
#2493=LINE('',#5623,#2881);
#2494=LINE('',#5630,#2882);
#2495=LINE('',#5636,#2883);
#2496=LINE('',#5642,#2884);
#2497=LINE('',#5648,#2885);
#2498=LINE('',#5655,#2886);
#2499=LINE('',#5657,#2887);
#2500=LINE('',#5659,#2888);
#2501=LINE('',#5661,#2889);
#2502=LINE('',#5668,#2890);
#2503=LINE('',#5669,#2891);
#2504=LINE('',#5673,#2892);
#2505=LINE('',#5675,#2893);
#2506=LINE('',#5677,#2894);
#2507=LINE('',#5681,#2895);
#2508=LINE('',#5685,#2896);
#2509=LINE('',#5687,#2897);
#2510=LINE('',#5689,#2898);
#2511=LINE('',#5691,#2899);
#2512=LINE('',#5693,#2900);
#2513=LINE('',#5697,#2901);
#2514=LINE('',#5701,#2902);
#2515=LINE('',#5703,#2903);
#2516=LINE('',#5708,#2904);
#2517=LINE('',#5709,#2905);
#2518=LINE('',#5713,#2906);
#2519=LINE('',#5715,#2907);
#2520=LINE('',#5717,#2908);
#2521=LINE('',#5721,#2909);
#2522=LINE('',#5725,#2910);
#2523=LINE('',#5727,#2911);
#2524=LINE('',#5729,#2912);
#2525=LINE('',#5733,#2913);
#2526=LINE('',#5737,#2914);
#2527=LINE('',#5739,#2915);
#2528=LINE('',#5741,#2916);
#2529=LINE('',#5745,#2917);
#2530=LINE('',#5749,#2918);
#2531=LINE('',#5751,#2919);
#2532=LINE('',#5756,#2920);
#2533=LINE('',#5757,#2921);
#2534=LINE('',#5761,#2922);
#2535=LINE('',#5763,#2923);
#2536=LINE('',#5765,#2924);
#2537=LINE('',#5769,#2925);
#2538=LINE('',#5773,#2926);
#2539=LINE('',#5775,#2927);
#2540=LINE('',#5777,#2928);
#2541=LINE('',#5781,#2929);
#2542=LINE('',#5785,#2930);
#2543=LINE('',#5787,#2931);
#2544=LINE('',#5789,#2932);
#2545=LINE('',#5793,#2933);
#2546=LINE('',#5797,#2934);
#2547=LINE('',#5799,#2935);
#2548=LINE('',#5801,#2936);
#2549=LINE('',#5804,#2937);
#2550=LINE('',#5805,#2938);
#2551=LINE('',#5807,#2939);
#2552=LINE('',#5809,#2940);
#2553=LINE('',#5811,#2941);
#2554=LINE('',#5813,#2942);
#2555=LINE('',#5817,#2943);
#2556=LINE('',#5821,#2944);
#2557=LINE('',#5823,#2945);
#2558=LINE('',#5825,#2946);
#2559=LINE('',#5828,#2947);
#2560=LINE('',#5830,#2948);
#2561=LINE('',#5832,#2949);
#2562=LINE('',#5834,#2950);
#2563=LINE('',#5836,#2951);
#2564=LINE('',#5838,#2952);
#2565=LINE('',#5840,#2953);
#2566=LINE('',#5842,#2954);
#2567=LINE('',#5844,#2955);
#2568=LINE('',#5846,#2956);
#2569=LINE('',#5848,#2957);
#2570=LINE('',#5861,#2958);
#2571=LINE('',#5869,#2959);
#2572=LINE('',#5877,#2960);
#2573=LINE('',#5885,#2961);
#2574=LINE('',#5891,#2962);
#2575=LINE('',#5897,#2963);
#2576=LINE('',#5899,#2964);
#2577=LINE('',#5901,#2965);
#2578=LINE('',#5903,#2966);
#2579=LINE('',#5906,#2967);
#2580=LINE('',#5912,#2968);
#2581=LINE('',#5918,#2969);
#2582=LINE('',#5924,#2970);
#2583=LINE('',#5926,#2971);
#2584=LINE('',#5928,#2972);
#2585=LINE('',#5936,#2973);
#2586=LINE('',#5944,#2974);
#2587=LINE('',#5952,#2975);
#2588=LINE('',#5958,#2976);
#2589=LINE('',#5964,#2977);
#2590=LINE('',#5966,#2978);
#2591=LINE('',#5968,#2979);
#2592=LINE('',#5970,#2980);
#2593=LINE('',#5973,#2981);
#2594=LINE('',#5983,#2982);
#2595=LINE('',#5993,#2983);
#2596=LINE('',#6001,#2984);
#2597=LINE('',#6009,#2985);
#2598=LINE('',#6011,#2986);
#2599=LINE('',#6017,#2987);
#2600=LINE('',#6024,#2988);
#2601=LINE('',#6036,#2989);
#2602=LINE('',#6046,#2990);
#2603=LINE('',#6056,#2991);
#2604=LINE('',#6062,#2992);
#2605=LINE('',#6065,#2993);
#2606=LINE('',#6067,#2994);
#2607=LINE('',#6073,#2995);
#2608=LINE('',#6079,#2996);
#2609=LINE('',#6081,#2997);
#2610=LINE('',#6083,#2998);
#2611=LINE('',#6093,#2999);
#2612=LINE('',#6098,#3000);
#2613=LINE('',#6100,#3001);
#2614=LINE('',#6110,#3002);
#2615=LINE('',#6112,#3003);
#2616=LINE('',#6114,#3004);
#2617=LINE('',#6120,#3005);
#2618=LINE('',#6122,#3006);
#2619=LINE('',#6124,#3007);
#2620=LINE('',#6132,#3008);
#2621=LINE('',#6134,#3009);
#2622=LINE('',#6136,#3010);
#2623=LINE('',#6138,#3011);
#2624=LINE('',#6140,#3012);
#2625=LINE('',#6142,#3013);
#2626=LINE('',#6144,#3014);
#2627=LINE('',#6146,#3015);
#2628=LINE('',#6148,#3016);
#2629=LINE('',#6150,#3017);
#2630=LINE('',#6152,#3018);
#2631=LINE('',#6154,#3019);
#2632=LINE('',#6156,#3020);
#2633=LINE('',#6158,#3021);
#2634=LINE('',#6160,#3022);
#2635=LINE('',#6162,#3023);
#2636=LINE('',#6164,#3024);
#2637=LINE('',#6166,#3025);
#2638=LINE('',#6168,#3026);
#2639=LINE('',#6170,#3027);
#2640=LINE('',#6172,#3028);
#2641=LINE('',#6174,#3029);
#2642=LINE('',#6176,#3030);
#2643=LINE('',#6178,#3031);
#2644=LINE('',#6187,#3032);
#2645=LINE('',#6189,#3033);
#2646=LINE('',#6195,#3034);
#2647=LINE('',#6206,#3035);
#2648=LINE('',#6212,#3036);
#2649=LINE('',#6214,#3037);
#2650=LINE('',#6216,#3038);
#2651=LINE('',#6220,#3039);
#2652=LINE('',#6224,#3040);
#2653=LINE('',#6228,#3041);
#2654=LINE('',#6230,#3042);
#2655=LINE('',#6232,#3043);
#2656=LINE('',#6236,#3044);
#2657=LINE('',#6240,#3045);
#2658=LINE('',#6244,#3046);
#2659=LINE('',#6246,#3047);
#2660=LINE('',#6248,#3048);
#2661=LINE('',#6252,#3049);
#2662=LINE('',#6256,#3050);
#2663=LINE('',#6260,#3051);
#2664=LINE('',#6262,#3052);
#2665=LINE('',#6264,#3053);
#2666=LINE('',#6268,#3054);
#2667=LINE('',#6272,#3055);
#2668=LINE('',#6274,#3056);
#2669=LINE('',#6276,#3057);
#2670=LINE('',#6280,#3058);
#2671=LINE('',#6284,#3059);
#2672=LINE('',#6286,#3060);
#2673=LINE('',#6288,#3061);
#2674=LINE('',#6290,#3062);
#2675=LINE('',#6292,#3063);
#2676=LINE('',#6294,#3064);
#2677=LINE('',#6296,#3065);
#2678=LINE('',#6298,#3066);
#2679=LINE('',#6300,#3067);
#2680=LINE('',#6302,#3068);
#2681=LINE('',#6304,#3069);
#2682=LINE('',#6308,#3070);
#2683=LINE('',#6312,#3071);
#2684=LINE('',#6314,#3072);
#2685=LINE('',#6316,#3073);
#2686=LINE('',#6320,#3074);
#2687=LINE('',#6324,#3075);
#2688=LINE('',#6326,#3076);
#2689=LINE('',#6328,#3077);
#2690=LINE('',#6332,#3078);
#2691=LINE('',#6336,#3079);
#2692=LINE('',#6338,#3080);
#2693=LINE('',#6340,#3081);
#2694=LINE('',#6342,#3082);
#2695=LINE('',#6344,#3083);
#2696=LINE('',#6346,#3084);
#2697=LINE('',#6348,#3085);
#2698=LINE('',#6352,#3086);
#2699=LINE('',#6356,#3087);
#2700=LINE('',#6360,#3088);
#2701=LINE('',#6362,#3089);
#2702=LINE('',#6364,#3090);
#2703=LINE('',#6368,#3091);
#2704=LINE('',#6372,#3092);
#2705=LINE('',#6376,#3093);
#2706=LINE('',#6378,#3094);
#2707=LINE('',#6380,#3095);
#2708=LINE('',#6384,#3096);
#2709=LINE('',#6388,#3097);
#2710=LINE('',#6392,#3098);
#2711=LINE('',#6394,#3099);
#2712=LINE('',#6396,#3100);
#2713=LINE('',#6400,#3101);
#2714=LINE('',#6404,#3102);
#2715=LINE('',#6406,#3103);
#2716=LINE('',#6408,#3104);
#2717=LINE('',#6412,#3105);
#2718=LINE('',#6416,#3106);
#2719=LINE('',#6418,#3107);
#2720=LINE('',#6420,#3108);
#2721=LINE('',#6422,#3109);
#2722=LINE('',#6424,#3110);
#2723=LINE('',#6426,#3111);
#2724=LINE('',#6428,#3112);
#2725=LINE('',#6432,#3113);
#2726=LINE('',#6443,#3114);
#2727=LINE('',#6449,#3115);
#2728=LINE('',#6451,#3116);
#2729=LINE('',#6460,#3117);
#2730=LINE('',#6466,#3118);
#2731=LINE('',#6470,#3119);
#2732=LINE('',#6474,#3120);
#2733=LINE('',#6476,#3121);
#2734=LINE('',#6478,#3122);
#2735=LINE('',#6482,#3123);
#2736=LINE('',#6486,#3124);
#2737=LINE('',#6490,#3125);
#2738=LINE('',#6492,#3126);
#2739=LINE('',#6494,#3127);
#2740=LINE('',#6498,#3128);
#2741=LINE('',#6502,#3129);
#2742=LINE('',#6506,#3130);
#2743=LINE('',#6508,#3131);
#2744=LINE('',#6510,#3132);
#2745=LINE('',#6512,#3133);
#2746=LINE('',#6514,#3134);
#2747=LINE('',#6518,#3135);
#2748=LINE('',#6522,#3136);
#2749=LINE('',#6524,#3137);
#2750=LINE('',#6526,#3138);
#2751=LINE('',#6528,#3139);
#2752=LINE('',#6530,#3140);
#2753=LINE('',#6539,#3141);
#2754=LINE('',#6541,#3142);
#2755=LINE('',#6547,#3143);
#2756=LINE('',#6558,#3144);
#2757=LINE('',#6564,#3145);
#2758=LINE('',#6566,#3146);
#2759=LINE('',#6575,#3147);
#2760=LINE('',#6581,#3148);
#2761=LINE('',#6585,#3149);
#2762=LINE('',#6589,#3150);
#2763=LINE('',#6591,#3151);
#2764=LINE('',#6600,#3152);
#2765=LINE('',#6606,#3153);
#2766=LINE('',#6610,#3154);
#2767=LINE('',#6614,#3155);
#2768=LINE('',#6616,#3156);
#2769=LINE('',#6618,#3157);
#2770=LINE('',#6622,#3158);
#2771=LINE('',#6633,#3159);
#2772=LINE('',#6639,#3160);
#2773=LINE('',#6641,#3161);
#2774=LINE('',#6643,#3162);
#2775=LINE('',#6645,#3163);
#2776=LINE('',#6647,#3164);
#2777=LINE('',#6651,#3165);
#2778=LINE('',#6655,#3166);
#2779=LINE('',#6657,#3167);
#2780=LINE('',#6659,#3168);
#2781=LINE('',#6663,#3169);
#2782=LINE('',#6667,#3170);
#2783=LINE('',#6669,#3171);
#2784=LINE('',#6671,#3172);
#2785=LINE('',#6673,#3173);
#2786=LINE('',#6675,#3174);
#2787=LINE('',#6677,#3175);
#2788=LINE('',#6686,#3176);
#2789=LINE('',#6692,#3177);
#2790=LINE('',#6696,#3178);
#2791=LINE('',#6700,#3179);
#2792=LINE('',#6702,#3180);
#2793=LINE('',#6704,#3181);
#2794=LINE('',#6706,#3182);
#2795=LINE('',#6708,#3183);
#2796=LINE('',#6710,#3184);
#2797=LINE('',#6712,#3185);
#2798=LINE('',#6714,#3186);
#2799=LINE('',#6723,#3187);
#2800=LINE('',#6729,#3188);
#2801=LINE('',#6733,#3189);
#2802=LINE('',#6737,#3190);
#2803=LINE('',#6739,#3191);
#2804=LINE('',#6741,#3192);
#2805=LINE('',#6743,#3193);
#2806=LINE('',#6745,#3194);
#2807=LINE('',#6747,#3195);
#2808=LINE('',#6749,#3196);
#2809=LINE('',#6753,#3197);
#2810=LINE('',#6757,#3198);
#2811=LINE('',#6759,#3199);
#2812=LINE('',#6761,#3200);
#2813=LINE('',#6763,#3201);
#2814=LINE('',#6765,#3202);
#2815=LINE('',#6767,#3203);
#2816=LINE('',#6776,#3204);
#2817=LINE('',#6782,#3205);
#2818=LINE('',#6786,#3206);
#2819=LINE('',#6790,#3207);
#2820=LINE('',#6792,#3208);
#2821=LINE('',#6794,#3209);
#2822=LINE('',#6796,#3210);
#2823=LINE('',#6798,#3211);
#2824=LINE('',#6800,#3212);
#2825=LINE('',#6802,#3213);
#2826=LINE('',#6804,#3214);
#2827=LINE('',#6806,#3215);
#2828=LINE('',#6808,#3216);
#2829=LINE('',#6810,#3217);
#2830=LINE('',#6812,#3218);
#2831=LINE('',#6814,#3219);
#2832=LINE('',#6816,#3220);
#2833=LINE('',#6818,#3221);
#2834=LINE('',#6820,#3222);
#2835=LINE('',#6822,#3223);
#2836=LINE('',#6824,#3224);
#2837=LINE('',#6826,#3225);
#2838=LINE('',#6828,#3226);
#2839=LINE('',#6829,#3227);
#2840=LINE('',#6833,#3228);
#2841=LINE('',#6835,#3229);
#2842=LINE('',#6837,#3230);
#2843=LINE('',#6839,#3231);
#2844=LINE('',#6841,#3232);
#2845=LINE('',#6843,#3233);
#2846=LINE('',#6845,#3234);
#2847=LINE('',#6847,#3235);
#2848=LINE('',#6850,#3236);
#2849=LINE('',#6852,#3237);
#2850=LINE('',#6854,#3238);
#2851=LINE('',#6856,#3239);
#2852=LINE('',#6858,#3240);
#2853=LINE('',#6860,#3241);
#2854=LINE('',#6862,#3242);
#2855=LINE('',#6864,#3243);
#2856=VECTOR('',#4406,1.);
#2857=VECTOR('',#4407,1.);
#2858=VECTOR('',#4408,1.);
#2859=VECTOR('',#4409,1.);
#2860=VECTOR('',#4410,1.);
#2861=VECTOR('',#4411,1.);
#2862=VECTOR('',#4412,1.);
#2863=VECTOR('',#4413,1.);
#2864=VECTOR('',#4414,1.);
#2865=VECTOR('',#4415,1.);
#2866=VECTOR('',#4416,1.);
#2867=VECTOR('',#4417,1.);
#2868=VECTOR('',#4418,1.);
#2869=VECTOR('',#4419,1.);
#2870=VECTOR('',#4420,1.);
#2871=VECTOR('',#4421,1.);
#2872=VECTOR('',#4422,1.);
#2873=VECTOR('',#4423,1.);
#2874=VECTOR('',#4428,1.);
#2875=VECTOR('',#4433,1.);
#2876=VECTOR('',#4438,1.);
#2877=VECTOR('',#4439,1.);
#2878=VECTOR('',#4446,1.);
#2879=VECTOR('',#4451,1.);
#2880=VECTOR('',#4456,1.);
#2881=VECTOR('',#4461,1.);
#2882=VECTOR('',#4468,1.);
#2883=VECTOR('',#4473,1.);
#2884=VECTOR('',#4478,1.);
#2885=VECTOR('',#4483,1.);
#2886=VECTOR('',#4490,1.);
#2887=VECTOR('',#4491,1.);
#2888=VECTOR('',#4492,1.);
#2889=VECTOR('',#4493,1.);
#2890=VECTOR('',#4500,1.);
#2891=VECTOR('',#4501,1.);
#2892=VECTOR('',#4506,1.);
#2893=VECTOR('',#4509,1.);
#2894=VECTOR('',#4510,1.);
#2895=VECTOR('',#4515,1.);
#2896=VECTOR('',#4520,1.);
#2897=VECTOR('',#4523,1.);
#2898=VECTOR('',#4524,1.);
#2899=VECTOR('',#4527,1.);
#2900=VECTOR('',#4528,1.);
#2901=VECTOR('',#4533,1.);
#2902=VECTOR('',#4538,1.);
#2903=VECTOR('',#4541,1.);
#2904=VECTOR('',#4546,1.);
#2905=VECTOR('',#4547,1.);
#2906=VECTOR('',#4552,1.);
#2907=VECTOR('',#4555,1.);
#2908=VECTOR('',#4556,1.);
#2909=VECTOR('',#4561,1.);
#2910=VECTOR('',#4566,1.);
#2911=VECTOR('',#4569,1.);
#2912=VECTOR('',#4570,1.);
#2913=VECTOR('',#4575,1.);
#2914=VECTOR('',#4580,1.);
#2915=VECTOR('',#4583,1.);
#2916=VECTOR('',#4584,1.);
#2917=VECTOR('',#4589,1.);
#2918=VECTOR('',#4594,1.);
#2919=VECTOR('',#4597,1.);
#2920=VECTOR('',#4602,1.);
#2921=VECTOR('',#4603,1.);
#2922=VECTOR('',#4608,1.);
#2923=VECTOR('',#4611,1.);
#2924=VECTOR('',#4612,1.);
#2925=VECTOR('',#4617,1.);
#2926=VECTOR('',#4622,1.);
#2927=VECTOR('',#4625,1.);
#2928=VECTOR('',#4626,1.);
#2929=VECTOR('',#4631,1.);
#2930=VECTOR('',#4636,1.);
#2931=VECTOR('',#4639,1.);
#2932=VECTOR('',#4640,1.);
#2933=VECTOR('',#4645,1.);
#2934=VECTOR('',#4650,1.);
#2935=VECTOR('',#4653,1.);
#2936=VECTOR('',#4656,1.);
#2937=VECTOR('',#4657,1.);
#2938=VECTOR('',#4658,1.);
#2939=VECTOR('',#4661,1.);
#2940=VECTOR('',#4662,1.);
#2941=VECTOR('',#4665,1.);
#2942=VECTOR('',#4666,1.);
#2943=VECTOR('',#4671,1.);
#2944=VECTOR('',#4676,1.);
#2945=VECTOR('',#4679,1.);
#2946=VECTOR('',#4682,1.);
#2947=VECTOR('',#4683,1.);
#2948=VECTOR('',#4684,1.);
#2949=VECTOR('',#4685,1.);
#2950=VECTOR('',#4686,1.);
#2951=VECTOR('',#4687,1.);
#2952=VECTOR('',#4688,1.);
#2953=VECTOR('',#4689,1.);
#2954=VECTOR('',#4690,1.);
#2955=VECTOR('',#4691,1.);
#2956=VECTOR('',#4692,1.);
#2957=VECTOR('',#4693,1.);
#2958=VECTOR('',#4698,1.);
#2959=VECTOR('',#4705,1.);
#2960=VECTOR('',#4712,1.);
#2961=VECTOR('',#4719,1.);
#2962=VECTOR('',#4724,1.);
#2963=VECTOR('',#4729,1.);
#2964=VECTOR('',#4730,1.);
#2965=VECTOR('',#4731,1.);
#2966=VECTOR('',#4734,1.);
#2967=VECTOR('',#4735,1.);
#2968=VECTOR('',#4740,1.);
#2969=VECTOR('',#4745,1.);
#2970=VECTOR('',#4750,1.);
#2971=VECTOR('',#4751,1.);
#2972=VECTOR('',#4752,1.);
#2973=VECTOR('',#4759,1.);
#2974=VECTOR('',#4766,1.);
#2975=VECTOR('',#4773,1.);
#2976=VECTOR('',#4778,1.);
#2977=VECTOR('',#4783,1.);
#2978=VECTOR('',#4784,1.);
#2979=VECTOR('',#4785,1.);
#2980=VECTOR('',#4788,1.);
#2981=VECTOR('',#4789,1.);
#2982=VECTOR('',#4794,1.);
#2983=VECTOR('',#4799,1.);
#2984=VECTOR('',#4806,1.);
#2985=VECTOR('',#4813,1.);
#2986=VECTOR('',#4814,1.);
#2987=VECTOR('',#4819,1.);
#2988=VECTOR('',#4822,1.);
#2989=VECTOR('',#4825,1.);
#2990=VECTOR('',#4830,1.);
#2991=VECTOR('',#4835,1.);
#2992=VECTOR('',#4842,1.);
#2993=VECTOR('',#4843,1.);
#2994=VECTOR('',#4844,1.);
#2995=VECTOR('',#4849,1.);
#2996=VECTOR('',#4854,1.);
#2997=VECTOR('',#4855,1.);
#2998=VECTOR('',#4856,1.);
#2999=VECTOR('',#4861,1.);
#3000=VECTOR('',#4866,1.);
#3001=VECTOR('',#4867,1.);
#3002=VECTOR('',#4872,1.);
#3003=VECTOR('',#4873,1.);
#3004=VECTOR('',#4874,1.);
#3005=VECTOR('',#4879,1.);
#3006=VECTOR('',#4880,1.);
#3007=VECTOR('',#4881,1.);
#3008=VECTOR('',#4886,1.);
#3009=VECTOR('',#4887,1.);
#3010=VECTOR('',#4888,1.);
#3011=VECTOR('',#4891,1.);
#3012=VECTOR('',#4892,1.);
#3013=VECTOR('',#4895,1.);
#3014=VECTOR('',#4896,1.);
#3015=VECTOR('',#4899,1.);
#3016=VECTOR('',#4900,1.);
#3017=VECTOR('',#4903,1.);
#3018=VECTOR('',#4904,1.);
#3019=VECTOR('',#4907,1.);
#3020=VECTOR('',#4908,1.);
#3021=VECTOR('',#4911,1.);
#3022=VECTOR('',#4912,1.);
#3023=VECTOR('',#4915,1.);
#3024=VECTOR('',#4916,1.);
#3025=VECTOR('',#4919,1.);
#3026=VECTOR('',#4920,1.);
#3027=VECTOR('',#4923,1.);
#3028=VECTOR('',#4924,1.);
#3029=VECTOR('',#4927,1.);
#3030=VECTOR('',#4928,1.);
#3031=VECTOR('',#4931,1.);
#3032=VECTOR('',#4932,1.);
#3033=VECTOR('',#4933,1.);
#3034=VECTOR('',#4936,1.);
#3035=VECTOR('',#4939,1.);
#3036=VECTOR('',#4942,1.);
#3037=VECTOR('',#4943,1.);
#3038=VECTOR('',#4946,1.);
#3039=VECTOR('',#4951,1.);
#3040=VECTOR('',#4956,1.);
#3041=VECTOR('',#4961,1.);
#3042=VECTOR('',#4962,1.);
#3043=VECTOR('',#4965,1.);
#3044=VECTOR('',#4970,1.);
#3045=VECTOR('',#4975,1.);
#3046=VECTOR('',#4980,1.);
#3047=VECTOR('',#4981,1.);
#3048=VECTOR('',#4984,1.);
#3049=VECTOR('',#4989,1.);
#3050=VECTOR('',#4994,1.);
#3051=VECTOR('',#4999,1.);
#3052=VECTOR('',#5000,1.);
#3053=VECTOR('',#5003,1.);
#3054=VECTOR('',#5008,1.);
#3055=VECTOR('',#5013,1.);
#3056=VECTOR('',#5014,1.);
#3057=VECTOR('',#5017,1.);
#3058=VECTOR('',#5022,1.);
#3059=VECTOR('',#5027,1.);
#3060=VECTOR('',#5028,1.);
#3061=VECTOR('',#5031,1.);
#3062=VECTOR('',#5032,1.);
#3063=VECTOR('',#5035,1.);
#3064=VECTOR('',#5038,1.);
#3065=VECTOR('',#5039,1.);
#3066=VECTOR('',#5040,1.);
#3067=VECTOR('',#5043,1.);
#3068=VECTOR('',#5044,1.);
#3069=VECTOR('',#5047,1.);
#3070=VECTOR('',#5052,1.);
#3071=VECTOR('',#5057,1.);
#3072=VECTOR('',#5058,1.);
#3073=VECTOR('',#5061,1.);
#3074=VECTOR('',#5066,1.);
#3075=VECTOR('',#5071,1.);
#3076=VECTOR('',#5072,1.);
#3077=VECTOR('',#5075,1.);
#3078=VECTOR('',#5080,1.);
#3079=VECTOR('',#5085,1.);
#3080=VECTOR('',#5086,1.);
#3081=VECTOR('',#5089,1.);
#3082=VECTOR('',#5090,1.);
#3083=VECTOR('',#5093,1.);
#3084=VECTOR('',#5094,1.);
#3085=VECTOR('',#5097,1.);
#3086=VECTOR('',#5102,1.);
#3087=VECTOR('',#5107,1.);
#3088=VECTOR('',#5112,1.);
#3089=VECTOR('',#5113,1.);
#3090=VECTOR('',#5116,1.);
#3091=VECTOR('',#5121,1.);
#3092=VECTOR('',#5126,1.);
#3093=VECTOR('',#5131,1.);
#3094=VECTOR('',#5132,1.);
#3095=VECTOR('',#5135,1.);
#3096=VECTOR('',#5140,1.);
#3097=VECTOR('',#5145,1.);
#3098=VECTOR('',#5150,1.);
#3099=VECTOR('',#5151,1.);
#3100=VECTOR('',#5154,1.);
#3101=VECTOR('',#5159,1.);
#3102=VECTOR('',#5164,1.);
#3103=VECTOR('',#5165,1.);
#3104=VECTOR('',#5168,1.);
#3105=VECTOR('',#5173,1.);
#3106=VECTOR('',#5178,1.);
#3107=VECTOR('',#5179,1.);
#3108=VECTOR('',#5182,1.);
#3109=VECTOR('',#5183,1.);
#3110=VECTOR('',#5186,1.);
#3111=VECTOR('',#5189,1.);
#3112=VECTOR('',#5190,1.);
#3113=VECTOR('',#5195,1.);
#3114=VECTOR('',#5198,1.);
#3115=VECTOR('',#5201,1.);
#3116=VECTOR('',#5202,1.);
#3117=VECTOR('',#5203,1.);
#3118=VECTOR('',#5206,1.);
#3119=VECTOR('',#5211,1.);
#3120=VECTOR('',#5216,1.);
#3121=VECTOR('',#5217,1.);
#3122=VECTOR('',#5220,1.);
#3123=VECTOR('',#5225,1.);
#3124=VECTOR('',#5230,1.);
#3125=VECTOR('',#5235,1.);
#3126=VECTOR('',#5236,1.);
#3127=VECTOR('',#5239,1.);
#3128=VECTOR('',#5244,1.);
#3129=VECTOR('',#5249,1.);
#3130=VECTOR('',#5254,1.);
#3131=VECTOR('',#5255,1.);
#3132=VECTOR('',#5258,1.);
#3133=VECTOR('',#5259,1.);
#3134=VECTOR('',#5262,1.);
#3135=VECTOR('',#5267,1.);
#3136=VECTOR('',#5272,1.);
#3137=VECTOR('',#5273,1.);
#3138=VECTOR('',#5276,1.);
#3139=VECTOR('',#5277,1.);
#3140=VECTOR('',#5280,1.);
#3141=VECTOR('',#5281,1.);
#3142=VECTOR('',#5282,1.);
#3143=VECTOR('',#5285,1.);
#3144=VECTOR('',#5288,1.);
#3145=VECTOR('',#5291,1.);
#3146=VECTOR('',#5292,1.);
#3147=VECTOR('',#5293,1.);
#3148=VECTOR('',#5296,1.);
#3149=VECTOR('',#5301,1.);
#3150=VECTOR('',#5306,1.);
#3151=VECTOR('',#5307,1.);
#3152=VECTOR('',#5308,1.);
#3153=VECTOR('',#5311,1.);
#3154=VECTOR('',#5316,1.);
#3155=VECTOR('',#5321,1.);
#3156=VECTOR('',#5322,1.);
#3157=VECTOR('',#5325,1.);
#3158=VECTOR('',#5330,1.);
#3159=VECTOR('',#5333,1.);
#3160=VECTOR('',#5336,1.);
#3161=VECTOR('',#5339,1.);
#3162=VECTOR('',#5340,1.);
#3163=VECTOR('',#5341,1.);
#3164=VECTOR('',#5344,1.);
#3165=VECTOR('',#5349,1.);
#3166=VECTOR('',#5354,1.);
#3167=VECTOR('',#5355,1.);
#3168=VECTOR('',#5358,1.);
#3169=VECTOR('',#5363,1.);
#3170=VECTOR('',#5368,1.);
#3171=VECTOR('',#5369,1.);
#3172=VECTOR('',#5372,1.);
#3173=VECTOR('',#5373,1.);
#3174=VECTOR('',#5376,1.);
#3175=VECTOR('',#5377,1.);
#3176=VECTOR('',#5378,1.);
#3177=VECTOR('',#5381,1.);
#3178=VECTOR('',#5386,1.);
#3179=VECTOR('',#5391,1.);
#3180=VECTOR('',#5392,1.);
#3181=VECTOR('',#5395,1.);
#3182=VECTOR('',#5396,1.);
#3183=VECTOR('',#5399,1.);
#3184=VECTOR('',#5402,1.);
#3185=VECTOR('',#5403,1.);
#3186=VECTOR('',#5404,1.);
#3187=VECTOR('',#5405,1.);
#3188=VECTOR('',#5408,1.);
#3189=VECTOR('',#5413,1.);
#3190=VECTOR('',#5418,1.);
#3191=VECTOR('',#5419,1.);
#3192=VECTOR('',#5422,1.);
#3193=VECTOR('',#5423,1.);
#3194=VECTOR('',#5426,1.);
#3195=VECTOR('',#5427,1.);
#3196=VECTOR('',#5430,1.);
#3197=VECTOR('',#5435,1.);
#3198=VECTOR('',#5440,1.);
#3199=VECTOR('',#5441,1.);
#3200=VECTOR('',#5444,1.);
#3201=VECTOR('',#5445,1.);
#3202=VECTOR('',#5448,1.);
#3203=VECTOR('',#5449,1.);
#3204=VECTOR('',#5450,1.);
#3205=VECTOR('',#5453,1.);
#3206=VECTOR('',#5458,1.);
#3207=VECTOR('',#5463,1.);
#3208=VECTOR('',#5466,1.);
#3209=VECTOR('',#5467,1.);
#3210=VECTOR('',#5468,1.);
#3211=VECTOR('',#5471,1.);
#3212=VECTOR('',#5472,1.);
#3213=VECTOR('',#5473,1.);
#3214=VECTOR('',#5476,1.);
#3215=VECTOR('',#5477,1.);
#3216=VECTOR('',#5480,1.);
#3217=VECTOR('',#5481,1.);
#3218=VECTOR('',#5484,1.);
#3219=VECTOR('',#5485,1.);
#3220=VECTOR('',#5488,1.);
#3221=VECTOR('',#5489,1.);
#3222=VECTOR('',#5492,1.);
#3223=VECTOR('',#5493,1.);
#3224=VECTOR('',#5496,1.);
#3225=VECTOR('',#5497,1.);
#3226=VECTOR('',#5500,1.);
#3227=VECTOR('',#5501,1.);
#3228=VECTOR('',#5508,1.);
#3229=VECTOR('',#5509,1.);
#3230=VECTOR('',#5510,1.);
#3231=VECTOR('',#5513,1.);
#3232=VECTOR('',#5514,1.);
#3233=VECTOR('',#5517,1.);
#3234=VECTOR('',#5518,1.);
#3235=VECTOR('',#5521,1.);
#3236=VECTOR('',#5526,1.);
#3237=VECTOR('',#5527,1.);
#3238=VECTOR('',#5528,1.);
#3239=VECTOR('',#5531,1.);
#3240=VECTOR('',#5532,1.);
#3241=VECTOR('',#5535,1.);
#3242=VECTOR('',#5536,1.);
#3243=VECTOR('',#5539,1.);
#3244=EDGE_LOOP('',(#312,#313,#314,#315));
#3245=EDGE_LOOP('',(#316,#317,#318,#319,#320,#321,#322,#323,#324,#325));
#3246=EDGE_LOOP('',(#326,#327,#328,#329));
#3247=EDGE_LOOP('',(#330,#331,#332,#333,#334,#335,#336,#337,#338,#339));
#3248=EDGE_LOOP('',(#340,#341,#342,#343,#344,#345,#346,#347,#348,#349,#350,
#351));
#3249=EDGE_LOOP('',(#352,#353,#354,#355,#356,#357,#358,#359,#360,#361,#362,
#363));
#3250=EDGE_LOOP('',(#364,#365,#366,#367,#368,#369));
#3251=EDGE_LOOP('',(#370,#371,#372,#373));
#3252=EDGE_LOOP('',(#374,#375,#376,#377));
#3253=EDGE_LOOP('',(#378,#379,#380,#381));
#3254=EDGE_LOOP('',(#382,#383,#384,#385));
#3255=EDGE_LOOP('',(#386,#387,#388,#389));
#3256=EDGE_LOOP('',(#390,#391,#392,#393));
#3257=EDGE_LOOP('',(#394,#395,#396,#397));
#3258=EDGE_LOOP('',(#398,#399,#400,#401));
#3259=EDGE_LOOP('',(#402,#403,#404,#405));
#3260=EDGE_LOOP('',(#406,#407,#408,#409));
#3261=EDGE_LOOP('',(#410,#411,#412,#413));
#3262=EDGE_LOOP('',(#414,#415,#416,#417));
#3263=EDGE_LOOP('',(#418,#419,#420,#421));
#3264=EDGE_LOOP('',(#422,#423,#424,#425));
#3265=EDGE_LOOP('',(#426,#427,#428,#429));
#3266=EDGE_LOOP('',(#430,#431,#432,#433));
#3267=EDGE_LOOP('',(#434,#435,#436,#437));
#3268=EDGE_LOOP('',(#438,#439,#440,#441));
#3269=EDGE_LOOP('',(#442,#443,#444,#445));
#3270=EDGE_LOOP('',(#446,#447,#448,#449));
#3271=EDGE_LOOP('',(#450,#451,#452,#453));
#3272=EDGE_LOOP('',(#454,#455,#456,#457));
#3273=EDGE_LOOP('',(#458,#459,#460,#461));
#3274=EDGE_LOOP('',(#462,#463,#464,#465));
#3275=EDGE_LOOP('',(#466,#467,#468,#469));
#3276=EDGE_LOOP('',(#470,#471,#472,#473));
#3277=EDGE_LOOP('',(#474,#475,#476,#477));
#3278=EDGE_LOOP('',(#478,#479,#480,#481));
#3279=EDGE_LOOP('',(#482,#483,#484,#485));
#3280=EDGE_LOOP('',(#486,#487,#488,#489));
#3281=EDGE_LOOP('',(#490,#491,#492,#493));
#3282=EDGE_LOOP('',(#494,#495,#496,#497));
#3283=EDGE_LOOP('',(#498,#499,#500,#501));
#3284=EDGE_LOOP('',(#502,#503,#504,#505));
#3285=EDGE_LOOP('',(#506,#507,#508,#509));
#3286=EDGE_LOOP('',(#510,#511,#512,#513));
#3287=EDGE_LOOP('',(#514,#515,#516,#517));
#3288=EDGE_LOOP('',(#518,#519,#520,#521));
#3289=EDGE_LOOP('',(#522,#523,#524,#525));
#3290=EDGE_LOOP('',(#526,#527,#528,#529));
#3291=EDGE_LOOP('',(#530,#531,#532,#533,#534,#535,#536,#537,#538,#539,#540,
#541));
#3292=EDGE_LOOP('',(#542,#543,#544,#545,#546,#547,#548,#549,#550,#551,#552,
#553,#554,#555,#556,#557,#558,#559,#560,#561,#562,#563,#564,#565));
#3293=EDGE_LOOP('',(#566,#567,#568,#569,#570,#571,#572,#573,#574,#575));
#3294=EDGE_LOOP('',(#576,#577,#578,#579,#580,#581,#582,#583,#584,#585,#586,
#587,#588,#589,#590,#591,#592,#593,#594,#595,#596,#597,#598,#599,#600,#601,
#602,#603,#604,#605,#606,#607,#608));
#3295=EDGE_LOOP('',(#609,#610,#611,#612,#613,#614,#615,#616,#617,#618,#619,
#620,#621,#622,#623,#624,#625,#626,#627,#628,#629,#630));
#3296=EDGE_LOOP('',(#631,#632,#633,#634,#635,#636,#637,#638,#639,#640,#641,
#642));
#3297=EDGE_LOOP('',(#643,#644,#645,#646,#647,#648,#649,#650,#651,#652,#653,
#654,#655,#656,#657,#658));
#3298=EDGE_LOOP('',(#659,#660,#661,#662,#663,#664,#665,#666,#667,#668,#669,
#670));
#3299=EDGE_LOOP('',(#671,#672,#673,#674,#675,#676,#677,#678,#679,#680,#681,
#682,#683,#684,#685));
#3300=EDGE_LOOP('',(#686,#687,#688,#689,#690,#691,#692,#693,#694,#695,#696,
#697,#698,#699,#700,#701));
#3301=EDGE_LOOP('',(#702,#703,#704,#705,#706,#707));
#3302=EDGE_LOOP('',(#708,#709,#710,#711));
#3303=EDGE_LOOP('',(#712,#713,#714,#715));
#3304=EDGE_LOOP('',(#716,#717,#718,#719));
#3305=EDGE_LOOP('',(#720,#721,#722,#723));
#3306=EDGE_LOOP('',(#724,#725,#726,#727));
#3307=EDGE_LOOP('',(#728,#729,#730,#731));
#3308=EDGE_LOOP('',(#732,#733,#734,#735));
#3309=EDGE_LOOP('',(#736,#737,#738,#739));
#3310=EDGE_LOOP('',(#740,#741,#742,#743));
#3311=EDGE_LOOP('',(#744,#745,#746,#747));
#3312=EDGE_LOOP('',(#748,#749,#750,#751));
#3313=EDGE_LOOP('',(#752,#753,#754,#755));
#3314=EDGE_LOOP('',(#756,#757,#758,#759));
#3315=EDGE_LOOP('',(#760,#761,#762,#763));
#3316=EDGE_LOOP('',(#764,#765,#766,#767));
#3317=EDGE_LOOP('',(#768,#769,#770,#771));
#3318=EDGE_LOOP('',(#772,#773,#774,#775));
#3319=EDGE_LOOP('',(#776,#777,#778,#779));
#3320=EDGE_LOOP('',(#780,#781,#782,#783));
#3321=EDGE_LOOP('',(#784,#785,#786,#787));
#3322=EDGE_LOOP('',(#788,#789,#790,#791));
#3323=EDGE_LOOP('',(#792,#793,#794,#795));
#3324=EDGE_LOOP('',(#796,#797,#798,#799));
#3325=EDGE_LOOP('',(#800,#801,#802,#803));
#3326=EDGE_LOOP('',(#804,#805,#806,#807));
#3327=EDGE_LOOP('',(#808,#809,#810,#811));
#3328=EDGE_LOOP('',(#812,#813,#814,#815));
#3329=EDGE_LOOP('',(#816,#817,#818,#819));
#3330=EDGE_LOOP('',(#820,#821,#822,#823));
#3331=EDGE_LOOP('',(#824,#825,#826,#827));
#3332=EDGE_LOOP('',(#828,#829,#830,#831));
#3333=EDGE_LOOP('',(#832,#833,#834,#835));
#3334=EDGE_LOOP('',(#836,#837,#838,#839));
#3335=EDGE_LOOP('',(#840,#841,#842,#843));
#3336=EDGE_LOOP('',(#844,#845,#846,#847));
#3337=EDGE_LOOP('',(#848,#849,#850,#851));
#3338=EDGE_LOOP('',(#852,#853,#854,#855));
#3339=EDGE_LOOP('',(#856,#857,#858,#859));
#3340=EDGE_LOOP('',(#860,#861,#862,#863));
#3341=EDGE_LOOP('',(#864,#865,#866,#867));
#3342=EDGE_LOOP('',(#868,#869,#870,#871));
#3343=EDGE_LOOP('',(#872,#873,#874,#875));
#3344=EDGE_LOOP('',(#876,#877,#878,#879));
#3345=EDGE_LOOP('',(#880,#881,#882,#883));
#3346=EDGE_LOOP('',(#884,#885,#886,#887));
#3347=EDGE_LOOP('',(#888,#889,#890,#891));
#3348=EDGE_LOOP('',(#892,#893,#894,#895));
#3349=EDGE_LOOP('',(#896,#897,#898,#899));
#3350=EDGE_LOOP('',(#900,#901,#902,#903));
#3351=EDGE_LOOP('',(#904,#905,#906,#907));
#3352=EDGE_LOOP('',(#908,#909,#910,#911));
#3353=EDGE_LOOP('',(#912,#913,#914,#915));
#3354=EDGE_LOOP('',(#916,#917,#918,#919));
#3355=EDGE_LOOP('',(#920,#921,#922,#923));
#3356=EDGE_LOOP('',(#924,#925,#926,#927));
#3357=EDGE_LOOP('',(#928,#929,#930,#931));
#3358=EDGE_LOOP('',(#932,#933,#934,#935));
#3359=EDGE_LOOP('',(#936,#937,#938,#939));
#3360=EDGE_LOOP('',(#940,#941,#942,#943));
#3361=EDGE_LOOP('',(#944,#945,#946,#947));
#3362=EDGE_LOOP('',(#948,#949,#950,#951));
#3363=EDGE_LOOP('',(#952,#953,#954,#955));
#3364=EDGE_LOOP('',(#956,#957,#958,#959));
#3365=EDGE_LOOP('',(#960,#961,#962,#963));
#3366=EDGE_LOOP('',(#964,#965,#966,#967));
#3367=EDGE_LOOP('',(#968,#969,#970,#971));
#3368=EDGE_LOOP('',(#972,#973,#974,#975));
#3369=EDGE_LOOP('',(#976,#977,#978,#979));
#3370=EDGE_LOOP('',(#980,#981,#982,#983));
#3371=EDGE_LOOP('',(#984,#985,#986,#987));
#3372=EDGE_LOOP('',(#988,#989,#990,#991));
#3373=EDGE_LOOP('',(#992,#993,#994,#995));
#3374=EDGE_LOOP('',(#996,#997,#998,#999));
#3375=EDGE_LOOP('',(#1000,#1001,#1002,#1003));
#3376=EDGE_LOOP('',(#1004,#1005,#1006,#1007));
#3377=EDGE_LOOP('',(#1008,#1009,#1010,#1011));
#3378=EDGE_LOOP('',(#1012,#1013,#1014,#1015));
#3379=EDGE_LOOP('',(#1016,#1017,#1018,#1019));
#3380=EDGE_LOOP('',(#1020,#1021,#1022,#1023));
#3381=EDGE_LOOP('',(#1024,#1025,#1026,#1027));
#3382=EDGE_LOOP('',(#1028,#1029,#1030,#1031));
#3383=EDGE_LOOP('',(#1032,#1033,#1034,#1035));
#3384=EDGE_LOOP('',(#1036,#1037,#1038,#1039));
#3385=EDGE_LOOP('',(#1040,#1041,#1042,#1043));
#3386=EDGE_LOOP('',(#1044,#1045,#1046,#1047));
#3387=EDGE_LOOP('',(#1048,#1049,#1050,#1051));
#3388=EDGE_LOOP('',(#1052,#1053,#1054,#1055));
#3389=EDGE_LOOP('',(#1056,#1057,#1058,#1059));
#3390=EDGE_LOOP('',(#1060,#1061,#1062,#1063));
#3391=EDGE_LOOP('',(#1064,#1065,#1066,#1067));
#3392=EDGE_LOOP('',(#1068,#1069,#1070,#1071));
#3393=EDGE_LOOP('',(#1072,#1073,#1074,#1075));
#3394=EDGE_LOOP('',(#1076,#1077,#1078,#1079));
#3395=EDGE_LOOP('',(#1080,#1081,#1082,#1083));
#3396=EDGE_LOOP('',(#1084,#1085,#1086,#1087));
#3397=EDGE_LOOP('',(#1088,#1089,#1090,#1091));
#3398=EDGE_LOOP('',(#1092,#1093,#1094,#1095));
#3399=EDGE_LOOP('',(#1096,#1097,#1098,#1099));
#3400=EDGE_LOOP('',(#1100,#1101,#1102,#1103));
#3401=EDGE_LOOP('',(#1104,#1105,#1106,#1107));
#3402=EDGE_LOOP('',(#1108,#1109,#1110,#1111));
#3403=EDGE_LOOP('',(#1112,#1113,#1114,#1115));
#3404=EDGE_LOOP('',(#1116,#1117,#1118,#1119));
#3405=EDGE_LOOP('',(#1120,#1121,#1122,#1123));
#3406=EDGE_LOOP('',(#1124,#1125,#1126,#1127));
#3407=EDGE_LOOP('',(#1128,#1129,#1130,#1131));
#3408=EDGE_LOOP('',(#1132,#1133,#1134,#1135));
#3409=EDGE_LOOP('',(#1136,#1137,#1138,#1139));
#3410=EDGE_LOOP('',(#1140,#1141,#1142,#1143));
#3411=EDGE_LOOP('',(#1144,#1145,#1146,#1147));
#3412=EDGE_LOOP('',(#1148,#1149,#1150,#1151));
#3413=EDGE_LOOP('',(#1152,#1153,#1154,#1155));
#3414=EDGE_LOOP('',(#1156,#1157,#1158,#1159));
#3415=EDGE_LOOP('',(#1160,#1161,#1162,#1163));
#3416=EDGE_LOOP('',(#1164,#1165,#1166,#1167));
#3417=EDGE_LOOP('',(#1168,#1169,#1170,#1171));
#3418=EDGE_LOOP('',(#1172,#1173,#1174,#1175));
#3419=EDGE_LOOP('',(#1176,#1177,#1178,#1179));
#3420=EDGE_LOOP('',(#1180,#1181,#1182,#1183));
#3421=EDGE_LOOP('',(#1184,#1185,#1186,#1187));
#3422=EDGE_LOOP('',(#1188,#1189,#1190,#1191));
#3423=EDGE_LOOP('',(#1192,#1193,#1194,#1195));
#3424=EDGE_LOOP('',(#1196,#1197,#1198,#1199));
#3425=EDGE_LOOP('',(#1200,#1201,#1202,#1203));
#3426=EDGE_LOOP('',(#1204,#1205,#1206,#1207));
#3427=EDGE_LOOP('',(#1208,#1209,#1210,#1211));
#3428=EDGE_LOOP('',(#1212,#1213,#1214,#1215));
#3429=EDGE_LOOP('',(#1216,#1217,#1218,#1219));
#3430=EDGE_LOOP('',(#1220,#1221,#1222,#1223));
#3431=EDGE_LOOP('',(#1224,#1225,#1226,#1227));
#3432=EDGE_LOOP('',(#1228,#1229,#1230,#1231));
#3433=EDGE_LOOP('',(#1232,#1233,#1234,#1235));
#3434=EDGE_LOOP('',(#1236,#1237,#1238,#1239));
#3435=EDGE_LOOP('',(#1240,#1241,#1242,#1243));
#3436=EDGE_LOOP('',(#1244,#1245,#1246,#1247));
#3437=EDGE_LOOP('',(#1248,#1249,#1250,#1251));
#3438=EDGE_LOOP('',(#1252,#1253,#1254,#1255));
#3439=EDGE_LOOP('',(#1256,#1257,#1258,#1259));
#3440=EDGE_LOOP('',(#1260,#1261,#1262,#1263));
#3441=EDGE_LOOP('',(#1264,#1265,#1266,#1267));
#3442=EDGE_LOOP('',(#1268,#1269,#1270,#1271));
#3443=EDGE_LOOP('',(#1272,#1273,#1274,#1275));
#3444=EDGE_LOOP('',(#1276,#1277,#1278,#1279));
#3445=EDGE_LOOP('',(#1280,#1281,#1282,#1283));
#3446=EDGE_LOOP('',(#1284,#1285,#1286,#1287));
#3447=EDGE_LOOP('',(#1288,#1289,#1290,#1291));
#3448=EDGE_LOOP('',(#1292,#1293,#1294,#1295,#1296,#1297,#1298,#1299,#1300,
#1301,#1302,#1303,#1304,#1305,#1306,#1307));
#3449=EDGE_LOOP('',(#1308,#1309,#1310,#1311,#1312,#1313,#1314,#1315,#1316,
#1317,#1318,#1319,#1320,#1321,#1322));
#3450=EDGE_LOOP('',(#1323,#1324,#1325,#1326,#1327,#1328,#1329,#1330,#1331,
#1332,#1333,#1334,#1335,#1336,#1337,#1338));
#3451=EDGE_LOOP('',(#1339,#1340,#1341,#1342,#1343,#1344,#1345,#1346,#1347,
#1348,#1349,#1350,#1351,#1352,#1353,#1354,#1355,#1356,#1357,#1358,#1359,
#1360));
#3452=EDGE_LOOP('',(#1361,#1362,#1363,#1364,#1365,#1366,#1367,#1368,#1369,
#1370,#1371,#1372,#1373,#1374,#1375,#1376,#1377,#1378,#1379,#1380,#1381,
#1382,#1383,#1384,#1385,#1386,#1387,#1388,#1389,#1390,#1391,#1392,#1393));
#3453=EDGE_LOOP('',(#1394,#1395,#1396,#1397,#1398,#1399,#1400,#1401,#1402,
#1403,#1404,#1405,#1406,#1407,#1408,#1409,#1410,#1411,#1412,#1413,#1414,
#1415,#1416,#1417));
#3454=EDGE_LOOP('',(#1418,#1419,#1420,#1421,#1422,#1423,#1424,#1425,#1426,
#1427,#1428,#1429));
#3455=EDGE_LOOP('',(#1430,#1431,#1432,#1433,#1434,#1435,#1436,#1437,#1438,
#1439));
#3456=EDGE_LOOP('',(#1440,#1441,#1442,#1443));
#3457=EDGE_LOOP('',(#1444,#1445,#1446,#1447));
#3458=EDGE_LOOP('',(#1448,#1449,#1450,#1451));
#3459=EDGE_LOOP('',(#1452,#1453,#1454,#1455));
#3460=EDGE_LOOP('',(#1456,#1457,#1458,#1459));
#3461=EDGE_LOOP('',(#1460,#1461,#1462,#1463));
#3462=EDGE_LOOP('',(#1464,#1465,#1466,#1467));
#3463=EDGE_LOOP('',(#1468,#1469,#1470,#1471));
#3464=EDGE_LOOP('',(#1472,#1473,#1474,#1475));
#3465=EDGE_LOOP('',(#1476,#1477,#1478,#1479));
#3466=EDGE_LOOP('',(#1480,#1481,#1482,#1483));
#3467=EDGE_LOOP('',(#1484,#1485,#1486,#1487));
#3468=FACE_BOUND('',#3244,.T.);
#3469=FACE_BOUND('',#3245,.T.);
#3470=FACE_BOUND('',#3246,.T.);
#3471=FACE_BOUND('',#3247,.T.);
#3472=FACE_BOUND('',#3248,.T.);
#3473=FACE_BOUND('',#3249,.T.);
#3474=FACE_BOUND('',#3250,.T.);
#3475=FACE_BOUND('',#3251,.T.);
#3476=FACE_BOUND('',#3252,.T.);
#3477=FACE_BOUND('',#3253,.T.);
#3478=FACE_BOUND('',#3254,.T.);
#3479=FACE_BOUND('',#3255,.T.);
#3480=FACE_BOUND('',#3256,.T.);
#3481=FACE_BOUND('',#3257,.T.);
#3482=FACE_BOUND('',#3258,.T.);
#3483=FACE_BOUND('',#3259,.T.);
#3484=FACE_BOUND('',#3260,.T.);
#3485=FACE_BOUND('',#3261,.T.);
#3486=FACE_BOUND('',#3262,.T.);
#3487=FACE_BOUND('',#3263,.T.);
#3488=FACE_BOUND('',#3264,.T.);
#3489=FACE_BOUND('',#3265,.T.);
#3490=FACE_BOUND('',#3266,.T.);
#3491=FACE_BOUND('',#3267,.T.);
#3492=FACE_BOUND('',#3268,.T.);
#3493=FACE_BOUND('',#3269,.T.);
#3494=FACE_BOUND('',#3270,.T.);
#3495=FACE_BOUND('',#3271,.T.);
#3496=FACE_BOUND('',#3272,.T.);
#3497=FACE_BOUND('',#3273,.T.);
#3498=FACE_BOUND('',#3274,.T.);
#3499=FACE_BOUND('',#3275,.T.);
#3500=FACE_BOUND('',#3276,.T.);
#3501=FACE_BOUND('',#3277,.T.);
#3502=FACE_BOUND('',#3278,.T.);
#3503=FACE_BOUND('',#3279,.T.);
#3504=FACE_BOUND('',#3280,.T.);
#3505=FACE_BOUND('',#3281,.T.);
#3506=FACE_BOUND('',#3282,.T.);
#3507=FACE_BOUND('',#3283,.T.);
#3508=FACE_BOUND('',#3284,.T.);
#3509=FACE_BOUND('',#3285,.T.);
#3510=FACE_BOUND('',#3286,.T.);
#3511=FACE_BOUND('',#3287,.T.);
#3512=FACE_BOUND('',#3288,.T.);
#3513=FACE_BOUND('',#3289,.T.);
#3514=FACE_BOUND('',#3290,.T.);
#3515=FACE_BOUND('',#3291,.T.);
#3516=FACE_BOUND('',#3292,.T.);
#3517=FACE_BOUND('',#3293,.T.);
#3518=FACE_BOUND('',#3294,.T.);
#3519=FACE_BOUND('',#3295,.T.);
#3520=FACE_BOUND('',#3296,.T.);
#3521=FACE_BOUND('',#3297,.T.);
#3522=FACE_BOUND('',#3298,.T.);
#3523=FACE_BOUND('',#3299,.T.);
#3524=FACE_BOUND('',#3300,.T.);
#3525=FACE_BOUND('',#3301,.T.);
#3526=FACE_BOUND('',#3302,.T.);
#3527=FACE_BOUND('',#3303,.T.);
#3528=FACE_BOUND('',#3304,.T.);
#3529=FACE_BOUND('',#3305,.T.);
#3530=FACE_BOUND('',#3306,.T.);
#3531=FACE_BOUND('',#3307,.T.);
#3532=FACE_BOUND('',#3308,.T.);
#3533=FACE_BOUND('',#3309,.T.);
#3534=FACE_BOUND('',#3310,.T.);
#3535=FACE_BOUND('',#3311,.T.);
#3536=FACE_BOUND('',#3312,.T.);
#3537=FACE_BOUND('',#3313,.T.);
#3538=FACE_BOUND('',#3314,.T.);
#3539=FACE_BOUND('',#3315,.T.);
#3540=FACE_BOUND('',#3316,.T.);
#3541=FACE_BOUND('',#3317,.T.);
#3542=FACE_BOUND('',#3318,.T.);
#3543=FACE_BOUND('',#3319,.T.);
#3544=FACE_BOUND('',#3320,.T.);
#3545=FACE_BOUND('',#3321,.T.);
#3546=FACE_BOUND('',#3322,.T.);
#3547=FACE_BOUND('',#3323,.T.);
#3548=FACE_BOUND('',#3324,.T.);
#3549=FACE_BOUND('',#3325,.T.);
#3550=FACE_BOUND('',#3326,.T.);
#3551=FACE_BOUND('',#3327,.T.);
#3552=FACE_BOUND('',#3328,.T.);
#3553=FACE_BOUND('',#3329,.T.);
#3554=FACE_BOUND('',#3330,.T.);
#3555=FACE_BOUND('',#3331,.T.);
#3556=FACE_BOUND('',#3332,.T.);
#3557=FACE_BOUND('',#3333,.T.);
#3558=FACE_BOUND('',#3334,.T.);
#3559=FACE_BOUND('',#3335,.T.);
#3560=FACE_BOUND('',#3336,.T.);
#3561=FACE_BOUND('',#3337,.T.);
#3562=FACE_BOUND('',#3338,.T.);
#3563=FACE_BOUND('',#3339,.T.);
#3564=FACE_BOUND('',#3340,.T.);
#3565=FACE_BOUND('',#3341,.T.);
#3566=FACE_BOUND('',#3342,.T.);
#3567=FACE_BOUND('',#3343,.T.);
#3568=FACE_BOUND('',#3344,.T.);
#3569=FACE_BOUND('',#3345,.T.);
#3570=FACE_BOUND('',#3346,.T.);
#3571=FACE_BOUND('',#3347,.T.);
#3572=FACE_BOUND('',#3348,.T.);
#3573=FACE_BOUND('',#3349,.T.);
#3574=FACE_BOUND('',#3350,.T.);
#3575=FACE_BOUND('',#3351,.T.);
#3576=FACE_BOUND('',#3352,.T.);
#3577=FACE_BOUND('',#3353,.T.);
#3578=FACE_BOUND('',#3354,.T.);
#3579=FACE_BOUND('',#3355,.T.);
#3580=FACE_BOUND('',#3356,.T.);
#3581=FACE_BOUND('',#3357,.T.);
#3582=FACE_BOUND('',#3358,.T.);
#3583=FACE_BOUND('',#3359,.T.);
#3584=FACE_BOUND('',#3360,.T.);
#3585=FACE_BOUND('',#3361,.T.);
#3586=FACE_BOUND('',#3362,.T.);
#3587=FACE_BOUND('',#3363,.T.);
#3588=FACE_BOUND('',#3364,.T.);
#3589=FACE_BOUND('',#3365,.T.);
#3590=FACE_BOUND('',#3366,.T.);
#3591=FACE_BOUND('',#3367,.T.);
#3592=FACE_BOUND('',#3368,.T.);
#3593=FACE_BOUND('',#3369,.T.);
#3594=FACE_BOUND('',#3370,.T.);
#3595=FACE_BOUND('',#3371,.T.);
#3596=FACE_BOUND('',#3372,.T.);
#3597=FACE_BOUND('',#3373,.T.);
#3598=FACE_BOUND('',#3374,.T.);
#3599=FACE_BOUND('',#3375,.T.);
#3600=FACE_BOUND('',#3376,.T.);
#3601=FACE_BOUND('',#3377,.T.);
#3602=FACE_BOUND('',#3378,.T.);
#3603=FACE_BOUND('',#3379,.T.);
#3604=FACE_BOUND('',#3380,.T.);
#3605=FACE_BOUND('',#3381,.T.);
#3606=FACE_BOUND('',#3382,.T.);
#3607=FACE_BOUND('',#3383,.T.);
#3608=FACE_BOUND('',#3384,.T.);
#3609=FACE_BOUND('',#3385,.T.);
#3610=FACE_BOUND('',#3386,.T.);
#3611=FACE_BOUND('',#3387,.T.);
#3612=FACE_BOUND('',#3388,.T.);
#3613=FACE_BOUND('',#3389,.T.);
#3614=FACE_BOUND('',#3390,.T.);
#3615=FACE_BOUND('',#3391,.T.);
#3616=FACE_BOUND('',#3392,.T.);
#3617=FACE_BOUND('',#3393,.T.);
#3618=FACE_BOUND('',#3394,.T.);
#3619=FACE_BOUND('',#3395,.T.);
#3620=FACE_BOUND('',#3396,.T.);
#3621=FACE_BOUND('',#3397,.T.);
#3622=FACE_BOUND('',#3398,.T.);
#3623=FACE_BOUND('',#3399,.T.);
#3624=FACE_BOUND('',#3400,.T.);
#3625=FACE_BOUND('',#3401,.T.);
#3626=FACE_BOUND('',#3402,.T.);
#3627=FACE_BOUND('',#3403,.T.);
#3628=FACE_BOUND('',#3404,.T.);
#3629=FACE_BOUND('',#3405,.T.);
#3630=FACE_BOUND('',#3406,.T.);
#3631=FACE_BOUND('',#3407,.T.);
#3632=FACE_BOUND('',#3408,.T.);
#3633=FACE_BOUND('',#3409,.T.);
#3634=FACE_BOUND('',#3410,.T.);
#3635=FACE_BOUND('',#3411,.T.);
#3636=FACE_BOUND('',#3412,.T.);
#3637=FACE_BOUND('',#3413,.T.);
#3638=FACE_BOUND('',#3414,.T.);
#3639=FACE_BOUND('',#3415,.T.);
#3640=FACE_BOUND('',#3416,.T.);
#3641=FACE_BOUND('',#3417,.T.);
#3642=FACE_BOUND('',#3418,.T.);
#3643=FACE_BOUND('',#3419,.T.);
#3644=FACE_BOUND('',#3420,.T.);
#3645=FACE_BOUND('',#3421,.T.);
#3646=FACE_BOUND('',#3422,.T.);
#3647=FACE_BOUND('',#3423,.T.);
#3648=FACE_BOUND('',#3424,.T.);
#3649=FACE_BOUND('',#3425,.T.);
#3650=FACE_BOUND('',#3426,.T.);
#3651=FACE_BOUND('',#3427,.T.);
#3652=FACE_BOUND('',#3428,.T.);
#3653=FACE_BOUND('',#3429,.T.);
#3654=FACE_BOUND('',#3430,.T.);
#3655=FACE_BOUND('',#3431,.T.);
#3656=FACE_BOUND('',#3432,.T.);
#3657=FACE_BOUND('',#3433,.T.);
#3658=FACE_BOUND('',#3434,.T.);
#3659=FACE_BOUND('',#3435,.T.);
#3660=FACE_BOUND('',#3436,.T.);
#3661=FACE_BOUND('',#3437,.T.);
#3662=FACE_BOUND('',#3438,.T.);
#3663=FACE_BOUND('',#3439,.T.);
#3664=FACE_BOUND('',#3440,.T.);
#3665=FACE_BOUND('',#3441,.T.);
#3666=FACE_BOUND('',#3442,.T.);
#3667=FACE_BOUND('',#3443,.T.);
#3668=FACE_BOUND('',#3444,.T.);
#3669=FACE_BOUND('',#3445,.T.);
#3670=FACE_BOUND('',#3446,.T.);
#3671=FACE_BOUND('',#3447,.T.);
#3672=FACE_BOUND('',#3448,.T.);
#3673=FACE_BOUND('',#3449,.T.);
#3674=FACE_BOUND('',#3450,.T.);
#3675=FACE_BOUND('',#3451,.T.);
#3676=FACE_BOUND('',#3452,.T.);
#3677=FACE_BOUND('',#3453,.T.);
#3678=FACE_BOUND('',#3454,.T.);
#3679=FACE_BOUND('',#3455,.T.);
#3680=FACE_BOUND('',#3456,.T.);
#3681=FACE_BOUND('',#3457,.T.);
#3682=FACE_BOUND('',#3458,.T.);
#3683=FACE_BOUND('',#3459,.T.);
#3684=FACE_BOUND('',#3460,.T.);
#3685=FACE_BOUND('',#3461,.T.);
#3686=FACE_BOUND('',#3462,.T.);
#3687=FACE_BOUND('',#3463,.T.);
#3688=FACE_BOUND('',#3464,.T.);
#3689=FACE_BOUND('',#3465,.T.);
#3690=FACE_BOUND('',#3466,.T.);
#3691=FACE_BOUND('',#3467,.T.);
#3692=PLANE('',#4027);
#3693=PLANE('',#4028);
#3694=PLANE('',#4035);
#3695=PLANE('',#4044);
#3696=PLANE('',#4053);
#3697=PLANE('',#4060);
#3698=PLANE('',#4065);
#3699=PLANE('',#4066);
#3700=PLANE('',#4071);
#3701=PLANE('',#4076);
#3702=PLANE('',#4081);
#3703=PLANE('',#4086);
#3704=PLANE('',#4091);
#3705=PLANE('',#4096);
#3706=PLANE('',#4101);
#3707=PLANE('',#4106);
#3708=PLANE('',#4111);
#3709=PLANE('',#4112);
#3710=PLANE('',#4113);
#3711=PLANE('',#4114);
#3712=PLANE('',#4119);
#3713=PLANE('',#4120);
#3714=PLANE('',#4121);
#3715=PLANE('',#4136);
#3716=PLANE('',#4156);
#3717=PLANE('',#4169);
#3718=PLANE('',#4177);
#3719=PLANE('',#4184);
#3720=PLANE('',#4191);
#3721=PLANE('',#4192);
#3722=PLANE('',#4193);
#3723=PLANE('',#4194);
#3724=PLANE('',#4195);
#3725=PLANE('',#4196);
#3726=PLANE('',#4197);
#3727=PLANE('',#4198);
#3728=PLANE('',#4199);
#3729=PLANE('',#4200);
#3730=PLANE('',#4201);
#3731=PLANE('',#4202);
#3732=PLANE('',#4205);
#3733=PLANE('',#4212);
#3734=PLANE('',#4219);
#3735=PLANE('',#4226);
#3736=PLANE('',#4231);
#3737=PLANE('',#4236);
#3738=PLANE('',#4237);
#3739=PLANE('',#4238);
#3740=PLANE('',#4239);
#3741=PLANE('',#4240);
#3742=PLANE('',#4245);
#3743=PLANE('',#4250);
#3744=PLANE('',#4255);
#3745=PLANE('',#4256);
#3746=PLANE('',#4257);
#3747=PLANE('',#4264);
#3748=PLANE('',#4271);
#3749=PLANE('',#4278);
#3750=PLANE('',#4283);
#3751=PLANE('',#4288);
#3752=PLANE('',#4289);
#3753=PLANE('',#4290);
#3754=PLANE('',#4295);
#3755=PLANE('',#4300);
#3756=PLANE('',#4307);
#3757=PLANE('',#4314);
#3758=PLANE('',#4315);
#3759=PLANE('',#4320);
#3760=PLANE('',#4321);
#3761=PLANE('',#4322);
#3762=PLANE('',#4325);
#3763=PLANE('',#4330);
#3764=PLANE('',#4335);
#3765=PLANE('',#4340);
#3766=PLANE('',#4341);
#3767=PLANE('',#4346);
#3768=PLANE('',#4351);
#3769=PLANE('',#4352);
#3770=PLANE('',#4353);
#3771=PLANE('',#4358);
#3772=PLANE('',#4359);
#3773=PLANE('',#4360);
#3774=PLANE('',#4361);
#3775=PLANE('',#4366);
#3776=PLANE('',#4367);
#3777=PLANE('',#4368);
#3778=PLANE('',#4373);
#3779=PLANE('',#4374);
#3780=PLANE('',#4375);
#3781=PLANE('',#4380);
#3782=PLANE('',#4381);
#3783=PLANE('',#4382);
#3784=PLANE('',#4383);
#3785=PLANE('',#4384);
#3786=PLANE('',#4385);
#3787=PLANE('',#4386);
#3788=PLANE('',#4387);
#3789=PLANE('',#4388);
#3790=PLANE('',#4389);
#3791=PLANE('',#4390);
#3792=PLANE('',#4391);
#3793=PLANE('',#4392);
#3794=PLANE('',#4393);
#3795=PLANE('',#4394);
#3796=PLANE('',#4395);
#3797=PLANE('',#4396);
#3798=PLANE('',#4397);
#3799=PLANE('',#4398);
#3800=PLANE('',#4399);
#3801=PLANE('',#4400);
#3802=PLANE('',#4401);
#3803=ADVANCED_FACE('',(#3468,#3469,#3470),#3692,.F.);
#3804=ADVANCED_FACE('',(#3471),#3693,.T.);
#3805=ADVANCED_FACE('',(#3472),#3694,.T.);
#3806=ADVANCED_FACE('',(#3473),#3695,.T.);
#3807=ADVANCED_FACE('',(#3474),#3696,.T.);
#3808=ADVANCED_FACE('',(#3475),#48,.T.);
#3809=ADVANCED_FACE('',(#3476),#49,.T.);
#3810=ADVANCED_FACE('',(#3477),#3697,.F.);
#3811=ADVANCED_FACE('',(#3478),#50,.T.);
#3812=ADVANCED_FACE('',(#3479),#51,.T.);
#3813=ADVANCED_FACE('',(#3480),#3698,.F.);
#3814=ADVANCED_FACE('',(#3481),#3699,.F.);
#3815=ADVANCED_FACE('',(#3482),#52,.T.);
#3816=ADVANCED_FACE('',(#3483),#53,.T.);
#3817=ADVANCED_FACE('',(#3484),#3700,.F.);
#3818=ADVANCED_FACE('',(#3485),#54,.T.);
#3819=ADVANCED_FACE('',(#3486),#55,.T.);
#3820=ADVANCED_FACE('',(#3487),#3701,.F.);
#3821=ADVANCED_FACE('',(#3488),#56,.T.);
#3822=ADVANCED_FACE('',(#3489),#57,.T.);
#3823=ADVANCED_FACE('',(#3490),#3702,.F.);
#3824=ADVANCED_FACE('',(#3491),#58,.T.);
#3825=ADVANCED_FACE('',(#3492),#59,.T.);
#3826=ADVANCED_FACE('',(#3493),#3703,.F.);
#3827=ADVANCED_FACE('',(#3494),#60,.T.);
#3828=ADVANCED_FACE('',(#3495),#61,.T.);
#3829=ADVANCED_FACE('',(#3496),#3704,.F.);
#3830=ADVANCED_FACE('',(#3497),#62,.T.);
#3831=ADVANCED_FACE('',(#3498),#63,.T.);
#3832=ADVANCED_FACE('',(#3499),#3705,.F.);
#3833=ADVANCED_FACE('',(#3500),#64,.T.);
#3834=ADVANCED_FACE('',(#3501),#65,.T.);
#3835=ADVANCED_FACE('',(#3502),#3706,.F.);
#3836=ADVANCED_FACE('',(#3503),#66,.T.);
#3837=ADVANCED_FACE('',(#3504),#67,.T.);
#3838=ADVANCED_FACE('',(#3505),#3707,.F.);
#3839=ADVANCED_FACE('',(#3506),#68,.T.);
#3840=ADVANCED_FACE('',(#3507),#69,.T.);
#3841=ADVANCED_FACE('',(#3508),#3708,.F.);
#3842=ADVANCED_FACE('',(#3509),#3709,.F.);
#3843=ADVANCED_FACE('',(#3510),#3710,.F.);
#3844=ADVANCED_FACE('',(#3511),#3711,.F.);
#3845=ADVANCED_FACE('',(#3512),#70,.T.);
#3846=ADVANCED_FACE('',(#3513),#71,.T.);
#3847=ADVANCED_FACE('',(#3514),#3712,.F.);
#3848=ADVANCED_FACE('',(#3515),#3713,.T.);
#3849=ADVANCED_FACE('',(#3516,#3517),#3714,.T.);
#3850=ADVANCED_FACE('',(#3518),#3715,.T.);
#3851=ADVANCED_FACE('',(#3519,#3520),#3716,.T.);
#3852=ADVANCED_FACE('',(#3521,#3522),#3717,.T.);
#3853=ADVANCED_FACE('',(#3523),#3718,.T.);
#3854=ADVANCED_FACE('',(#3524,#3525),#3719,.T.);
#3855=ADVANCED_FACE('',(#3526),#3720,.F.);
#3856=ADVANCED_FACE('',(#3527),#3721,.F.);
#3857=ADVANCED_FACE('',(#3528),#3722,.T.);
#3858=ADVANCED_FACE('',(#3529),#3723,.F.);
#3859=ADVANCED_FACE('',(#3530),#3724,.F.);
#3860=ADVANCED_FACE('',(#3531),#3725,.F.);
#3861=ADVANCED_FACE('',(#3532),#3726,.F.);
#3862=ADVANCED_FACE('',(#3533),#3727,.F.);
#3863=ADVANCED_FACE('',(#3534),#3728,.F.);
#3864=ADVANCED_FACE('',(#3535),#3729,.F.);
#3865=ADVANCED_FACE('',(#3536),#3730,.F.);
#3866=ADVANCED_FACE('',(#3537),#3731,.T.);
#3867=ADVANCED_FACE('',(#3538),#12,.F.);
#3868=ADVANCED_FACE('',(#3539),#72,.F.);
#3869=ADVANCED_FACE('',(#3540),#13,.F.);
#3870=ADVANCED_FACE('',(#3541),#3732,.F.);
#3871=ADVANCED_FACE('',(#3542),#73,.F.);
#3872=ADVANCED_FACE('',(#3543),#74,.F.);
#3873=ADVANCED_FACE('',(#3544),#75,.F.);
#3874=ADVANCED_FACE('',(#3545),#3733,.F.);
#3875=ADVANCED_FACE('',(#3546),#76,.F.);
#3876=ADVANCED_FACE('',(#3547),#77,.F.);
#3877=ADVANCED_FACE('',(#3548),#78,.F.);
#3878=ADVANCED_FACE('',(#3549),#3734,.F.);
#3879=ADVANCED_FACE('',(#3550),#79,.F.);
#3880=ADVANCED_FACE('',(#3551),#80,.F.);
#3881=ADVANCED_FACE('',(#3552),#81,.F.);
#3882=ADVANCED_FACE('',(#3553),#3735,.F.);
#3883=ADVANCED_FACE('',(#3554),#82,.T.);
#3884=ADVANCED_FACE('',(#3555),#83,.T.);
#3885=ADVANCED_FACE('',(#3556),#3736,.F.);
#3886=ADVANCED_FACE('',(#3557),#84,.T.);
#3887=ADVANCED_FACE('',(#3558),#85,.T.);
#3888=ADVANCED_FACE('',(#3559),#3737,.F.);
#3889=ADVANCED_FACE('',(#3560),#3738,.F.);
#3890=ADVANCED_FACE('',(#3561),#3739,.T.);
#3891=ADVANCED_FACE('',(#3562),#3740,.F.);
#3892=ADVANCED_FACE('',(#3563),#3741,.F.);
#3893=ADVANCED_FACE('',(#3564),#86,.T.);
#3894=ADVANCED_FACE('',(#3565),#87,.T.);
#3895=ADVANCED_FACE('',(#3566),#3742,.F.);
#3896=ADVANCED_FACE('',(#3567),#88,.T.);
#3897=ADVANCED_FACE('',(#3568),#89,.T.);
#3898=ADVANCED_FACE('',(#3569),#3743,.F.);
#3899=ADVANCED_FACE('',(#3570),#90,.T.);
#3900=ADVANCED_FACE('',(#3571),#91,.T.);
#3901=ADVANCED_FACE('',(#3572),#3744,.F.);
#3902=ADVANCED_FACE('',(#3573),#3745,.F.);
#3903=ADVANCED_FACE('',(#3574),#3746,.F.);
#3904=ADVANCED_FACE('',(#3575),#92,.F.);
#3905=ADVANCED_FACE('',(#3576),#93,.F.);
#3906=ADVANCED_FACE('',(#3577),#94,.F.);
#3907=ADVANCED_FACE('',(#3578),#3747,.F.);
#3908=ADVANCED_FACE('',(#3579),#95,.F.);
#3909=ADVANCED_FACE('',(#3580),#96,.F.);
#3910=ADVANCED_FACE('',(#3581),#97,.F.);
#3911=ADVANCED_FACE('',(#3582),#3748,.F.);
#3912=ADVANCED_FACE('',(#3583),#98,.F.);
#3913=ADVANCED_FACE('',(#3584),#99,.F.);
#3914=ADVANCED_FACE('',(#3585),#100,.F.);
#3915=ADVANCED_FACE('',(#3586),#3749,.F.);
#3916=ADVANCED_FACE('',(#3587),#101,.T.);
#3917=ADVANCED_FACE('',(#3588),#102,.T.);
#3918=ADVANCED_FACE('',(#3589),#3750,.F.);
#3919=ADVANCED_FACE('',(#3590),#103,.T.);
#3920=ADVANCED_FACE('',(#3591),#104,.T.);
#3921=ADVANCED_FACE('',(#3592),#3751,.F.);
#3922=ADVANCED_FACE('',(#3593),#3752,.F.);
#3923=ADVANCED_FACE('',(#3594),#3753,.T.);
#3924=ADVANCED_FACE('',(#3595),#105,.F.);
#3925=ADVANCED_FACE('',(#3596),#106,.F.);
#3926=ADVANCED_FACE('',(#3597),#14,.F.);
#3927=ADVANCED_FACE('',(#3598),#3754,.F.);
#3928=ADVANCED_FACE('',(#3599),#15,.F.);
#3929=ADVANCED_FACE('',(#3600),#107,.F.);
#3930=ADVANCED_FACE('',(#3601),#108,.F.);
#3931=ADVANCED_FACE('',(#3602),#3755,.F.);
#3932=ADVANCED_FACE('',(#3603),#109,.F.);
#3933=ADVANCED_FACE('',(#3604),#110,.F.);
#3934=ADVANCED_FACE('',(#3605),#111,.F.);
#3935=ADVANCED_FACE('',(#3606),#3756,.F.);
#3936=ADVANCED_FACE('',(#3607),#112,.F.);
#3937=ADVANCED_FACE('',(#3608),#113,.F.);
#3938=ADVANCED_FACE('',(#3609),#114,.F.);
#3939=ADVANCED_FACE('',(#3610),#3757,.F.);
#3940=ADVANCED_FACE('',(#3611),#3758,.F.);
#3941=ADVANCED_FACE('',(#3612),#115,.T.);
#3942=ADVANCED_FACE('',(#3613),#116,.T.);
#3943=ADVANCED_FACE('',(#3614),#3759,.F.);
#3944=ADVANCED_FACE('',(#3615),#3760,.F.);
#3945=ADVANCED_FACE('',(#3616),#3761,.F.);
#3946=ADVANCED_FACE('',(#3617),#16,.F.);
#3947=ADVANCED_FACE('',(#3618),#117,.F.);
#3948=ADVANCED_FACE('',(#3619),#17,.F.);
#3949=ADVANCED_FACE('',(#3620),#3762,.F.);
#3950=ADVANCED_FACE('',(#3621),#18,.F.);
#3951=ADVANCED_FACE('',(#3622),#118,.F.);
#3952=ADVANCED_FACE('',(#3623),#119,.F.);
#3953=ADVANCED_FACE('',(#3624),#3763,.F.);
#3954=ADVANCED_FACE('',(#3625),#19,.F.);
#3955=ADVANCED_FACE('',(#3626),#120,.F.);
#3956=ADVANCED_FACE('',(#3627),#121,.F.);
#3957=ADVANCED_FACE('',(#3628),#3764,.F.);
#3958=ADVANCED_FACE('',(#3629),#122,.F.);
#3959=ADVANCED_FACE('',(#3630),#123,.F.);
#3960=ADVANCED_FACE('',(#3631),#20,.F.);
#3961=ADVANCED_FACE('',(#3632),#3765,.F.);
#3962=ADVANCED_FACE('',(#3633),#3766,.F.);
#3963=ADVANCED_FACE('',(#3634),#124,.T.);
#3964=ADVANCED_FACE('',(#3635),#125,.T.);
#3965=ADVANCED_FACE('',(#3636),#3767,.F.);
#3966=ADVANCED_FACE('',(#3637),#126,.T.);
#3967=ADVANCED_FACE('',(#3638),#127,.T.);
#3968=ADVANCED_FACE('',(#3639),#3768,.F.);
#3969=ADVANCED_FACE('',(#3640),#3769,.F.);
#3970=ADVANCED_FACE('',(#3641),#3770,.F.);
#3971=ADVANCED_FACE('',(#3642),#21,.F.);
#3972=ADVANCED_FACE('',(#3643),#128,.F.);
#3973=ADVANCED_FACE('',(#3644),#129,.F.);
#3974=ADVANCED_FACE('',(#3645),#3771,.F.);
#3975=ADVANCED_FACE('',(#3646),#3772,.F.);
#3976=ADVANCED_FACE('',(#3647),#3773,.F.);
#3977=ADVANCED_FACE('',(#3648),#3774,.F.);
#3978=ADVANCED_FACE('',(#3649),#22,.F.);
#3979=ADVANCED_FACE('',(#3650),#130,.F.);
#3980=ADVANCED_FACE('',(#3651),#131,.F.);
#3981=ADVANCED_FACE('',(#3652),#3775,.F.);
#3982=ADVANCED_FACE('',(#3653),#3776,.F.);
#3983=ADVANCED_FACE('',(#3654),#3777,.F.);
#3984=ADVANCED_FACE('',(#3655),#132,.T.);
#3985=ADVANCED_FACE('',(#3656),#133,.T.);
#3986=ADVANCED_FACE('',(#3657),#3778,.F.);
#3987=ADVANCED_FACE('',(#3658),#3779,.F.);
#3988=ADVANCED_FACE('',(#3659),#3780,.F.);
#3989=ADVANCED_FACE('',(#3660),#23,.F.);
#3990=ADVANCED_FACE('',(#3661),#134,.F.);
#3991=ADVANCED_FACE('',(#3662),#135,.F.);
#3992=ADVANCED_FACE('',(#3663),#3781,.F.);
#3993=ADVANCED_FACE('',(#3664),#3782,.T.);
#3994=ADVANCED_FACE('',(#3665),#3783,.T.);
#3995=ADVANCED_FACE('',(#3666),#3784,.T.);
#3996=ADVANCED_FACE('',(#3667),#3785,.F.);
#3997=ADVANCED_FACE('',(#3668),#3786,.T.);
#3998=ADVANCED_FACE('',(#3669),#3787,.F.);
#3999=ADVANCED_FACE('',(#3670),#3788,.T.);
#4000=ADVANCED_FACE('',(#3671),#3789,.T.);
#4001=ADVANCED_FACE('',(#3672,#3673,#3674,#3675,#3676,#3677,#3678,#3679),
#3790,.T.);
#4002=ADVANCED_FACE('',(#3680),#3791,.F.);
#4003=ADVANCED_FACE('',(#3681),#3792,.F.);
#4004=ADVANCED_FACE('',(#3682),#3793,.F.);
#4005=ADVANCED_FACE('',(#3683),#3794,.T.);
#4006=ADVANCED_FACE('',(#3684),#3795,.T.);
#4007=ADVANCED_FACE('',(#3685),#3796,.F.);
#4008=ADVANCED_FACE('',(#3686),#3797,.F.);
#4009=ADVANCED_FACE('',(#3687),#3798,.F.);
#4010=ADVANCED_FACE('',(#3688),#3799,.F.);
#4011=ADVANCED_FACE('',(#3689),#3800,.T.);
#4012=ADVANCED_FACE('',(#3690),#3801,.F.);
#4013=ADVANCED_FACE('',(#3691),#3802,.F.);
#4014=CLOSED_SHELL('',(#3803,#3804,#3805,#3806,#3807,#3808,#3809,#3810,
#3811,#3812,#3813,#3814,#3815,#3816,#3817,#3818,#3819,#3820,#3821,#3822,
#3823,#3824,#3825,#3826,#3827,#3828,#3829,#3830,#3831,#3832,#3833,#3834,
#3835,#3836,#3837,#3838,#3839,#3840,#3841,#3842,#3843,#3844,#3845,#3846,
#3847,#3848,#3849,#3850,#3851,#3852,#3853,#3854,#3855,#3856,#3857,#3858,
#3859,#3860,#3861,#3862,#3863,#3864,#3865,#3866,#3867,#3868,#3869,#3870,
#3871,#3872,#3873,#3874,#3875,#3876,#3877,#3878,#3879,#3880,#3881,#3882,
#3883,#3884,#3885,#3886,#3887,#3888,#3889,#3890,#3891,#3892,#3893,#3894,
#3895,#3896,#3897,#3898,#3899,#3900,#3901,#3902,#3903,#3904,#3905,#3906,
#3907,#3908,#3909,#3910,#3911,#3912,#3913,#3914,#3915,#3916,#3917,#3918,
#3919,#3920,#3921,#3922,#3923,#3924,#3925,#3926,#3927,#3928,#3929,#3930,
#3931,#3932,#3933,#3934,#3935,#3936,#3937,#3938,#3939,#3940,#3941,#3942,
#3943,#3944,#3945,#3946,#3947,#3948,#3949,#3950,#3951,#3952,#3953,#3954,
#3955,#3956,#3957,#3958,#3959,#3960,#3961,#3962,#3963,#3964,#3965,#3966,
#3967,#3968,#3969,#3970,#3971,#3972,#3973,#3974,#3975,#3976,#3977,#3978,
#3979,#3980,#3981,#3982,#3983,#3984,#3985,#3986,#3987,#3988,#3989,#3990,
#3991,#3992,#3993,#3994,#3995,#3996,#3997,#3998,#3999,#4000,#4001,#4002,
#4003,#4004,#4005,#4006,#4007,#4008,#4009,#4010,#4011,#4012,#4013));
#4015=STYLED_ITEM('',(#4016),#4023);
#4016=PRESENTATION_STYLE_ASSIGNMENT((#4017));
#4017=SURFACE_STYLE_USAGE(.BOTH.,#4018);
#4018=SURFACE_SIDE_STYLE('',(#4019));
#4019=SURFACE_STYLE_FILL_AREA(#4020);
#4020=FILL_AREA_STYLE('',(#4021));
#4021=FILL_AREA_STYLE_COLOUR('',#4022);
#4022=COLOUR_RGB('',0.647058823529412,0.647058823529412,0.647058823529412);
#4023=MANIFOLD_SOLID_BREP('Top2',#4014);
#4024=SHAPE_DEFINITION_REPRESENTATION(#6872,#4025);
#4025=SHAPE_REPRESENTATION('Top2',(#4026),#6867);
#4026=AXIS2_PLACEMENT_3D('',#5542,#4402,#4403);
#4027=AXIS2_PLACEMENT_3D('',#5543,#4404,#4405);
#4028=AXIS2_PLACEMENT_3D('',#5580,#4424,#4425);
#4029=AXIS2_PLACEMENT_3D('',#5581,#4426,#4427);
#4030=AXIS2_PLACEMENT_3D('',#5586,#4429,#4430);
#4031=AXIS2_PLACEMENT_3D('',#5588,#4431,#4432);
#4032=AXIS2_PLACEMENT_3D('',#5592,#4434,#4435);
#4033=AXIS2_PLACEMENT_3D('',#5594,#4436,#4437);
#4034=AXIS2_PLACEMENT_3D('',#5600,#4440,#4441);
#4035=AXIS2_PLACEMENT_3D('',#5601,#4442,#4443);
#4036=AXIS2_PLACEMENT_3D('',#5602,#4444,#4445);
#4037=AXIS2_PLACEMENT_3D('',#5607,#4447,#4448);
#4038=AXIS2_PLACEMENT_3D('',#5609,#4449,#4450);
#4039=AXIS2_PLACEMENT_3D('',#5613,#4452,#4453);
#4040=AXIS2_PLACEMENT_3D('',#5615,#4454,#4455);
#4041=AXIS2_PLACEMENT_3D('',#5619,#4457,#4458);
#4042=AXIS2_PLACEMENT_3D('',#5621,#4459,#4460);
#4043=AXIS2_PLACEMENT_3D('',#5625,#4462,#4463);
#4044=AXIS2_PLACEMENT_3D('',#5626,#4464,#4465);
#4045=AXIS2_PLACEMENT_3D('',#5627,#4466,#4467);
#4046=AXIS2_PLACEMENT_3D('',#5632,#4469,#4470);
#4047=AXIS2_PLACEMENT_3D('',#5634,#4471,#4472);
#4048=AXIS2_PLACEMENT_3D('',#5638,#4474,#4475);
#4049=AXIS2_PLACEMENT_3D('',#5640,#4476,#4477);
#4050=AXIS2_PLACEMENT_3D('',#5644,#4479,#4480);
#4051=AXIS2_PLACEMENT_3D('',#5646,#4481,#4482);
#4052=AXIS2_PLACEMENT_3D('',#5650,#4484,#4485);
#4053=AXIS2_PLACEMENT_3D('',#5651,#4486,#4487);
#4054=AXIS2_PLACEMENT_3D('',#5652,#4488,#4489);
#4055=AXIS2_PLACEMENT_3D('',#5663,#4494,#4495);
#4056=AXIS2_PLACEMENT_3D('',#5664,#4496,#4497);
#4057=AXIS2_PLACEMENT_3D('',#5665,#4498,#4499);
#4058=AXIS2_PLACEMENT_3D('',#5670,#4502,#4503);
#4059=AXIS2_PLACEMENT_3D('',#5671,#4504,#4505);
#4060=AXIS2_PLACEMENT_3D('',#5674,#4507,#4508);
#4061=AXIS2_PLACEMENT_3D('',#5678,#4511,#4512);
#4062=AXIS2_PLACEMENT_3D('',#5679,#4513,#4514);
#4063=AXIS2_PLACEMENT_3D('',#5682,#4516,#4517);
#4064=AXIS2_PLACEMENT_3D('',#5683,#4518,#4519);
#4065=AXIS2_PLACEMENT_3D('',#5686,#4521,#4522);
#4066=AXIS2_PLACEMENT_3D('',#5690,#4525,#4526);
#4067=AXIS2_PLACEMENT_3D('',#5694,#4529,#4530);
#4068=AXIS2_PLACEMENT_3D('',#5695,#4531,#4532);
#4069=AXIS2_PLACEMENT_3D('',#5698,#4534,#4535);
#4070=AXIS2_PLACEMENT_3D('',#5699,#4536,#4537);
#4071=AXIS2_PLACEMENT_3D('',#5702,#4539,#4540);
#4072=AXIS2_PLACEMENT_3D('',#5704,#4542,#4543);
#4073=AXIS2_PLACEMENT_3D('',#5705,#4544,#4545);
#4074=AXIS2_PLACEMENT_3D('',#5710,#4548,#4549);
#4075=AXIS2_PLACEMENT_3D('',#5711,#4550,#4551);
#4076=AXIS2_PLACEMENT_3D('',#5714,#4553,#4554);
#4077=AXIS2_PLACEMENT_3D('',#5718,#4557,#4558);
#4078=AXIS2_PLACEMENT_3D('',#5719,#4559,#4560);
#4079=AXIS2_PLACEMENT_3D('',#5722,#4562,#4563);
#4080=AXIS2_PLACEMENT_3D('',#5723,#4564,#4565);
#4081=AXIS2_PLACEMENT_3D('',#5726,#4567,#4568);
#4082=AXIS2_PLACEMENT_3D('',#5730,#4571,#4572);
#4083=AXIS2_PLACEMENT_3D('',#5731,#4573,#4574);
#4084=AXIS2_PLACEMENT_3D('',#5734,#4576,#4577);
#4085=AXIS2_PLACEMENT_3D('',#5735,#4578,#4579);
#4086=AXIS2_PLACEMENT_3D('',#5738,#4581,#4582);
#4087=AXIS2_PLACEMENT_3D('',#5742,#4585,#4586);
#4088=AXIS2_PLACEMENT_3D('',#5743,#4587,#4588);
#4089=AXIS2_PLACEMENT_3D('',#5746,#4590,#4591);
#4090=AXIS2_PLACEMENT_3D('',#5747,#4592,#4593);
#4091=AXIS2_PLACEMENT_3D('',#5750,#4595,#4596);
#4092=AXIS2_PLACEMENT_3D('',#5752,#4598,#4599);
#4093=AXIS2_PLACEMENT_3D('',#5753,#4600,#4601);
#4094=AXIS2_PLACEMENT_3D('',#5758,#4604,#4605);
#4095=AXIS2_PLACEMENT_3D('',#5759,#4606,#4607);
#4096=AXIS2_PLACEMENT_3D('',#5762,#4609,#4610);
#4097=AXIS2_PLACEMENT_3D('',#5766,#4613,#4614);
#4098=AXIS2_PLACEMENT_3D('',#5767,#4615,#4616);
#4099=AXIS2_PLACEMENT_3D('',#5770,#4618,#4619);
#4100=AXIS2_PLACEMENT_3D('',#5771,#4620,#4621);
#4101=AXIS2_PLACEMENT_3D('',#5774,#4623,#4624);
#4102=AXIS2_PLACEMENT_3D('',#5778,#4627,#4628);
#4103=AXIS2_PLACEMENT_3D('',#5779,#4629,#4630);
#4104=AXIS2_PLACEMENT_3D('',#5782,#4632,#4633);
#4105=AXIS2_PLACEMENT_3D('',#5783,#4634,#4635);
#4106=AXIS2_PLACEMENT_3D('',#5786,#4637,#4638);
#4107=AXIS2_PLACEMENT_3D('',#5790,#4641,#4642);
#4108=AXIS2_PLACEMENT_3D('',#5791,#4643,#4644);
#4109=AXIS2_PLACEMENT_3D('',#5794,#4646,#4647);
#4110=AXIS2_PLACEMENT_3D('',#5795,#4648,#4649);
#4111=AXIS2_PLACEMENT_3D('',#5798,#4651,#4652);
#4112=AXIS2_PLACEMENT_3D('',#5800,#4654,#4655);
#4113=AXIS2_PLACEMENT_3D('',#5806,#4659,#4660);
#4114=AXIS2_PLACEMENT_3D('',#5810,#4663,#4664);
#4115=AXIS2_PLACEMENT_3D('',#5814,#4667,#4668);
#4116=AXIS2_PLACEMENT_3D('',#5815,#4669,#4670);
#4117=AXIS2_PLACEMENT_3D('',#5818,#4672,#4673);
#4118=AXIS2_PLACEMENT_3D('',#5819,#4674,#4675);
#4119=AXIS2_PLACEMENT_3D('',#5822,#4677,#4678);
#4120=AXIS2_PLACEMENT_3D('',#5824,#4680,#4681);
#4121=AXIS2_PLACEMENT_3D('',#5849,#4694,#4695);
#4122=AXIS2_PLACEMENT_3D('',#5855,#4696,#4697);
#4123=AXIS2_PLACEMENT_3D('',#5863,#4699,#4700);
#4124=AXIS2_PLACEMENT_3D('',#5865,#4701,#4702);
#4125=AXIS2_PLACEMENT_3D('',#5867,#4703,#4704);
#4126=AXIS2_PLACEMENT_3D('',#5871,#4706,#4707);
#4127=AXIS2_PLACEMENT_3D('',#5873,#4708,#4709);
#4128=AXIS2_PLACEMENT_3D('',#5875,#4710,#4711);
#4129=AXIS2_PLACEMENT_3D('',#5879,#4713,#4714);
#4130=AXIS2_PLACEMENT_3D('',#5881,#4715,#4716);
#4131=AXIS2_PLACEMENT_3D('',#5883,#4717,#4718);
#4132=AXIS2_PLACEMENT_3D('',#5887,#4720,#4721);
#4133=AXIS2_PLACEMENT_3D('',#5889,#4722,#4723);
#4134=AXIS2_PLACEMENT_3D('',#5893,#4725,#4726);
#4135=AXIS2_PLACEMENT_3D('',#5895,#4727,#4728);
#4136=AXIS2_PLACEMENT_3D('',#5902,#4732,#4733);
#4137=AXIS2_PLACEMENT_3D('',#5908,#4736,#4737);
#4138=AXIS2_PLACEMENT_3D('',#5910,#4738,#4739);
#4139=AXIS2_PLACEMENT_3D('',#5914,#4741,#4742);
#4140=AXIS2_PLACEMENT_3D('',#5916,#4743,#4744);
#4141=AXIS2_PLACEMENT_3D('',#5920,#4746,#4747);
#4142=AXIS2_PLACEMENT_3D('',#5922,#4748,#4749);
#4143=AXIS2_PLACEMENT_3D('',#5930,#4753,#4754);
#4144=AXIS2_PLACEMENT_3D('',#5932,#4755,#4756);
#4145=AXIS2_PLACEMENT_3D('',#5934,#4757,#4758);
#4146=AXIS2_PLACEMENT_3D('',#5938,#4760,#4761);
#4147=AXIS2_PLACEMENT_3D('',#5940,#4762,#4763);
#4148=AXIS2_PLACEMENT_3D('',#5942,#4764,#4765);
#4149=AXIS2_PLACEMENT_3D('',#5946,#4767,#4768);
#4150=AXIS2_PLACEMENT_3D('',#5948,#4769,#4770);
#4151=AXIS2_PLACEMENT_3D('',#5950,#4771,#4772);
#4152=AXIS2_PLACEMENT_3D('',#5954,#4774,#4775);
#4153=AXIS2_PLACEMENT_3D('',#5956,#4776,#4777);
#4154=AXIS2_PLACEMENT_3D('',#5960,#4779,#4780);
#4155=AXIS2_PLACEMENT_3D('',#5962,#4781,#4782);
#4156=AXIS2_PLACEMENT_3D('',#5969,#4786,#4787);
#4157=AXIS2_PLACEMENT_3D('',#5975,#4790,#4791);
#4158=AXIS2_PLACEMENT_3D('',#5977,#4792,#4793);
#4159=AXIS2_PLACEMENT_3D('',#5989,#4795,#4796);
#4160=AXIS2_PLACEMENT_3D('',#5991,#4797,#4798);
#4161=AXIS2_PLACEMENT_3D('',#5995,#4800,#4801);
#4162=AXIS2_PLACEMENT_3D('',#5997,#4802,#4803);
#4163=AXIS2_PLACEMENT_3D('',#5999,#4804,#4805);
#4164=AXIS2_PLACEMENT_3D('',#6003,#4807,#4808);
#4165=AXIS2_PLACEMENT_3D('',#6005,#4809,#4810);
#4166=AXIS2_PLACEMENT_3D('',#6007,#4811,#4812);
#4167=AXIS2_PLACEMENT_3D('',#6013,#4815,#4816);
#4168=AXIS2_PLACEMENT_3D('',#6015,#4817,#4818);
#4169=AXIS2_PLACEMENT_3D('',#6018,#4820,#4821);
#4170=AXIS2_PLACEMENT_3D('',#6030,#4823,#4824);
#4171=AXIS2_PLACEMENT_3D('',#6042,#4826,#4827);
#4172=AXIS2_PLACEMENT_3D('',#6044,#4828,#4829);
#4173=AXIS2_PLACEMENT_3D('',#6052,#4831,#4832);
#4174=AXIS2_PLACEMENT_3D('',#6054,#4833,#4834);
#4175=AXIS2_PLACEMENT_3D('',#6058,#4836,#4837);
#4176=AXIS2_PLACEMENT_3D('',#6060,#4838,#4839);
#4177=AXIS2_PLACEMENT_3D('',#6061,#4840,#4841);
#4178=AXIS2_PLACEMENT_3D('',#6069,#4845,#4846);
#4179=AXIS2_PLACEMENT_3D('',#6071,#4847,#4848);
#4180=AXIS2_PLACEMENT_3D('',#6075,#4850,#4851);
#4181=AXIS2_PLACEMENT_3D('',#6077,#4852,#4853);
#4182=AXIS2_PLACEMENT_3D('',#6089,#4857,#4858);
#4183=AXIS2_PLACEMENT_3D('',#6091,#4859,#4860);
#4184=AXIS2_PLACEMENT_3D('',#6094,#4862,#4863);
#4185=AXIS2_PLACEMENT_3D('',#6095,#4864,#4865);
#4186=AXIS2_PLACEMENT_3D('',#6106,#4868,#4869);
#4187=AXIS2_PLACEMENT_3D('',#6108,#4870,#4871);
#4188=AXIS2_PLACEMENT_3D('',#6116,#4875,#4876);
#4189=AXIS2_PLACEMENT_3D('',#6118,#4877,#4878);
#4190=AXIS2_PLACEMENT_3D('',#6130,#4882,#4883);
#4191=AXIS2_PLACEMENT_3D('',#6131,#4884,#4885);
#4192=AXIS2_PLACEMENT_3D('',#6137,#4889,#4890);
#4193=AXIS2_PLACEMENT_3D('',#6141,#4893,#4894);
#4194=AXIS2_PLACEMENT_3D('',#6145,#4897,#4898);
#4195=AXIS2_PLACEMENT_3D('',#6149,#4901,#4902);
#4196=AXIS2_PLACEMENT_3D('',#6153,#4905,#4906);
#4197=AXIS2_PLACEMENT_3D('',#6157,#4909,#4910);
#4198=AXIS2_PLACEMENT_3D('',#6161,#4913,#4914);
#4199=AXIS2_PLACEMENT_3D('',#6165,#4917,#4918);
#4200=AXIS2_PLACEMENT_3D('',#6169,#4921,#4922);
#4201=AXIS2_PLACEMENT_3D('',#6173,#4925,#4926);
#4202=AXIS2_PLACEMENT_3D('',#6177,#4929,#4930);
#4203=AXIS2_PLACEMENT_3D('',#6194,#4934,#4935);
#4204=AXIS2_PLACEMENT_3D('',#6197,#4937,#4938);
#4205=AXIS2_PLACEMENT_3D('',#6211,#4940,#4941);
#4206=AXIS2_PLACEMENT_3D('',#6215,#4944,#4945);
#4207=AXIS2_PLACEMENT_3D('',#6218,#4947,#4948);
#4208=AXIS2_PLACEMENT_3D('',#6219,#4949,#4950);
#4209=AXIS2_PLACEMENT_3D('',#6222,#4952,#4953);
#4210=AXIS2_PLACEMENT_3D('',#6223,#4954,#4955);
#4211=AXIS2_PLACEMENT_3D('',#6226,#4957,#4958);
#4212=AXIS2_PLACEMENT_3D('',#6227,#4959,#4960);
#4213=AXIS2_PLACEMENT_3D('',#6231,#4963,#4964);
#4214=AXIS2_PLACEMENT_3D('',#6234,#4966,#4967);
#4215=AXIS2_PLACEMENT_3D('',#6235,#4968,#4969);
#4216=AXIS2_PLACEMENT_3D('',#6238,#4971,#4972);
#4217=AXIS2_PLACEMENT_3D('',#6239,#4973,#4974);
#4218=AXIS2_PLACEMENT_3D('',#6242,#4976,#4977);
#4219=AXIS2_PLACEMENT_3D('',#6243,#4978,#4979);
#4220=AXIS2_PLACEMENT_3D('',#6247,#4982,#4983);
#4221=AXIS2_PLACEMENT_3D('',#6250,#4985,#4986);
#4222=AXIS2_PLACEMENT_3D('',#6251,#4987,#4988);
#4223=AXIS2_PLACEMENT_3D('',#6254,#4990,#4991);
#4224=AXIS2_PLACEMENT_3D('',#6255,#4992,#4993);
#4225=AXIS2_PLACEMENT_3D('',#6258,#4995,#4996);
#4226=AXIS2_PLACEMENT_3D('',#6259,#4997,#4998);
#4227=AXIS2_PLACEMENT_3D('',#6263,#5001,#5002);
#4228=AXIS2_PLACEMENT_3D('',#6266,#5004,#5005);
#4229=AXIS2_PLACEMENT_3D('',#6267,#5006,#5007);
#4230=AXIS2_PLACEMENT_3D('',#6270,#5009,#5010);
#4231=AXIS2_PLACEMENT_3D('',#6271,#5011,#5012);
#4232=AXIS2_PLACEMENT_3D('',#6275,#5015,#5016);
#4233=AXIS2_PLACEMENT_3D('',#6278,#5018,#5019);
#4234=AXIS2_PLACEMENT_3D('',#6279,#5020,#5021);
#4235=AXIS2_PLACEMENT_3D('',#6282,#5023,#5024);
#4236=AXIS2_PLACEMENT_3D('',#6283,#5025,#5026);
#4237=AXIS2_PLACEMENT_3D('',#6287,#5029,#5030);
#4238=AXIS2_PLACEMENT_3D('',#6291,#5033,#5034);
#4239=AXIS2_PLACEMENT_3D('',#6293,#5036,#5037);
#4240=AXIS2_PLACEMENT_3D('',#6299,#5041,#5042);
#4241=AXIS2_PLACEMENT_3D('',#6303,#5045,#5046);
#4242=AXIS2_PLACEMENT_3D('',#6306,#5048,#5049);
#4243=AXIS2_PLACEMENT_3D('',#6307,#5050,#5051);
#4244=AXIS2_PLACEMENT_3D('',#6310,#5053,#5054);
#4245=AXIS2_PLACEMENT_3D('',#6311,#5055,#5056);
#4246=AXIS2_PLACEMENT_3D('',#6315,#5059,#5060);
#4247=AXIS2_PLACEMENT_3D('',#6318,#5062,#5063);
#4248=AXIS2_PLACEMENT_3D('',#6319,#5064,#5065);
#4249=AXIS2_PLACEMENT_3D('',#6322,#5067,#5068);
#4250=AXIS2_PLACEMENT_3D('',#6323,#5069,#5070);
#4251=AXIS2_PLACEMENT_3D('',#6327,#5073,#5074);
#4252=AXIS2_PLACEMENT_3D('',#6330,#5076,#5077);
#4253=AXIS2_PLACEMENT_3D('',#6331,#5078,#5079);
#4254=AXIS2_PLACEMENT_3D('',#6334,#5081,#5082);
#4255=AXIS2_PLACEMENT_3D('',#6335,#5083,#5084);
#4256=AXIS2_PLACEMENT_3D('',#6339,#5087,#5088);
#4257=AXIS2_PLACEMENT_3D('',#6343,#5091,#5092);
#4258=AXIS2_PLACEMENT_3D('',#6347,#5095,#5096);
#4259=AXIS2_PLACEMENT_3D('',#6350,#5098,#5099);
#4260=AXIS2_PLACEMENT_3D('',#6351,#5100,#5101);
#4261=AXIS2_PLACEMENT_3D('',#6354,#5103,#5104);
#4262=AXIS2_PLACEMENT_3D('',#6355,#5105,#5106);
#4263=AXIS2_PLACEMENT_3D('',#6358,#5108,#5109);
#4264=AXIS2_PLACEMENT_3D('',#6359,#5110,#5111);
#4265=AXIS2_PLACEMENT_3D('',#6363,#5114,#5115);
#4266=AXIS2_PLACEMENT_3D('',#6366,#5117,#5118);
#4267=AXIS2_PLACEMENT_3D('',#6367,#5119,#5120);
#4268=AXIS2_PLACEMENT_3D('',#6370,#5122,#5123);
#4269=AXIS2_PLACEMENT_3D('',#6371,#5124,#5125);
#4270=AXIS2_PLACEMENT_3D('',#6374,#5127,#5128);
#4271=AXIS2_PLACEMENT_3D('',#6375,#5129,#5130);
#4272=AXIS2_PLACEMENT_3D('',#6379,#5133,#5134);
#4273=AXIS2_PLACEMENT_3D('',#6382,#5136,#5137);
#4274=AXIS2_PLACEMENT_3D('',#6383,#5138,#5139);
#4275=AXIS2_PLACEMENT_3D('',#6386,#5141,#5142);
#4276=AXIS2_PLACEMENT_3D('',#6387,#5143,#5144);
#4277=AXIS2_PLACEMENT_3D('',#6390,#5146,#5147);
#4278=AXIS2_PLACEMENT_3D('',#6391,#5148,#5149);
#4279=AXIS2_PLACEMENT_3D('',#6395,#5152,#5153);
#4280=AXIS2_PLACEMENT_3D('',#6398,#5155,#5156);
#4281=AXIS2_PLACEMENT_3D('',#6399,#5157,#5158);
#4282=AXIS2_PLACEMENT_3D('',#6402,#5160,#5161);
#4283=AXIS2_PLACEMENT_3D('',#6403,#5162,#5163);
#4284=AXIS2_PLACEMENT_3D('',#6407,#5166,#5167);
#4285=AXIS2_PLACEMENT_3D('',#6410,#5169,#5170);
#4286=AXIS2_PLACEMENT_3D('',#6411,#5171,#5172);
#4287=AXIS2_PLACEMENT_3D('',#6414,#5174,#5175);
#4288=AXIS2_PLACEMENT_3D('',#6415,#5176,#5177);
#4289=AXIS2_PLACEMENT_3D('',#6419,#5180,#5181);
#4290=AXIS2_PLACEMENT_3D('',#6423,#5184,#5185);
#4291=AXIS2_PLACEMENT_3D('',#6425,#5187,#5188);
#4292=AXIS2_PLACEMENT_3D('',#6430,#5191,#5192);
#4293=AXIS2_PLACEMENT_3D('',#6431,#5193,#5194);
#4294=AXIS2_PLACEMENT_3D('',#6434,#5196,#5197);
#4295=AXIS2_PLACEMENT_3D('',#6448,#5199,#5200);
#4296=AXIS2_PLACEMENT_3D('',#6465,#5204,#5205);
#4297=AXIS2_PLACEMENT_3D('',#6468,#5207,#5208);
#4298=AXIS2_PLACEMENT_3D('',#6469,#5209,#5210);
#4299=AXIS2_PLACEMENT_3D('',#6472,#5212,#5213);
#4300=AXIS2_PLACEMENT_3D('',#6473,#5214,#5215);
#4301=AXIS2_PLACEMENT_3D('',#6477,#5218,#5219);
#4302=AXIS2_PLACEMENT_3D('',#6480,#5221,#5222);
#4303=AXIS2_PLACEMENT_3D('',#6481,#5223,#5224);
#4304=AXIS2_PLACEMENT_3D('',#6484,#5226,#5227);
#4305=AXIS2_PLACEMENT_3D('',#6485,#5228,#5229);
#4306=AXIS2_PLACEMENT_3D('',#6488,#5231,#5232);
#4307=AXIS2_PLACEMENT_3D('',#6489,#5233,#5234);
#4308=AXIS2_PLACEMENT_3D('',#6493,#5237,#5238);
#4309=AXIS2_PLACEMENT_3D('',#6496,#5240,#5241);
#4310=AXIS2_PLACEMENT_3D('',#6497,#5242,#5243);
#4311=AXIS2_PLACEMENT_3D('',#6500,#5245,#5246);
#4312=AXIS2_PLACEMENT_3D('',#6501,#5247,#5248);
#4313=AXIS2_PLACEMENT_3D('',#6504,#5250,#5251);
#4314=AXIS2_PLACEMENT_3D('',#6505,#5252,#5253);
#4315=AXIS2_PLACEMENT_3D('',#6509,#5256,#5257);
#4316=AXIS2_PLACEMENT_3D('',#6513,#5260,#5261);
#4317=AXIS2_PLACEMENT_3D('',#6516,#5263,#5264);
#4318=AXIS2_PLACEMENT_3D('',#6517,#5265,#5266);
#4319=AXIS2_PLACEMENT_3D('',#6520,#5268,#5269);
#4320=AXIS2_PLACEMENT_3D('',#6521,#5270,#5271);
#4321=AXIS2_PLACEMENT_3D('',#6525,#5274,#5275);
#4322=AXIS2_PLACEMENT_3D('',#6529,#5278,#5279);
#4323=AXIS2_PLACEMENT_3D('',#6546,#5283,#5284);
#4324=AXIS2_PLACEMENT_3D('',#6549,#5286,#5287);
#4325=AXIS2_PLACEMENT_3D('',#6563,#5289,#5290);
#4326=AXIS2_PLACEMENT_3D('',#6580,#5294,#5295);
#4327=AXIS2_PLACEMENT_3D('',#6583,#5297,#5298);
#4328=AXIS2_PLACEMENT_3D('',#6584,#5299,#5300);
#4329=AXIS2_PLACEMENT_3D('',#6587,#5302,#5303);
#4330=AXIS2_PLACEMENT_3D('',#6588,#5304,#5305);
#4331=AXIS2_PLACEMENT_3D('',#6605,#5309,#5310);
#4332=AXIS2_PLACEMENT_3D('',#6608,#5312,#5313);
#4333=AXIS2_PLACEMENT_3D('',#6609,#5314,#5315);
#4334=AXIS2_PLACEMENT_3D('',#6612,#5317,#5318);
#4335=AXIS2_PLACEMENT_3D('',#6613,#5319,#5320);
#4336=AXIS2_PLACEMENT_3D('',#6617,#5323,#5324);
#4337=AXIS2_PLACEMENT_3D('',#6620,#5326,#5327);
#4338=AXIS2_PLACEMENT_3D('',#6621,#5328,#5329);
#4339=AXIS2_PLACEMENT_3D('',#6624,#5331,#5332);
#4340=AXIS2_PLACEMENT_3D('',#6638,#5334,#5335);
#4341=AXIS2_PLACEMENT_3D('',#6640,#5337,#5338);
#4342=AXIS2_PLACEMENT_3D('',#6646,#5342,#5343);
#4343=AXIS2_PLACEMENT_3D('',#6649,#5345,#5346);
#4344=AXIS2_PLACEMENT_3D('',#6650,#5347,#5348);
#4345=AXIS2_PLACEMENT_3D('',#6653,#5350,#5351);
#4346=AXIS2_PLACEMENT_3D('',#6654,#5352,#5353);
#4347=AXIS2_PLACEMENT_3D('',#6658,#5356,#5357);
#4348=AXIS2_PLACEMENT_3D('',#6661,#5359,#5360);
#4349=AXIS2_PLACEMENT_3D('',#6662,#5361,#5362);
#4350=AXIS2_PLACEMENT_3D('',#6665,#5364,#5365);
#4351=AXIS2_PLACEMENT_3D('',#6666,#5366,#5367);
#4352=AXIS2_PLACEMENT_3D('',#6670,#5370,#5371);
#4353=AXIS2_PLACEMENT_3D('',#6674,#5374,#5375);
#4354=AXIS2_PLACEMENT_3D('',#6691,#5379,#5380);
#4355=AXIS2_PLACEMENT_3D('',#6694,#5382,#5383);
#4356=AXIS2_PLACEMENT_3D('',#6695,#5384,#5385);
#4357=AXIS2_PLACEMENT_3D('',#6698,#5387,#5388);
#4358=AXIS2_PLACEMENT_3D('',#6699,#5389,#5390);
#4359=AXIS2_PLACEMENT_3D('',#6703,#5393,#5394);
#4360=AXIS2_PLACEMENT_3D('',#6707,#5397,#5398);
#4361=AXIS2_PLACEMENT_3D('',#6709,#5400,#5401);
#4362=AXIS2_PLACEMENT_3D('',#6728,#5406,#5407);
#4363=AXIS2_PLACEMENT_3D('',#6731,#5409,#5410);
#4364=AXIS2_PLACEMENT_3D('',#6732,#5411,#5412);
#4365=AXIS2_PLACEMENT_3D('',#6735,#5414,#5415);
#4366=AXIS2_PLACEMENT_3D('',#6736,#5416,#5417);
#4367=AXIS2_PLACEMENT_3D('',#6740,#5420,#5421);
#4368=AXIS2_PLACEMENT_3D('',#6744,#5424,#5425);
#4369=AXIS2_PLACEMENT_3D('',#6748,#5428,#5429);
#4370=AXIS2_PLACEMENT_3D('',#6751,#5431,#5432);
#4371=AXIS2_PLACEMENT_3D('',#6752,#5433,#5434);
#4372=AXIS2_PLACEMENT_3D('',#6755,#5436,#5437);
#4373=AXIS2_PLACEMENT_3D('',#6756,#5438,#5439);
#4374=AXIS2_PLACEMENT_3D('',#6760,#5442,#5443);
#4375=AXIS2_PLACEMENT_3D('',#6764,#5446,#5447);
#4376=AXIS2_PLACEMENT_3D('',#6781,#5451,#5452);
#4377=AXIS2_PLACEMENT_3D('',#6784,#5454,#5455);
#4378=AXIS2_PLACEMENT_3D('',#6785,#5456,#5457);
#4379=AXIS2_PLACEMENT_3D('',#6788,#5459,#5460);
#4380=AXIS2_PLACEMENT_3D('',#6789,#5461,#5462);
#4381=AXIS2_PLACEMENT_3D('',#6791,#5464,#5465);
#4382=AXIS2_PLACEMENT_3D('',#6797,#5469,#5470);
#4383=AXIS2_PLACEMENT_3D('',#6803,#5474,#5475);
#4384=AXIS2_PLACEMENT_3D('',#6807,#5478,#5479);
#4385=AXIS2_PLACEMENT_3D('',#6811,#5482,#5483);
#4386=AXIS2_PLACEMENT_3D('',#6815,#5486,#5487);
#4387=AXIS2_PLACEMENT_3D('',#6819,#5490,#5491);
#4388=AXIS2_PLACEMENT_3D('',#6823,#5494,#5495);
#4389=AXIS2_PLACEMENT_3D('',#6827,#5498,#5499);
#4390=AXIS2_PLACEMENT_3D('',#6830,#5502,#5503);
#4391=AXIS2_PLACEMENT_3D('',#6831,#5504,#5505);
#4392=AXIS2_PLACEMENT_3D('',#6832,#5506,#5507);
#4393=AXIS2_PLACEMENT_3D('',#6838,#5511,#5512);
#4394=AXIS2_PLACEMENT_3D('',#6842,#5515,#5516);
#4395=AXIS2_PLACEMENT_3D('',#6846,#5519,#5520);
#4396=AXIS2_PLACEMENT_3D('',#6848,#5522,#5523);
#4397=AXIS2_PLACEMENT_3D('',#6849,#5524,#5525);
#4398=AXIS2_PLACEMENT_3D('',#6855,#5529,#5530);
#4399=AXIS2_PLACEMENT_3D('',#6859,#5533,#5534);
#4400=AXIS2_PLACEMENT_3D('',#6863,#5537,#5538);
#4401=AXIS2_PLACEMENT_3D('',#6865,#5540,#5541);
#4402=DIRECTION('',(0.,0.,1.));
#4403=DIRECTION('',(1.,0.,0.));
#4404=DIRECTION('',(0.,0.,1.));
#4405=DIRECTION('',(1.,0.,0.));
#4406=DIRECTION('',(0.,1.,0.));
#4407=DIRECTION('',(1.,0.,0.));
#4408=DIRECTION('',(0.,1.,0.));
#4409=DIRECTION('',(1.,0.,0.));
#4410=DIRECTION('',(-1.,-9.10615997888087E-17,0.));
#4411=DIRECTION('',(-1.22464679914735E-16,1.,0.));
#4412=DIRECTION('',(1.,0.,0.));
#4413=DIRECTION('',(0.707106781186548,-0.707106781186547,0.));
#4414=DIRECTION('',(0.,1.,0.));
#4415=DIRECTION('',(0.707106781186548,0.707106781186547,0.));
#4416=DIRECTION('',(1.,0.,0.));
#4417=DIRECTION('',(-1.22464679914735E-16,1.,0.));
#4418=DIRECTION('',(1.,0.,0.));
#4419=DIRECTION('',(0.,1.,0.));
#4420=DIRECTION('',(0.,1.,0.));
#4421=DIRECTION('',(-1.,-1.61128667186695E-17,0.));
#4422=DIRECTION('',(0.,1.,0.));
#4423=DIRECTION('',(1.,0.,0.));
#4424=DIRECTION('',(0.,0.,1.));
#4425=DIRECTION('',(1.,0.,0.));
#4426=DIRECTION('',(0.,0.,-1.));
#4427=DIRECTION('',(-1.,0.,0.));
#4428=DIRECTION('',(1.,0.,0.));
#4429=DIRECTION('',(0.,0.,-1.));
#4430=DIRECTION('',(-1.,0.,0.));
#4431=DIRECTION('',(0.,0.,-1.));
#4432=DIRECTION('',(-1.,0.,0.));
#4433=DIRECTION('',(0.,1.,0.));
#4434=DIRECTION('',(0.,0.,-1.));
#4435=DIRECTION('',(-1.,0.,0.));
#4436=DIRECTION('',(0.,0.,-1.));
#4437=DIRECTION('',(-1.,0.,0.));
#4438=DIRECTION('',(-1.,0.,0.));
#4439=DIRECTION('',(0.,-1.,0.));
#4440=DIRECTION('',(0.,0.,-1.));
#4441=DIRECTION('',(-1.,0.,0.));
#4442=DIRECTION('',(0.,0.,1.));
#4443=DIRECTION('',(1.,0.,0.));
#4444=DIRECTION('',(0.,0.,-1.));
#4445=DIRECTION('',(-1.,0.,0.));
#4446=DIRECTION('',(1.,0.,0.));
#4447=DIRECTION('',(0.,0.,-1.));
#4448=DIRECTION('',(-1.,0.,0.));
#4449=DIRECTION('',(0.,0.,-1.));
#4450=DIRECTION('',(-1.,0.,0.));
#4451=DIRECTION('',(0.,1.,0.));
#4452=DIRECTION('',(0.,0.,-1.));
#4453=DIRECTION('',(-1.,0.,0.));
#4454=DIRECTION('',(0.,0.,-1.));
#4455=DIRECTION('',(-1.,0.,0.));
#4456=DIRECTION('',(-1.,0.,0.));
#4457=DIRECTION('',(0.,0.,-1.));
#4458=DIRECTION('',(-1.,0.,0.));
#4459=DIRECTION('',(0.,0.,-1.));
#4460=DIRECTION('',(-1.,0.,0.));
#4461=DIRECTION('',(0.,-1.,0.));
#4462=DIRECTION('',(0.,0.,-1.));
#4463=DIRECTION('',(-1.,0.,0.));
#4464=DIRECTION('',(0.,0.,1.));
#4465=DIRECTION('',(1.,0.,0.));
#4466=DIRECTION('',(0.,0.,-1.));
#4467=DIRECTION('',(-1.,0.,0.));
#4468=DIRECTION('',(1.,0.,0.));
#4469=DIRECTION('',(0.,0.,-1.));
#4470=DIRECTION('',(-1.,0.,0.));
#4471=DIRECTION('',(0.,0.,-1.));
#4472=DIRECTION('',(-1.,0.,0.));
#4473=DIRECTION('',(0.,1.,0.));
#4474=DIRECTION('',(0.,0.,-1.));
#4475=DIRECTION('',(-1.,0.,0.));
#4476=DIRECTION('',(0.,0.,-1.));
#4477=DIRECTION('',(-1.,0.,0.));
#4478=DIRECTION('',(-1.,0.,0.));
#4479=DIRECTION('',(0.,0.,-1.));
#4480=DIRECTION('',(-1.,0.,0.));
#4481=DIRECTION('',(0.,0.,-1.));
#4482=DIRECTION('',(-1.,0.,0.));
#4483=DIRECTION('',(0.,-1.,0.));
#4484=DIRECTION('',(0.,0.,-1.));
#4485=DIRECTION('',(-1.,0.,0.));
#4486=DIRECTION('',(0.,0.,1.));
#4487=DIRECTION('',(1.,0.,0.));
#4488=DIRECTION('',(0.,0.,-1.));
#4489=DIRECTION('',(-1.,0.,0.));
#4490=DIRECTION('',(1.,0.,0.));
#4491=DIRECTION('',(0.,1.,0.));
#4492=DIRECTION('',(-1.,0.,0.));
#4493=DIRECTION('',(0.,-1.,0.));
#4494=DIRECTION('',(0.,0.,-1.));
#4495=DIRECTION('',(-1.,0.,0.));
#4496=DIRECTION('',(0.,0.,-1.));
#4497=DIRECTION('',(0.382004760381901,-0.924160355698927,0.));
#4498=DIRECTION('',(0.,0.,-1.));
#4499=DIRECTION('',(-1.,0.,0.));
#4500=DIRECTION('',(0.,0.,-1.));
#4501=DIRECTION('',(0.,0.,-1.));
#4502=DIRECTION('',(0.,0.,-1.));
#4503=DIRECTION('',(0.924160355699203,-0.382004760381232,0.));
#4504=DIRECTION('',(0.,0.,-1.));
#4505=DIRECTION('',(-1.,0.,0.));
#4506=DIRECTION('',(0.,0.,-1.));
#4507=DIRECTION('',(-1.,0.,0.));
#4508=DIRECTION('',(0.,0.,1.));
#4509=DIRECTION('',(0.,1.,0.));
#4510=DIRECTION('',(0.,0.,-1.));
#4511=DIRECTION('',(0.,0.,-1.));
#4512=DIRECTION('',(0.924160355699199,0.382004760381243,0.));
#4513=DIRECTION('',(0.,0.,-1.));
#4514=DIRECTION('',(-1.,0.,0.));
#4515=DIRECTION('',(0.,0.,-1.));
#4516=DIRECTION('',(0.,0.,-1.));
#4517=DIRECTION('',(0.382004760381899,0.924160355698928,0.));
#4518=DIRECTION('',(0.,0.,-1.));
#4519=DIRECTION('',(-1.,0.,0.));
#4520=DIRECTION('',(0.,0.,-1.));
#4521=DIRECTION('',(0.,-1.,0.));
#4522=DIRECTION('',(0.,0.,-1.));
#4523=DIRECTION('',(-1.,0.,0.));
#4524=DIRECTION('',(0.,0.,-1.));
#4525=DIRECTION('',(1.,0.,0.));
#4526=DIRECTION('',(0.,0.,-1.));
#4527=DIRECTION('',(0.,-1.,0.));
#4528=DIRECTION('',(0.,0.,-1.));
#4529=DIRECTION('',(0.,0.,-1.));
#4530=DIRECTION('',(-0.924160355699463,-0.382004760380604,0.));
#4531=DIRECTION('',(0.,0.,-1.));
#4532=DIRECTION('',(-1.,0.,0.));
#4533=DIRECTION('',(0.,0.,-1.));
#4534=DIRECTION('',(0.,0.,-1.));
#4535=DIRECTION('',(-0.382004760381561,-0.924160355699067,0.));
#4536=DIRECTION('',(0.,0.,-1.));
#4537=DIRECTION('',(-1.,0.,0.));
#4538=DIRECTION('',(0.,0.,-1.));
#4539=DIRECTION('',(0.,1.,0.));
#4540=DIRECTION('',(0.,0.,1.));
#4541=DIRECTION('',(1.,0.,0.));
#4542=DIRECTION('',(0.,0.,-1.));
#4543=DIRECTION('',(0.382004760381552,-0.924160355699071,0.));
#4544=DIRECTION('',(0.,0.,-1.));
#4545=DIRECTION('',(-1.,0.,0.));
#4546=DIRECTION('',(0.,0.,-1.));
#4547=DIRECTION('',(0.,0.,-1.));
#4548=DIRECTION('',(0.,0.,-1.));
#4549=DIRECTION('',(0.924160355699368,-0.382004760380832,0.));
#4550=DIRECTION('',(0.,0.,-1.));
#4551=DIRECTION('',(-1.,0.,0.));
#4552=DIRECTION('',(0.,0.,-1.));
#4553=DIRECTION('',(-1.,0.,0.));
#4554=DIRECTION('',(0.,0.,1.));
#4555=DIRECTION('',(0.,1.,0.));
#4556=DIRECTION('',(0.,0.,-1.));
#4557=DIRECTION('',(0.,0.,-1.));
#4558=DIRECTION('',(0.924160355699281,0.382004760381042,0.));
#4559=DIRECTION('',(0.,0.,-1.));
#4560=DIRECTION('',(-1.,0.,0.));
#4561=DIRECTION('',(0.,0.,-1.));
#4562=DIRECTION('',(0.,0.,-1.));
#4563=DIRECTION('',(0.382004760381521,0.924160355699084,0.));
#4564=DIRECTION('',(0.,0.,-1.));
#4565=DIRECTION('',(-1.,0.,0.));
#4566=DIRECTION('',(0.,0.,-1.));
#4567=DIRECTION('',(0.,-1.,0.));
#4568=DIRECTION('',(0.,0.,-1.));
#4569=DIRECTION('',(-1.,0.,0.));
#4570=DIRECTION('',(0.,0.,-1.));
#4571=DIRECTION('',(0.,0.,-1.));
#4572=DIRECTION('',(-0.382004760381647,0.924160355699031,0.));
#4573=DIRECTION('',(0.,0.,-1.));
#4574=DIRECTION('',(-1.,0.,0.));
#4575=DIRECTION('',(0.,0.,-1.));
#4576=DIRECTION('',(0.,0.,-1.));
#4577=DIRECTION('',(-0.924160355698947,0.382004760381851,0.));
#4578=DIRECTION('',(0.,0.,-1.));
#4579=DIRECTION('',(-1.,0.,0.));
#4580=DIRECTION('',(0.,0.,-1.));
#4581=DIRECTION('',(1.,0.,0.));
#4582=DIRECTION('',(0.,0.,-1.));
#4583=DIRECTION('',(0.,-1.,0.));
#4584=DIRECTION('',(0.,0.,-1.));
#4585=DIRECTION('',(0.,0.,-1.));
#4586=DIRECTION('',(-0.924160355698947,-0.382004760381851,0.));
#4587=DIRECTION('',(0.,0.,-1.));
#4588=DIRECTION('',(-1.,0.,0.));
#4589=DIRECTION('',(0.,0.,-1.));
#4590=DIRECTION('',(0.,0.,-1.));
#4591=DIRECTION('',(-0.382004760381721,-0.924160355699001,0.));
#4592=DIRECTION('',(0.,0.,-1.));
#4593=DIRECTION('',(-1.,0.,0.));
#4594=DIRECTION('',(0.,0.,-1.));
#4595=DIRECTION('',(0.,1.,0.));
#4596=DIRECTION('',(0.,0.,1.));
#4597=DIRECTION('',(1.,0.,0.));
#4598=DIRECTION('',(0.,0.,-1.));
#4599=DIRECTION('',(0.382004760381803,-0.924160355698967,0.));
#4600=DIRECTION('',(0.,0.,-1.));
#4601=DIRECTION('',(-1.,0.,0.));
#4602=DIRECTION('',(0.,0.,-1.));
#4603=DIRECTION('',(0.,0.,-1.));
#4604=DIRECTION('',(0.,0.,-1.));
#4605=DIRECTION('',(0.924160355699193,-0.382004760381256,0.));
#4606=DIRECTION('',(0.,0.,-1.));
#4607=DIRECTION('',(-1.,0.,0.));
#4608=DIRECTION('',(0.,0.,-1.));
#4609=DIRECTION('',(-1.,0.,0.));
#4610=DIRECTION('',(0.,0.,1.));
#4611=DIRECTION('',(0.,1.,0.));
#4612=DIRECTION('',(0.,0.,-1.));
#4613=DIRECTION('',(0.,0.,-1.));
#4614=DIRECTION('',(0.924160355699206,0.382004760381224,0.));
#4615=DIRECTION('',(0.,0.,-1.));
#4616=DIRECTION('',(-1.,0.,0.));
#4617=DIRECTION('',(0.,0.,-1.));
#4618=DIRECTION('',(0.,0.,-1.));
#4619=DIRECTION('',(0.382004760381794,0.924160355698971,0.));
#4620=DIRECTION('',(0.,0.,-1.));
#4621=DIRECTION('',(-1.,0.,0.));
#4622=DIRECTION('',(0.,0.,-1.));
#4623=DIRECTION('',(0.,-1.,0.));
#4624=DIRECTION('',(0.,0.,-1.));
#4625=DIRECTION('',(-1.,0.,0.));
#4626=DIRECTION('',(0.,0.,-1.));
#4627=DIRECTION('',(0.,0.,-1.));
#4628=DIRECTION('',(-0.382004760381391,0.924160355699137,0.));
#4629=DIRECTION('',(0.,0.,-1.));
#4630=DIRECTION('',(-1.,0.,0.));
#4631=DIRECTION('',(0.,0.,-1.));
#4632=DIRECTION('',(0.,0.,-1.));
#4633=DIRECTION('',(-0.924160355699303,0.38200476038099,0.));
#4634=DIRECTION('',(0.,0.,-1.));
#4635=DIRECTION('',(-1.,0.,0.));
#4636=DIRECTION('',(0.,0.,-1.));
#4637=DIRECTION('',(1.,0.,0.));
#4638=DIRECTION('',(0.,0.,-1.));
#4639=DIRECTION('',(0.,-1.,0.));
#4640=DIRECTION('',(0.,0.,-1.));
#4641=DIRECTION('',(0.,0.,-1.));
#4642=DIRECTION('',(-0.92416035569944,-0.382004760380659,0.));
#4643=DIRECTION('',(0.,0.,-1.));
#4644=DIRECTION('',(-1.,0.,0.));
#4645=DIRECTION('',(0.,0.,-1.));
#4646=DIRECTION('',(0.,0.,-1.));
#4647=DIRECTION('',(-0.382004760381342,-0.924160355699157,0.));
#4648=DIRECTION('',(0.,0.,-1.));
#4649=DIRECTION('',(-1.,0.,0.));
#4650=DIRECTION('',(0.,0.,-1.));
#4651=DIRECTION('',(0.,1.,0.));
#4652=DIRECTION('',(0.,0.,1.));
#4653=DIRECTION('',(1.,0.,0.));
#4654=DIRECTION('',(-1.,0.,0.));
#4655=DIRECTION('',(0.,0.,1.));
#4656=DIRECTION('',(0.,1.,0.));
#4657=DIRECTION('',(0.,0.,-1.));
#4658=DIRECTION('',(0.,0.,-1.));
#4659=DIRECTION('',(0.,-1.,0.));
#4660=DIRECTION('',(0.,0.,-1.));
#4661=DIRECTION('',(-1.,0.,0.));
#4662=DIRECTION('',(0.,0.,-1.));
#4663=DIRECTION('',(1.,0.,0.));
#4664=DIRECTION('',(0.,0.,-1.));
#4665=DIRECTION('',(0.,-1.,0.));
#4666=DIRECTION('',(0.,0.,-1.));
#4667=DIRECTION('',(0.,0.,-1.));
#4668=DIRECTION('',(-0.924160355699237,-0.382004760381151,0.));
#4669=DIRECTION('',(0.,0.,-1.));
#4670=DIRECTION('',(-1.,0.,0.));
#4671=DIRECTION('',(0.,0.,-1.));
#4672=DIRECTION('',(0.,0.,-1.));
#4673=DIRECTION('',(-0.38200476038124,-0.9241603556992,0.));
#4674=DIRECTION('',(0.,0.,-1.));
#4675=DIRECTION('',(-1.,0.,0.));
#4676=DIRECTION('',(0.,0.,-1.));
#4677=DIRECTION('',(0.,1.,0.));
#4678=DIRECTION('',(0.,0.,1.));
#4679=DIRECTION('',(1.,0.,0.));
#4680=DIRECTION('',(0.,0.,1.));
#4681=DIRECTION('',(1.,0.,0.));
#4682=DIRECTION('',(0.64305669874902,-0.765818570024267,0.));
#4683=DIRECTION('',(-1.,-1.61128667186695E-17,0.));
#4684=DIRECTION('',(0.,1.,0.));
#4685=DIRECTION('',(-1.,0.,0.));
#4686=DIRECTION('',(0.,-1.,0.));
#4687=DIRECTION('',(-0.645744177635306,0.763553833760333,0.));
#4688=DIRECTION('',(-0.643148916455041,-0.765741125487398,0.));
#4689=DIRECTION('',(0.,1.,0.));
#4690=DIRECTION('',(-1.,0.,0.));
#4691=DIRECTION('',(0.,-1.,0.));
#4692=DIRECTION('',(-1.,-1.61128667186695E-17,0.));
#4693=DIRECTION('',(0.641472712737841,0.767145852372778,0.));
#4694=DIRECTION('',(0.,0.,1.));
#4695=DIRECTION('',(1.,0.,0.));
#4696=DIRECTION('',(0.,0.,-1.));
#4697=DIRECTION('',(-1.,0.,0.));
#4698=DIRECTION('',(0.,1.,0.));
#4699=DIRECTION('',(0.,0.,-1.));
#4700=DIRECTION('',(-1.,0.,0.));
#4701=DIRECTION('',(0.,0.,-1.));
#4702=DIRECTION('',(-1.,0.,0.));
#4703=DIRECTION('',(0.,0.,-1.));
#4704=DIRECTION('',(-1.,0.,0.));
#4705=DIRECTION('',(-1.,0.,0.));
#4706=DIRECTION('',(0.,0.,-1.));
#4707=DIRECTION('',(-1.,0.,0.));
#4708=DIRECTION('',(0.,0.,-1.));
#4709=DIRECTION('',(-1.,0.,0.));
#4710=DIRECTION('',(0.,0.,-1.));
#4711=DIRECTION('',(-1.,0.,0.));
#4712=DIRECTION('',(0.,-1.,0.));
#4713=DIRECTION('',(0.,0.,-1.));
#4714=DIRECTION('',(-1.,0.,0.));
#4715=DIRECTION('',(0.,0.,-1.));
#4716=DIRECTION('',(-1.,0.,0.));
#4717=DIRECTION('',(0.,0.,-1.));
#4718=DIRECTION('',(-1.,0.,0.));
#4719=DIRECTION('',(1.,0.,0.));
#4720=DIRECTION('',(0.,0.,-1.));
#4721=DIRECTION('',(-1.,0.,0.));
#4722=DIRECTION('',(0.,0.,-1.));
#4723=DIRECTION('',(-1.,0.,0.));
#4724=DIRECTION('',(0.,-1.,0.));
#4725=DIRECTION('',(0.,0.,-1.));
#4726=DIRECTION('',(-1.,0.,0.));
#4727=DIRECTION('',(0.,0.,-1.));
#4728=DIRECTION('',(-1.,0.,0.));
#4729=DIRECTION('',(-1.,0.,0.));
#4730=DIRECTION('',(0.,-1.,0.));
#4731=DIRECTION('',(-1.,-1.61128667186695E-17,0.));
#4732=DIRECTION('',(0.,0.,1.));
#4733=DIRECTION('',(1.,0.,0.));
#4734=DIRECTION('',(0.,1.,0.));
#4735=DIRECTION('',(-1.,0.,0.));
#4736=DIRECTION('',(0.,0.,-1.));
#4737=DIRECTION('',(-1.,0.,0.));
#4738=DIRECTION('',(0.,0.,-1.));
#4739=DIRECTION('',(-1.,0.,0.));
#4740=DIRECTION('',(0.,1.,0.));
#4741=DIRECTION('',(0.,0.,-1.));
#4742=DIRECTION('',(-1.,0.,0.));
#4743=DIRECTION('',(0.,0.,-1.));
#4744=DIRECTION('',(-1.,0.,0.));
#4745=DIRECTION('',(1.,0.,0.));
#4746=DIRECTION('',(0.,0.,-1.));
#4747=DIRECTION('',(-1.,0.,0.));
#4748=DIRECTION('',(0.,0.,-1.));
#4749=DIRECTION('',(-1.,0.,0.));
#4750=DIRECTION('',(0.,-1.,0.));
#4751=DIRECTION('',(1.,0.,0.));
#4752=DIRECTION('',(0.,1.,0.));
#4753=DIRECTION('',(0.,0.,-1.));
#4754=DIRECTION('',(-1.,0.,0.));
#4755=DIRECTION('',(0.,0.,-1.));
#4756=DIRECTION('',(-1.,0.,0.));
#4757=DIRECTION('',(0.,0.,-1.));
#4758=DIRECTION('',(-1.,0.,0.));
#4759=DIRECTION('',(-1.,0.,0.));
#4760=DIRECTION('',(0.,0.,-1.));
#4761=DIRECTION('',(-1.,0.,0.));
#4762=DIRECTION('',(0.,0.,-1.));
#4763=DIRECTION('',(-1.,0.,0.));
#4764=DIRECTION('',(0.,0.,-1.));
#4765=DIRECTION('',(-1.,0.,0.));
#4766=DIRECTION('',(0.,-1.,0.));
#4767=DIRECTION('',(0.,0.,-1.));
#4768=DIRECTION('',(-1.,0.,0.));
#4769=DIRECTION('',(0.,0.,-1.));
#4770=DIRECTION('',(-1.,0.,0.));
#4771=DIRECTION('',(0.,0.,-1.));
#4772=DIRECTION('',(-1.,0.,0.));
#4773=DIRECTION('',(1.,0.,0.));
#4774=DIRECTION('',(0.,0.,-1.));
#4775=DIRECTION('',(-1.,0.,0.));
#4776=DIRECTION('',(0.,0.,-1.));
#4777=DIRECTION('',(-1.,0.,0.));
#4778=DIRECTION('',(0.,-1.,0.));
#4779=DIRECTION('',(0.,0.,-1.));
#4780=DIRECTION('',(-1.,0.,0.));
#4781=DIRECTION('',(0.,0.,-1.));
#4782=DIRECTION('',(-1.,0.,0.));
#4783=DIRECTION('',(-1.,0.,0.));
#4784=DIRECTION('',(0.,-1.,0.));
#4785=DIRECTION('',(-1.,-1.61128667186695E-17,0.));
#4786=DIRECTION('',(0.,0.,1.));
#4787=DIRECTION('',(1.,0.,0.));
#4788=DIRECTION('',(0.,1.,0.));
#4789=DIRECTION('',(-1.,0.,0.));
#4790=DIRECTION('',(0.,0.,-1.));
#4791=DIRECTION('',(-1.,0.,0.));
#4792=DIRECTION('',(0.,0.,-1.));
#4793=DIRECTION('',(-1.,0.,0.));
#4794=DIRECTION('',(0.,-1.,0.));
#4795=DIRECTION('',(0.,0.,-1.));
#4796=DIRECTION('',(-1.,0.,0.));
#4797=DIRECTION('',(0.,0.,-1.));
#4798=DIRECTION('',(-1.,0.,0.));
#4799=DIRECTION('',(1.,0.,0.));
#4800=DIRECTION('',(0.,0.,-1.));
#4801=DIRECTION('',(-1.,0.,0.));
#4802=DIRECTION('',(0.,0.,-1.));
#4803=DIRECTION('',(-1.,0.,0.));
#4804=DIRECTION('',(0.,0.,-1.));
#4805=DIRECTION('',(-1.,0.,0.));
#4806=DIRECTION('',(0.,1.,0.));
#4807=DIRECTION('',(0.,0.,-1.));
#4808=DIRECTION('',(-1.,0.,0.));
#4809=DIRECTION('',(0.,0.,-1.));
#4810=DIRECTION('',(-1.,0.,0.));
#4811=DIRECTION('',(0.,0.,-1.));
#4812=DIRECTION('',(-1.,0.,0.));
#4813=DIRECTION('',(-1.,0.,0.));
#4814=DIRECTION('',(0.,1.,0.));
#4815=DIRECTION('',(0.,0.,-1.));
#4816=DIRECTION('',(-1.,0.,0.));
#4817=DIRECTION('',(0.,0.,-1.));
#4818=DIRECTION('',(-1.,0.,0.));
#4819=DIRECTION('',(1.,0.,0.));
#4820=DIRECTION('',(0.,0.,1.));
#4821=DIRECTION('',(1.,0.,0.));
#4822=DIRECTION('',(-1.,0.,0.));
#4823=DIRECTION('',(0.,0.,-1.));
#4824=DIRECTION('',(-1.,0.,0.));
#4825=DIRECTION('',(0.,-1.,0.));
#4826=DIRECTION('',(0.,0.,-1.));
#4827=DIRECTION('',(-1.,0.,0.));
#4828=DIRECTION('',(0.,0.,-1.));
#4829=DIRECTION('',(-1.,0.,0.));
#4830=DIRECTION('',(1.,0.,0.));
#4831=DIRECTION('',(0.,0.,-1.));
#4832=DIRECTION('',(-1.,0.,0.));
#4833=DIRECTION('',(0.,0.,-1.));
#4834=DIRECTION('',(-1.,0.,0.));
#4835=DIRECTION('',(0.,1.,0.));
#4836=DIRECTION('',(0.,0.,-1.));
#4837=DIRECTION('',(-1.,0.,0.));
#4838=DIRECTION('',(0.,0.,-1.));
#4839=DIRECTION('',(-1.,0.,0.));
#4840=DIRECTION('',(0.,0.,1.));
#4841=DIRECTION('',(1.,0.,0.));
#4842=DIRECTION('',(0.,1.,0.));
#4843=DIRECTION('',(-1.,0.,0.));
#4844=DIRECTION('',(0.,-1.,0.));
#4845=DIRECTION('',(0.,0.,-1.));
#4846=DIRECTION('',(-1.,0.,0.));
#4847=DIRECTION('',(0.,0.,-1.));
#4848=DIRECTION('',(-1.,0.,0.));
#4849=DIRECTION('',(-1.,0.,0.));
#4850=DIRECTION('',(0.,0.,-1.));
#4851=DIRECTION('',(-1.,0.,0.));
#4852=DIRECTION('',(0.,0.,-1.));
#4853=DIRECTION('',(-1.,0.,0.));
#4854=DIRECTION('',(0.,1.,0.));
#4855=DIRECTION('',(-1.,0.,0.));
#4856=DIRECTION('',(0.,-1.,0.));
#4857=DIRECTION('',(0.,0.,-1.));
#4858=DIRECTION('',(-1.,0.,0.));
#4859=DIRECTION('',(0.,0.,-1.));
#4860=DIRECTION('',(-1.,0.,0.));
#4861=DIRECTION('',(1.,0.,0.));
#4862=DIRECTION('',(0.,0.,1.));
#4863=DIRECTION('',(1.,0.,0.));
#4864=DIRECTION('',(0.,0.,-1.));
#4865=DIRECTION('',(-1.,0.,0.));
#4866=DIRECTION('',(-1.,0.,0.));
#4867=DIRECTION('',(0.,-1.,0.));
#4868=DIRECTION('',(0.,0.,-1.));
#4869=DIRECTION('',(-1.,0.,0.));
#4870=DIRECTION('',(0.,0.,-1.));
#4871=DIRECTION('',(-1.,0.,0.));
#4872=DIRECTION('',(1.,0.,0.));
#4873=DIRECTION('',(0.,1.,0.));
#4874=DIRECTION('',(-1.,0.,0.));
#4875=DIRECTION('',(0.,0.,-1.));
#4876=DIRECTION('',(-1.,0.,0.));
#4877=DIRECTION('',(0.,0.,-1.));
#4878=DIRECTION('',(-1.,0.,0.));
#4879=DIRECTION('',(0.,1.,0.));
#4880=DIRECTION('',(1.,0.,0.));
#4881=DIRECTION('',(0.,1.,0.));
#4882=DIRECTION('',(0.,0.,-1.));
#4883=DIRECTION('',(-1.,0.,0.));
#4884=DIRECTION('',(-0.767145852372778,0.641472712737841,0.));
#4885=DIRECTION('',(-0.641472712737841,-0.767145852372778,0.));
#4886=DIRECTION('',(0.,0.,-1.));
#4887=DIRECTION('',(0.,0.,-1.));
#4888=DIRECTION('',(0.641472712737841,0.767145852372778,0.));
#4889=DIRECTION('',(0.765818570024266,0.64305669874902,0.));
#4890=DIRECTION('',(-0.64305669874902,0.765818570024267,0.));
#4891=DIRECTION('',(0.,0.,-1.));
#4892=DIRECTION('',(0.64305669874902,-0.765818570024267,0.));
#4893=DIRECTION('',(1.61128667186695E-17,-1.,0.));
#4894=DIRECTION('',(1.,1.61128667186695E-17,0.));
#4895=DIRECTION('',(-1.,-1.61128667186695E-17,0.));
#4896=DIRECTION('',(0.,0.,-1.));
#4897=DIRECTION('',(-1.,0.,0.));
#4898=DIRECTION('',(0.,0.,1.));
#4899=DIRECTION('',(0.,0.,-1.));
#4900=DIRECTION('',(0.,1.,0.));
#4901=DIRECTION('',(0.,-1.,0.));
#4902=DIRECTION('',(0.,0.,-1.));
#4903=DIRECTION('',(0.,0.,-1.));
#4904=DIRECTION('',(-1.,0.,0.));
#4905=DIRECTION('',(1.,0.,0.));
#4906=DIRECTION('',(0.,0.,-1.));
#4907=DIRECTION('',(0.,0.,-1.));
#4908=DIRECTION('',(0.,-1.,0.));
#4909=DIRECTION('',(-0.763553833760333,-0.645744177635306,0.));
#4910=DIRECTION('',(0.645744177635306,-0.763553833760333,0.));
#4911=DIRECTION('',(0.,0.,-1.));
#4912=DIRECTION('',(-0.645744177635306,0.763553833760333,0.));
#4913=DIRECTION('',(0.765741125487398,-0.643148916455041,0.));
#4914=DIRECTION('',(0.643148916455041,0.765741125487398,0.));
#4915=DIRECTION('',(0.,0.,-1.));
#4916=DIRECTION('',(-0.643148916455041,-0.765741125487398,0.));
#4917=DIRECTION('',(-1.,0.,0.));
#4918=DIRECTION('',(0.,0.,1.));
#4919=DIRECTION('',(0.,0.,-1.));
#4920=DIRECTION('',(0.,1.,0.));
#4921=DIRECTION('',(0.,-1.,0.));
#4922=DIRECTION('',(0.,0.,-1.));
#4923=DIRECTION('',(0.,0.,-1.));
#4924=DIRECTION('',(-1.,0.,0.));
#4925=DIRECTION('',(1.,0.,0.));
#4926=DIRECTION('',(0.,0.,-1.));
#4927=DIRECTION('',(0.,0.,-1.));
#4928=DIRECTION('',(0.,-1.,0.));
#4929=DIRECTION('',(1.61128667186695E-17,-1.,0.));
#4930=DIRECTION('',(1.,1.61128667186695E-17,0.));
#4931=DIRECTION('',(-1.,-1.61128667186695E-17,0.));
#4932=DIRECTION('',(0.,0.,-1.));
#4933=DIRECTION('',(0.,0.,-1.));
#4934=DIRECTION('',(0.,0.,-1.));
#4935=DIRECTION('',(-0.703566316564699,0.710629606894887,0.));
#4936=DIRECTION('',(0.,0.,-1.));
#4937=DIRECTION('',(0.,0.,-1.));
#4938=DIRECTION('',(-1.,0.,0.));
#4939=DIRECTION('',(0.,0.,-1.));
#4940=DIRECTION('',(-1.,0.,0.));
#4941=DIRECTION('',(0.,0.,1.));
#4942=DIRECTION('',(0.,0.,-1.));
#4943=DIRECTION('',(0.,1.,0.));
#4944=DIRECTION('',(0.,0.,-1.));
#4945=DIRECTION('',(-0.963589780037254,-0.267384995479846,0.));
#4946=DIRECTION('',(0.,0.,-1.));
#4947=DIRECTION('',(0.,0.,-1.));
#4948=DIRECTION('',(-1.,0.,0.));
#4949=DIRECTION('',(0.,0.,-1.));
#4950=DIRECTION('',(-0.707106781186517,-0.707106781186578,0.));
#4951=DIRECTION('',(0.,0.,-1.));
#4952=DIRECTION('',(0.,0.,-1.));
#4953=DIRECTION('',(-1.,0.,0.));
#4954=DIRECTION('',(0.,0.,-1.));
#4955=DIRECTION('',(-0.267384995479852,-0.963589780037252,0.));
#4956=DIRECTION('',(0.,0.,-1.));
#4957=DIRECTION('',(0.,0.,-1.));
#4958=DIRECTION('',(-1.,0.,0.));
#4959=DIRECTION('',(0.,-1.,0.));
#4960=DIRECTION('',(0.,0.,-1.));
#4961=DIRECTION('',(0.,0.,-1.));
#4962=DIRECTION('',(-1.,0.,0.));
#4963=DIRECTION('',(0.,0.,-1.));
#4964=DIRECTION('',(0.267384995479708,-0.963589780037292,0.));
#4965=DIRECTION('',(0.,0.,-1.));
#4966=DIRECTION('',(0.,0.,-1.));
#4967=DIRECTION('',(-1.,0.,0.));
#4968=DIRECTION('',(0.,0.,-1.));
#4969=DIRECTION('',(0.707106781186733,-0.707106781186362,0.));
#4970=DIRECTION('',(0.,0.,-1.));
#4971=DIRECTION('',(0.,0.,-1.));
#4972=DIRECTION('',(-1.,0.,0.));
#4973=DIRECTION('',(0.,0.,-1.));
#4974=DIRECTION('',(0.963589780037276,-0.267384995479766,0.));
#4975=DIRECTION('',(0.,0.,-1.));
#4976=DIRECTION('',(0.,0.,-1.));
#4977=DIRECTION('',(-1.,0.,0.));
#4978=DIRECTION('',(1.,0.,0.));
#4979=DIRECTION('',(0.,0.,-1.));
#4980=DIRECTION('',(0.,0.,-1.));
#4981=DIRECTION('',(0.,-1.,0.));
#4982=DIRECTION('',(0.,0.,-1.));
#4983=DIRECTION('',(0.965871903940962,0.259020202257394,0.));
#4984=DIRECTION('',(0.,0.,-1.));
#4985=DIRECTION('',(0.,0.,-1.));
#4986=DIRECTION('',(-1.,0.,0.));
#4987=DIRECTION('',(0.,0.,-1.));
#4988=DIRECTION('',(0.707106781186507,0.707106781186589,0.));
#4989=DIRECTION('',(0.,0.,-1.));
#4990=DIRECTION('',(0.,0.,-1.));
#4991=DIRECTION('',(-1.,0.,0.));
#4992=DIRECTION('',(0.,0.,-1.));
#4993=DIRECTION('',(0.259371933862784,0.965777510570773,0.));
#4994=DIRECTION('',(0.,0.,-1.));
#4995=DIRECTION('',(0.,0.,-1.));
#4996=DIRECTION('',(-1.,0.,0.));
#4997=DIRECTION('',(0.,1.,0.));
#4998=DIRECTION('',(0.,0.,1.));
#4999=DIRECTION('',(0.,0.,-1.));
#5000=DIRECTION('',(1.,0.,0.));
#5001=DIRECTION('',(0.,0.,-1.));
#5002=DIRECTION('',(-0.37549614201367,-0.926823957034371,0.));
#5003=DIRECTION('',(0.,0.,-1.));
#5004=DIRECTION('',(0.,0.,-1.));
#5005=DIRECTION('',(-1.,0.,0.));
#5006=DIRECTION('',(0.,0.,-1.));
#5007=DIRECTION('',(-0.922570012605839,-0.385829718710808,0.));
#5008=DIRECTION('',(0.,0.,-1.));
#5009=DIRECTION('',(0.,0.,-1.));
#5010=DIRECTION('',(-1.,0.,0.));
#5011=DIRECTION('',(1.,0.,0.));
#5012=DIRECTION('',(0.,0.,-1.));
#5013=DIRECTION('',(0.,0.,-1.));
#5014=DIRECTION('',(0.,-1.,0.));
#5015=DIRECTION('',(0.,0.,-1.));
#5016=DIRECTION('',(-0.924160355699404,0.382004760380746,0.));
#5017=DIRECTION('',(0.,0.,-1.));
#5018=DIRECTION('',(0.,0.,-1.));
#5019=DIRECTION('',(-1.,0.,0.));
#5020=DIRECTION('',(0.,0.,-1.));
#5021=DIRECTION('',(-0.382004760381877,0.924160355698937,0.));
#5022=DIRECTION('',(0.,0.,-1.));
#5023=DIRECTION('',(0.,0.,-1.));
#5024=DIRECTION('',(-1.,0.,0.));
#5025=DIRECTION('',(0.,-1.,0.));
#5026=DIRECTION('',(0.,0.,-1.));
#5027=DIRECTION('',(0.,0.,-1.));
#5028=DIRECTION('',(-1.,0.,0.));
#5029=DIRECTION('',(1.,0.,0.));
#5030=DIRECTION('',(0.,0.,-1.));
#5031=DIRECTION('',(0.,0.,-1.));
#5032=DIRECTION('',(0.,-1.,0.));
#5033=DIRECTION('',(1.61128667186695E-17,-1.,0.));
#5034=DIRECTION('',(1.,1.61128667186695E-17,0.));
#5035=DIRECTION('',(-1.,-1.61128667186695E-17,0.));
#5036=DIRECTION('',(-1.,0.,0.));
#5037=DIRECTION('',(0.,0.,1.));
#5038=DIRECTION('',(0.,0.,-1.));
#5039=DIRECTION('',(0.,0.,-1.));
#5040=DIRECTION('',(0.,1.,0.));
#5041=DIRECTION('',(0.,-1.,0.));
#5042=DIRECTION('',(0.,0.,-1.));
#5043=DIRECTION('',(0.,0.,-1.));
#5044=DIRECTION('',(-1.,0.,0.));
#5045=DIRECTION('',(0.,0.,-1.));
#5046=DIRECTION('',(0.375496142012931,0.926823957034671,0.));
#5047=DIRECTION('',(0.,0.,-1.));
#5048=DIRECTION('',(0.,0.,-1.));
#5049=DIRECTION('',(-1.,0.,0.));
#5050=DIRECTION('',(0.,0.,-1.));
#5051=DIRECTION('',(0.922570012605691,0.385829718711163,0.));
#5052=DIRECTION('',(0.,0.,-1.));
#5053=DIRECTION('',(0.,0.,-1.));
#5054=DIRECTION('',(-1.,0.,0.));
#5055=DIRECTION('',(-1.,0.,0.));
#5056=DIRECTION('',(0.,0.,1.));
#5057=DIRECTION('',(0.,0.,-1.));
#5058=DIRECTION('',(0.,1.,0.));
#5059=DIRECTION('',(0.,0.,-1.));
#5060=DIRECTION('',(0.924160355699191,-0.382004760381262,0.));
#5061=DIRECTION('',(0.,0.,-1.));
#5062=DIRECTION('',(0.,0.,-1.));
#5063=DIRECTION('',(-1.,0.,0.));
#5064=DIRECTION('',(0.,0.,-1.));
#5065=DIRECTION('',(0.38200476038119,-0.924160355699221,0.));
#5066=DIRECTION('',(0.,0.,-1.));
#5067=DIRECTION('',(0.,0.,-1.));
#5068=DIRECTION('',(-1.,0.,0.));
#5069=DIRECTION('',(0.,1.,0.));
#5070=DIRECTION('',(0.,0.,1.));
#5071=DIRECTION('',(0.,0.,-1.));
#5072=DIRECTION('',(1.,0.,0.));
#5073=DIRECTION('',(0.,0.,-1.));
#5074=DIRECTION('',(-0.382004760381849,-0.924160355698948,0.));
#5075=DIRECTION('',(0.,0.,-1.));
#5076=DIRECTION('',(0.,0.,-1.));
#5077=DIRECTION('',(-1.,0.,0.));
#5078=DIRECTION('',(0.,0.,-1.));
#5079=DIRECTION('',(-0.924160355698468,-0.382004760383009,0.));
#5080=DIRECTION('',(0.,0.,-1.));
#5081=DIRECTION('',(0.,0.,-1.));
#5082=DIRECTION('',(-1.,0.,0.));
#5083=DIRECTION('',(1.,0.,0.));
#5084=DIRECTION('',(0.,0.,-1.));
#5085=DIRECTION('',(0.,0.,-1.));
#5086=DIRECTION('',(0.,-1.,0.));
#5087=DIRECTION('',(0.,1.,0.));
#5088=DIRECTION('',(0.,0.,1.));
#5089=DIRECTION('',(0.,0.,-1.));
#5090=DIRECTION('',(1.,0.,0.));
#5091=DIRECTION('',(-1.,0.,0.));
#5092=DIRECTION('',(0.,0.,1.));
#5093=DIRECTION('',(0.,0.,-1.));
#5094=DIRECTION('',(0.,1.,0.));
#5095=DIRECTION('',(0.,0.,-1.));
#5096=DIRECTION('',(-0.963589780037353,-0.267384995479489,0.));
#5097=DIRECTION('',(0.,0.,-1.));
#5098=DIRECTION('',(0.,0.,-1.));
#5099=DIRECTION('',(-1.,0.,0.));
#5100=DIRECTION('',(0.,0.,-1.));
#5101=DIRECTION('',(-0.70710678118652,-0.707106781186575,0.));
#5102=DIRECTION('',(0.,0.,-1.));
#5103=DIRECTION('',(0.,0.,-1.));
#5104=DIRECTION('',(-1.,0.,0.));
#5105=DIRECTION('',(0.,0.,-1.));
#5106=DIRECTION('',(-0.267384995479804,-0.963589780037265,0.));
#5107=DIRECTION('',(0.,0.,-1.));
#5108=DIRECTION('',(0.,0.,-1.));
#5109=DIRECTION('',(-1.,0.,0.));
#5110=DIRECTION('',(0.,-1.,0.));
#5111=DIRECTION('',(0.,0.,-1.));
#5112=DIRECTION('',(0.,0.,-1.));
#5113=DIRECTION('',(-1.,0.,0.));
#5114=DIRECTION('',(0.,0.,-1.));
#5115=DIRECTION('',(0.267384995479759,-0.963589780037278,0.));
#5116=DIRECTION('',(0.,0.,-1.));
#5117=DIRECTION('',(0.,0.,-1.));
#5118=DIRECTION('',(-1.,0.,0.));
#5119=DIRECTION('',(0.,0.,-1.));
#5120=DIRECTION('',(0.707106781186518,-0.707106781186577,0.));
#5121=DIRECTION('',(0.,0.,-1.));
#5122=DIRECTION('',(0.,0.,-1.));
#5123=DIRECTION('',(-1.,0.,0.));
#5124=DIRECTION('',(0.,0.,-1.));
#5125=DIRECTION('',(0.963589780037245,-0.267384995479875,0.));
#5126=DIRECTION('',(0.,0.,-1.));
#5127=DIRECTION('',(0.,0.,-1.));
#5128=DIRECTION('',(-1.,0.,0.));
#5129=DIRECTION('',(1.,0.,0.));
#5130=DIRECTION('',(0.,0.,-1.));
#5131=DIRECTION('',(0.,0.,-1.));
#5132=DIRECTION('',(0.,-1.,0.));
#5133=DIRECTION('',(0.,0.,-1.));
#5134=DIRECTION('',(0.965777510570724,0.259371933862965,0.));
#5135=DIRECTION('',(0.,0.,-1.));
#5136=DIRECTION('',(0.,0.,-1.));
#5137=DIRECTION('',(-1.,0.,0.));
#5138=DIRECTION('',(0.,0.,-1.));
#5139=DIRECTION('',(0.707106781186503,0.707106781186592,0.));
#5140=DIRECTION('',(0.,0.,-1.));
#5141=DIRECTION('',(0.,0.,-1.));
#5142=DIRECTION('',(-1.,0.,0.));
#5143=DIRECTION('',(0.,0.,-1.));
#5144=DIRECTION('',(0.259371933862836,0.965777510570759,0.));
#5145=DIRECTION('',(0.,0.,-1.));
#5146=DIRECTION('',(0.,0.,-1.));
#5147=DIRECTION('',(-1.,0.,0.));
#5148=DIRECTION('',(0.,1.,0.));
#5149=DIRECTION('',(0.,0.,1.));
#5150=DIRECTION('',(0.,0.,-1.));
#5151=DIRECTION('',(1.,0.,0.));
#5152=DIRECTION('',(0.,0.,-1.));
#5153=DIRECTION('',(-0.382004760381847,-0.924160355698948,0.));
#5154=DIRECTION('',(0.,0.,-1.));
#5155=DIRECTION('',(0.,0.,-1.));
#5156=DIRECTION('',(-1.,0.,0.));
#5157=DIRECTION('',(0.,0.,-1.));
#5158=DIRECTION('',(-0.924160355698377,-0.382004760383231,0.));
#5159=DIRECTION('',(0.,0.,-1.));
#5160=DIRECTION('',(0.,0.,-1.));
#5161=DIRECTION('',(-1.,0.,0.));
#5162=DIRECTION('',(1.,0.,0.));
#5163=DIRECTION('',(0.,0.,-1.));
#5164=DIRECTION('',(0.,0.,-1.));
#5165=DIRECTION('',(0.,-1.,0.));
#5166=DIRECTION('',(0.,0.,-1.));
#5167=DIRECTION('',(-0.924160355698311,0.38200476038339,0.));
#5168=DIRECTION('',(0.,0.,-1.));
#5169=DIRECTION('',(0.,0.,-1.));
#5170=DIRECTION('',(-1.,0.,0.));
#5171=DIRECTION('',(0.,0.,-1.));
#5172=DIRECTION('',(-0.382004760381877,0.924160355698937,0.));
#5173=DIRECTION('',(0.,0.,-1.));
#5174=DIRECTION('',(0.,0.,-1.));
#5175=DIRECTION('',(-1.,0.,0.));
#5176=DIRECTION('',(0.,-1.,0.));
#5177=DIRECTION('',(0.,0.,-1.));
#5178=DIRECTION('',(0.,0.,-1.));
#5179=DIRECTION('',(-1.,0.,0.));
#5180=DIRECTION('',(1.,0.,0.));
#5181=DIRECTION('',(0.,0.,-1.));
#5182=DIRECTION('',(0.,0.,-1.));
#5183=DIRECTION('',(0.,-1.,0.));
#5184=DIRECTION('',(1.61128667186695E-17,-1.,0.));
#5185=DIRECTION('',(1.,1.61128667186695E-17,0.));
#5186=DIRECTION('',(-1.,-1.61128667186695E-17,0.));
#5187=DIRECTION('',(0.,0.,-1.));
#5188=DIRECTION('',(0.259013463698901,-0.965873711011278,0.));
#5189=DIRECTION('',(0.,0.,-1.));
#5190=DIRECTION('',(0.,0.,-1.));
#5191=DIRECTION('',(0.,0.,-1.));
#5192=DIRECTION('',(-1.,0.,0.));
#5193=DIRECTION('',(0.,0.,-1.));
#5194=DIRECTION('',(0.707775094362991,-0.706437835764379,0.));
#5195=DIRECTION('',(0.,0.,-1.));
#5196=DIRECTION('',(0.,0.,-1.));
#5197=DIRECTION('',(-1.,0.,0.));
#5198=DIRECTION('',(0.,0.,-1.));
#5199=DIRECTION('',(1.,0.,0.));
#5200=DIRECTION('',(0.,0.,-1.));
#5201=DIRECTION('',(0.,0.,-1.));
#5202=DIRECTION('',(0.,-1.,0.));
#5203=DIRECTION('',(0.,0.,-1.));
#5204=DIRECTION('',(0.,0.,-1.));
#5205=DIRECTION('',(0.710629606894861,0.703566316564725,0.));
#5206=DIRECTION('',(0.,0.,-1.));
#5207=DIRECTION('',(0.,0.,-1.));
#5208=DIRECTION('',(-1.,0.,0.));
#5209=DIRECTION('',(0.,0.,-1.));
#5210=DIRECTION('',(0.267384995479776,0.963589780037273,0.));
#5211=DIRECTION('',(0.,0.,-1.));
#5212=DIRECTION('',(0.,0.,-1.));
#5213=DIRECTION('',(-1.,0.,0.));
#5214=DIRECTION('',(0.,1.,0.));
#5215=DIRECTION('',(0.,0.,1.));
#5216=DIRECTION('',(0.,0.,-1.));
#5217=DIRECTION('',(1.,0.,0.));
#5218=DIRECTION('',(0.,0.,-1.));
#5219=DIRECTION('',(-0.267358406301687,0.963597157830917,0.));
#5220=DIRECTION('',(0.,0.,-1.));
#5221=DIRECTION('',(0.,0.,-1.));
#5222=DIRECTION('',(-1.,0.,0.));
#5223=DIRECTION('',(0.,0.,-1.));
#5224=DIRECTION('',(-0.703543790482153,0.710651908372872,0.));
#5225=DIRECTION('',(0.,0.,-1.));
#5226=DIRECTION('',(0.,0.,-1.));
#5227=DIRECTION('',(-1.,0.,0.));
#5228=DIRECTION('',(0.,0.,-1.));
#5229=DIRECTION('',(-0.963320492967817,0.268353550057087,0.));
#5230=DIRECTION('',(0.,0.,-1.));
#5231=DIRECTION('',(0.,0.,-1.));
#5232=DIRECTION('',(-1.,0.,0.));
#5233=DIRECTION('',(-1.,0.,0.));
#5234=DIRECTION('',(0.,0.,1.));
#5235=DIRECTION('',(0.,0.,-1.));
#5236=DIRECTION('',(0.,1.,0.));
#5237=DIRECTION('',(0.,0.,-1.));
#5238=DIRECTION('',(-0.963320492967815,-0.268353550057095,0.));
#5239=DIRECTION('',(0.,0.,-1.));
#5240=DIRECTION('',(0.,0.,-1.));
#5241=DIRECTION('',(-1.,0.,0.));
#5242=DIRECTION('',(0.,0.,-1.));
#5243=DIRECTION('',(-0.703543790482151,-0.710651908372874,0.));
#5244=DIRECTION('',(0.,0.,-1.));
#5245=DIRECTION('',(0.,0.,-1.));
#5246=DIRECTION('',(-1.,0.,0.));
#5247=DIRECTION('',(0.,0.,-1.));
#5248=DIRECTION('',(-0.26735840630169,-0.963597157830917,0.));
#5249=DIRECTION('',(0.,0.,-1.));
#5250=DIRECTION('',(0.,0.,-1.));
#5251=DIRECTION('',(-1.,0.,0.));
#5252=DIRECTION('',(0.,-1.,0.));
#5253=DIRECTION('',(0.,0.,-1.));
#5254=DIRECTION('',(0.,0.,-1.));
#5255=DIRECTION('',(-1.,0.,0.));
#5256=DIRECTION('',(-1.,0.,0.));
#5257=DIRECTION('',(0.,0.,1.));
#5258=DIRECTION('',(0.,0.,-1.));
#5259=DIRECTION('',(0.,1.,0.));
#5260=DIRECTION('',(0.,0.,-1.));
#5261=DIRECTION('',(0.924160355699368,-0.382004760380832,0.));
#5262=DIRECTION('',(0.,0.,-1.));
#5263=DIRECTION('',(0.,0.,-1.));
#5264=DIRECTION('',(-1.,0.,0.));
#5265=DIRECTION('',(0.,0.,-1.));
#5266=DIRECTION('',(0.382004760381579,-0.924160355699059,0.));
#5267=DIRECTION('',(0.,0.,-1.));
#5268=DIRECTION('',(0.,0.,-1.));
#5269=DIRECTION('',(-1.,0.,0.));
#5270=DIRECTION('',(0.,1.,0.));
#5271=DIRECTION('',(0.,0.,1.));
#5272=DIRECTION('',(0.,0.,-1.));
#5273=DIRECTION('',(1.,0.,0.));
#5274=DIRECTION('',(-1.,0.,0.));
#5275=DIRECTION('',(0.,0.,1.));
#5276=DIRECTION('',(0.,0.,-1.));
#5277=DIRECTION('',(0.,1.,0.));
#5278=DIRECTION('',(0.,-1.,0.));
#5279=DIRECTION('',(0.,0.,-1.));
#5280=DIRECTION('',(-1.,0.,0.));
#5281=DIRECTION('',(0.,0.,-1.));
#5282=DIRECTION('',(0.,0.,-1.));
#5283=DIRECTION('',(0.,0.,-1.));
#5284=DIRECTION('',(0.710629606894986,-0.703566316564599,0.));
#5285=DIRECTION('',(0.,0.,-1.));
#5286=DIRECTION('',(0.,0.,-1.));
#5287=DIRECTION('',(-1.,0.,0.));
#5288=DIRECTION('',(0.,0.,-1.));
#5289=DIRECTION('',(1.,0.,0.));
#5290=DIRECTION('',(0.,0.,-1.));
#5291=DIRECTION('',(0.,0.,-1.));
#5292=DIRECTION('',(0.,-1.,0.));
#5293=DIRECTION('',(0.,0.,-1.));
#5294=DIRECTION('',(0.,0.,-1.));
#5295=DIRECTION('',(0.707646287383079,0.706566863044783,0.));
#5296=DIRECTION('',(0.,0.,-1.));
#5297=DIRECTION('',(0.,0.,-1.));
#5298=DIRECTION('',(-1.,0.,0.));
#5299=DIRECTION('',(0.,0.,-1.));
#5300=DIRECTION('',(0.265178381847998,0.964199370358889,0.));
#5301=DIRECTION('',(0.,0.,-1.));
#5302=DIRECTION('',(0.,0.,-1.));
#5303=DIRECTION('',(-1.,0.,0.));
#5304=DIRECTION('',(0.,1.,0.));
#5305=DIRECTION('',(0.,0.,1.));
#5306=DIRECTION('',(0.,0.,-1.));
#5307=DIRECTION('',(1.,0.,0.));
#5308=DIRECTION('',(0.,0.,-1.));
#5309=DIRECTION('',(0.,0.,-1.));
#5310=DIRECTION('',(-0.707020650020736,0.707192901862184,0.));
#5311=DIRECTION('',(0.,0.,-1.));
#5312=DIRECTION('',(0.,0.,-1.));
#5313=DIRECTION('',(-1.,0.,0.));
#5314=DIRECTION('',(0.,0.,-1.));
#5315=DIRECTION('',(-0.963320492967801,0.268353550057147,0.));
#5316=DIRECTION('',(0.,0.,-1.));
#5317=DIRECTION('',(0.,0.,-1.));
#5318=DIRECTION('',(-1.,0.,0.));
#5319=DIRECTION('',(-1.,0.,0.));
#5320=DIRECTION('',(0.,0.,1.));
#5321=DIRECTION('',(0.,0.,-1.));
#5322=DIRECTION('',(0.,1.,0.));
#5323=DIRECTION('',(0.,0.,-1.));
#5324=DIRECTION('',(-0.963320492967797,-0.268353550057158,0.));
#5325=DIRECTION('',(0.,0.,-1.));
#5326=DIRECTION('',(0.,0.,-1.));
#5327=DIRECTION('',(-1.,0.,0.));
#5328=DIRECTION('',(0.,0.,-1.));
#5329=DIRECTION('',(-0.70702065002074,-0.70719290186218,0.));
#5330=DIRECTION('',(0.,0.,-1.));
#5331=DIRECTION('',(0.,0.,-1.));
#5332=DIRECTION('',(-1.,0.,0.));
#5333=DIRECTION('',(0.,0.,-1.));
#5334=DIRECTION('',(0.,-1.,0.));
#5335=DIRECTION('',(0.,0.,-1.));
#5336=DIRECTION('',(-1.,0.,0.));
#5337=DIRECTION('',(1.,0.,0.));
#5338=DIRECTION('',(0.,0.,-1.));
#5339=DIRECTION('',(0.,0.,-1.));
#5340=DIRECTION('',(0.,0.,-1.));
#5341=DIRECTION('',(0.,-1.,0.));
#5342=DIRECTION('',(0.,0.,-1.));
#5343=DIRECTION('',(-0.924160355698906,0.382004760381952,0.));
#5344=DIRECTION('',(0.,0.,-1.));
#5345=DIRECTION('',(0.,0.,-1.));
#5346=DIRECTION('',(-1.,0.,0.));
#5347=DIRECTION('',(0.,0.,-1.));
#5348=DIRECTION('',(-0.382004760381874,0.924160355698938,0.));
#5349=DIRECTION('',(0.,0.,-1.));
#5350=DIRECTION('',(0.,0.,-1.));
#5351=DIRECTION('',(-1.,0.,0.));
#5352=DIRECTION('',(0.,-1.,0.));
#5353=DIRECTION('',(0.,0.,-1.));
#5354=DIRECTION('',(0.,0.,-1.));
#5355=DIRECTION('',(-1.,0.,0.));
#5356=DIRECTION('',(0.,0.,-1.));
#5357=DIRECTION('',(0.382004760381613,0.924160355699046,0.));
#5358=DIRECTION('',(0.,0.,-1.));
#5359=DIRECTION('',(0.,0.,-1.));
#5360=DIRECTION('',(-1.,0.,0.));
#5361=DIRECTION('',(0.,0.,-1.));
#5362=DIRECTION('',(0.924160355699236,0.382004760381152,0.));
#5363=DIRECTION('',(0.,0.,-1.));
#5364=DIRECTION('',(0.,0.,-1.));
#5365=DIRECTION('',(-1.,0.,0.));
#5366=DIRECTION('',(-1.,0.,0.));
#5367=DIRECTION('',(0.,0.,1.));
#5368=DIRECTION('',(0.,0.,-1.));
#5369=DIRECTION('',(0.,1.,0.));
#5370=DIRECTION('',(0.,-1.,0.));
#5371=DIRECTION('',(0.,0.,-1.));
#5372=DIRECTION('',(0.,0.,-1.));
#5373=DIRECTION('',(-1.,0.,0.));
#5374=DIRECTION('',(1.,0.,0.));
#5375=DIRECTION('',(0.,0.,-1.));
#5376=DIRECTION('',(0.,0.,-1.));
#5377=DIRECTION('',(0.,-1.,0.));
#5378=DIRECTION('',(0.,0.,-1.));
#5379=DIRECTION('',(0.,0.,-1.));
#5380=DIRECTION('',(0.707646287383057,0.706566863044804,0.));
#5381=DIRECTION('',(0.,0.,-1.));
#5382=DIRECTION('',(0.,0.,-1.));
#5383=DIRECTION('',(-1.,0.,0.));
#5384=DIRECTION('',(0.,0.,-1.));
#5385=DIRECTION('',(0.265178381847904,0.964199370358914,0.));
#5386=DIRECTION('',(0.,0.,-1.));
#5387=DIRECTION('',(0.,0.,-1.));
#5388=DIRECTION('',(-1.,0.,0.));
#5389=DIRECTION('',(0.,1.,0.));
#5390=DIRECTION('',(0.,0.,1.));
#5391=DIRECTION('',(0.,0.,-1.));
#5392=DIRECTION('',(1.,0.,0.));
#5393=DIRECTION('',(-1.,0.,0.));
#5394=DIRECTION('',(0.,0.,1.));
#5395=DIRECTION('',(0.,0.,-1.));
#5396=DIRECTION('',(0.,1.,0.));
#5397=DIRECTION('',(0.,-1.,0.));
#5398=DIRECTION('',(0.,0.,-1.));
#5399=DIRECTION('',(-1.,0.,0.));
#5400=DIRECTION('',(1.,0.,0.));
#5401=DIRECTION('',(0.,0.,-1.));
#5402=DIRECTION('',(0.,0.,-1.));
#5403=DIRECTION('',(0.,0.,-1.));
#5404=DIRECTION('',(0.,-1.,0.));
#5405=DIRECTION('',(0.,0.,-1.));
#5406=DIRECTION('',(0.,0.,-1.));
#5407=DIRECTION('',(0.707739976379824,0.706473018475502,0.));
#5408=DIRECTION('',(0.,0.,-1.));
#5409=DIRECTION('',(0.,0.,-1.));
#5410=DIRECTION('',(-1.,0.,0.));
#5411=DIRECTION('',(0.,0.,-1.));
#5412=DIRECTION('',(0.264814285215728,0.964299431891196,0.));
#5413=DIRECTION('',(0.,0.,-1.));
#5414=DIRECTION('',(0.,0.,-1.));
#5415=DIRECTION('',(-1.,0.,0.));
#5416=DIRECTION('',(0.,1.,0.));
#5417=DIRECTION('',(0.,0.,1.));
#5418=DIRECTION('',(0.,0.,-1.));
#5419=DIRECTION('',(1.,0.,0.));
#5420=DIRECTION('',(-1.,0.,0.));
#5421=DIRECTION('',(0.,0.,1.));
#5422=DIRECTION('',(0.,0.,-1.));
#5423=DIRECTION('',(0.,1.,0.));
#5424=DIRECTION('',(0.,-1.,0.));
#5425=DIRECTION('',(0.,0.,-1.));
#5426=DIRECTION('',(0.,0.,-1.));
#5427=DIRECTION('',(-1.,0.,0.));
#5428=DIRECTION('',(0.,0.,-1.));
#5429=DIRECTION('',(0.382004760381599,0.924160355699051,0.));
#5430=DIRECTION('',(0.,0.,-1.));
#5431=DIRECTION('',(0.,0.,-1.));
#5432=DIRECTION('',(-1.,0.,0.));
#5433=DIRECTION('',(0.,0.,-1.));
#5434=DIRECTION('',(0.924160355698818,0.382004760382164,0.));
#5435=DIRECTION('',(0.,0.,-1.));
#5436=DIRECTION('',(0.,0.,-1.));
#5437=DIRECTION('',(-1.,0.,0.));
#5438=DIRECTION('',(-1.,0.,0.));
#5439=DIRECTION('',(0.,0.,1.));
#5440=DIRECTION('',(0.,0.,-1.));
#5441=DIRECTION('',(0.,1.,0.));
#5442=DIRECTION('',(0.,1.,0.));
#5443=DIRECTION('',(0.,0.,1.));
#5444=DIRECTION('',(0.,0.,-1.));
#5445=DIRECTION('',(1.,0.,0.));
#5446=DIRECTION('',(-1.,0.,0.));
#5447=DIRECTION('',(0.,0.,1.));
#5448=DIRECTION('',(0.,0.,-1.));
#5449=DIRECTION('',(0.,1.,0.));
#5450=DIRECTION('',(0.,0.,-1.));
#5451=DIRECTION('',(0.,0.,-1.));
#5452=DIRECTION('',(-0.707646287383141,-0.706566863044721,0.));
#5453=DIRECTION('',(0.,0.,-1.));
#5454=DIRECTION('',(0.,0.,-1.));
#5455=DIRECTION('',(-1.,0.,0.));
#5456=DIRECTION('',(0.,0.,-1.));
#5457=DIRECTION('',(-0.265178381847916,-0.964199370358911,0.));
#5458=DIRECTION('',(0.,0.,-1.));
#5459=DIRECTION('',(0.,0.,-1.));
#5460=DIRECTION('',(-1.,0.,0.));
#5461=DIRECTION('',(0.,-1.,0.));
#5462=DIRECTION('',(0.,0.,-1.));
#5463=DIRECTION('',(-1.,0.,0.));
#5464=DIRECTION('',(-1.,0.,0.));
#5465=DIRECTION('',(0.,0.,1.));
#5466=DIRECTION('',(0.,0.,-1.));
#5467=DIRECTION('',(0.,1.,0.));
#5468=DIRECTION('',(0.,0.,-1.));
#5469=DIRECTION('',(0.707106781186547,0.,0.707106781186548));
#5470=DIRECTION('',(0.,-1.,0.));
#5471=DIRECTION('',(-0.678598344545844,0.281084637714835,0.678598344545844));
#5472=DIRECTION('',(-0.678598344545845,-0.281084637714831,0.678598344545845));
#5473=DIRECTION('',(0.,1.,0.));
#5474=DIRECTION('',(0.5,-0.5,0.707106781186554));
#5475=DIRECTION('',(-0.707106781186548,-0.707106781186547,0.));
#5476=DIRECTION('',(-0.281084637714835,0.678598344545844,0.678598344545844));
#5477=DIRECTION('',(0.707106781186548,0.707106781186547,0.));
#5478=DIRECTION('',(-0.5,-0.5,-0.707106781186552));
#5479=DIRECTION('',(-0.707106781186548,0.707106781186547,0.));
#5480=DIRECTION('',(-0.281084637714832,-0.678598344545845,0.678598344545845));
#5481=DIRECTION('',(-0.707106781186548,0.707106781186547,0.));
#5482=DIRECTION('',(0.,-0.707106781186547,0.707106781186548));
#5483=DIRECTION('',(-1.,0.,0.));
#5484=DIRECTION('',(-8.65956056235494E-17,0.707106781186548,0.707106781186547));
#5485=DIRECTION('',(1.,0.,0.));
#5486=DIRECTION('',(0.,-0.707106781186548,-0.707106781186548));
#5487=DIRECTION('',(1.,0.,0.));
#5488=DIRECTION('',(8.65956056235494E-17,-0.707106781186548,0.707106781186548));
#5489=DIRECTION('',(-1.,0.,0.));
#5490=DIRECTION('',(0.,1.,0.));
#5491=DIRECTION('',(0.,0.,1.));
#5492=DIRECTION('',(0.,0.,-1.));
#5493=DIRECTION('',(1.,0.,0.));
#5494=DIRECTION('',(9.10615997888087E-17,-1.,0.));
#5495=DIRECTION('',(1.,9.10615997888087E-17,0.));
#5496=DIRECTION('',(0.,0.,1.));
#5497=DIRECTION('',(-1.,-9.10615997888087E-17,0.));
#5498=DIRECTION('',(0.,0.,1.));
#5499=DIRECTION('',(1.,0.,0.));
#5500=DIRECTION('',(1.22464679914735E-16,-1.,0.));
#5501=DIRECTION('',(1.22464679914735E-16,-1.,0.));
#5502=DIRECTION('',(1.,1.22464679914735E-16,0.));
#5503=DIRECTION('',(-1.22464679914735E-16,1.,0.));
#5504=DIRECTION('',(1.,1.22464679914735E-16,0.));
#5505=DIRECTION('',(-1.22464679914735E-16,1.,0.));
#5506=DIRECTION('',(1.,0.,0.));
#5507=DIRECTION('',(0.,0.,-1.));
#5508=DIRECTION('',(0.,0.,1.));
#5509=DIRECTION('',(0.,1.,0.));
#5510=DIRECTION('',(0.,0.,1.));
#5511=DIRECTION('',(0.,-1.,0.));
#5512=DIRECTION('',(0.,0.,-1.));
#5513=DIRECTION('',(1.,0.,0.));
#5514=DIRECTION('',(0.,0.,1.));
#5515=DIRECTION('',(1.,0.,0.));
#5516=DIRECTION('',(0.,0.,-1.));
#5517=DIRECTION('',(0.,1.,0.));
#5518=DIRECTION('',(0.,0.,1.));
#5519=DIRECTION('',(0.,-1.,0.));
#5520=DIRECTION('',(0.,0.,-1.));
#5521=DIRECTION('',(1.,0.,0.));
#5522=DIRECTION('',(0.,0.,1.));
#5523=DIRECTION('',(1.,0.,0.));
#5524=DIRECTION('',(1.,0.,0.));
#5525=DIRECTION('',(0.,0.,-1.));
#5526=DIRECTION('',(0.,0.,1.));
#5527=DIRECTION('',(0.,1.,0.));
#5528=DIRECTION('',(0.,0.,1.));
#5529=DIRECTION('',(-1.61128667186695E-17,1.,0.));
#5530=DIRECTION('',(-1.,-1.61128667186695E-17,0.));
#5531=DIRECTION('',(-1.,-1.61128667186695E-17,0.));
#5532=DIRECTION('',(0.,0.,1.));
#5533=DIRECTION('',(1.,0.,0.));
#5534=DIRECTION('',(0.,0.,-1.));
#5535=DIRECTION('',(0.,1.,0.));
#5536=DIRECTION('',(0.,0.,1.));
#5537=DIRECTION('',(0.,-1.,0.));
#5538=DIRECTION('',(0.,0.,-1.));
#5539=DIRECTION('',(1.,0.,0.));
#5540=DIRECTION('',(0.,0.,1.));
#5541=DIRECTION('',(1.,0.,0.));
#5542=CARTESIAN_POINT('',(0.,0.,0.));
#5543=CARTESIAN_POINT('',(0.152638125,-0.053736875,0.0125));
#5544=CARTESIAN_POINT('',(0.3238975,-0.0230020649886137,0.0125));
#5545=CARTESIAN_POINT('',(0.3238975,-0.0484078799772275,0.0125));
#5546=CARTESIAN_POINT('',(0.3238975,0.00240375002277249,0.0125));
#5547=CARTESIAN_POINT('',(0.3260475,-0.0484078799772275,0.0125));
#5548=CARTESIAN_POINT('',(0.3281975,-0.0484078799772275,0.0125));
#5549=CARTESIAN_POINT('',(0.3281975,-0.0230020649772275,0.0125));
#5550=CARTESIAN_POINT('',(0.3281975,0.00240375002277249,0.0125));
#5551=CARTESIAN_POINT('',(0.3260475,0.00240375002277249,0.0125));
#5552=CARTESIAN_POINT('',(0.0228568558349945,-0.0120666149941769,0.0125));
#5553=CARTESIAN_POINT('',(0.318131930834995,-0.0120666149941768,0.0125));
#5554=CARTESIAN_POINT('',(0.0895325019999999,-0.0120666149941768,0.0125));
#5555=CARTESIAN_POINT('',(0.0895325019999999,-0.053736875,0.0125));
#5556=CARTESIAN_POINT('',(0.0895325019999999,0.01460375,0.0125));
#5557=CARTESIAN_POINT('',(0.152638125,0.01460375,0.0125));
#5558=CARTESIAN_POINT('',(0.3228975,0.01460375,0.0125));
#5559=CARTESIAN_POINT('',(0.3228975,0.01460375,0.0125));
#5560=CARTESIAN_POINT('',(0.3328975,0.00460375,0.0125));
#5561=CARTESIAN_POINT('',(0.3328975,-0.053736875,0.0125));
#5562=CARTESIAN_POINT('',(0.3328975,-0.1120775,0.0125));
#5563=CARTESIAN_POINT('',(0.3328975,-0.1120775,0.0125));
#5564=CARTESIAN_POINT('',(0.3228975,-0.1220775,0.0125));
#5565=CARTESIAN_POINT('',(0.152638125,-0.1220775,0.0125));
#5566=CARTESIAN_POINT('',(0.227643430834994,-0.1220775,0.0125));
#5567=CARTESIAN_POINT('',(0.227643430834994,-0.053736875,0.0125));
#5568=CARTESIAN_POINT('',(0.227643430834994,-0.107316924994177,0.0125));
#5569=CARTESIAN_POINT('',(0.308606930834995,-0.107316924994177,0.0125));
#5570=CARTESIAN_POINT('',(0.318131930834995,-0.107316924994177,0.0125));
#5571=CARTESIAN_POINT('',(0.318131930834995,-0.0501665399941768,0.0125));
#5572=CARTESIAN_POINT('',(0.0936733700227725,0.00775375,0.0125));
#5573=CARTESIAN_POINT('',(0.0936733700227725,0.00560375,0.0125));
#5574=CARTESIAN_POINT('',(0.0936733700227725,0.00990375,0.0125));
#5575=CARTESIAN_POINT('',(0.14430375,0.00560375,0.0125));
#5576=CARTESIAN_POINT('',(0.194934129977228,0.00560375,0.0125));
#5577=CARTESIAN_POINT('',(0.194934129977228,0.00775375,0.0125));
#5578=CARTESIAN_POINT('',(0.194934129977228,0.00990375,0.0125));
#5579=CARTESIAN_POINT('',(0.14430375,0.00990375,0.0125));
#5580=CARTESIAN_POINT('',(0.152638125,-0.053736875,0.0155));
#5581=CARTESIAN_POINT('',(0.165651068136746,-0.00455877352569008,0.0155));
#5582=CARTESIAN_POINT('',(0.165504954808666,-0.00470047866399444,0.0155));
#5583=CARTESIAN_POINT('',(0.165654743659672,-0.00476234747443932,0.01549999975));
#5584=CARTESIAN_POINT('',(0.169412134970557,-0.00476241233247543,0.0155));
#5585=CARTESIAN_POINT('',(0.173169526281442,-0.00476234747443943,0.0155));
#5586=CARTESIAN_POINT('',(0.173173201804366,-0.00455877352568686,0.0155));
#5587=CARTESIAN_POINT('',(0.173319314120892,-0.00470047967554992,0.0155));
#5588=CARTESIAN_POINT('',(0.173177608982584,-0.00455436634747197,0.0155));
#5589=CARTESIAN_POINT('',(0.173381182931334,-0.00455069082454662,0.01549999975));
#5590=CARTESIAN_POINT('',(0.173381247789371,-0.00325698159586262,0.0155));
#5591=CARTESIAN_POINT('',(0.173381182931335,-0.00196327236717862,0.0155));
#5592=CARTESIAN_POINT('',(0.173177608982581,-0.00195959684425454,0.0155));
#5593=CARTESIAN_POINT('',(0.173319315132447,-0.00181348452773053,0.0155));
#5594=CARTESIAN_POINT('',(0.173173201804366,-0.00195518966603845,0.0155));
#5595=CARTESIAN_POINT('',(0.173169526281442,-0.00175161571728581,0.01549999975));
#5596=CARTESIAN_POINT('',(0.169306273631087,-0.00175155085924981,0.0155));
#5597=CARTESIAN_POINT('',(0.165443022151743,-0.00175155085924981,0.0155));
#5598=CARTESIAN_POINT('',(0.165443022151743,-0.00315112025639304,0.0155));
#5599=CARTESIAN_POINT('',(0.165443087009779,-0.00455069082454662,0.0155));
#5600=CARTESIAN_POINT('',(0.165646660958529,-0.00455436634747218,0.0155));
#5601=CARTESIAN_POINT('',(0.152638125,-0.053736875,0.0155));
#5602=CARTESIAN_POINT('',(0.128926807098937,-0.00455877352568964,0.0155));
#5603=CARTESIAN_POINT('',(0.128780693770858,-0.00470047866399526,0.0155));
#5604=CARTESIAN_POINT('',(0.128930482621862,-0.00476234747443934,0.01549999975));
#5605=CARTESIAN_POINT('',(0.131596264795879,-0.00476241233247543,0.0155));
#5606=CARTESIAN_POINT('',(0.134262046969896,-0.00476234747443943,0.0155));
#5607=CARTESIAN_POINT('',(0.13426572249282,-0.00455877352568632,0.0155));
#5608=CARTESIAN_POINT('',(0.134411834809346,-0.00470047967554984,0.0155));
#5609=CARTESIAN_POINT('',(0.134270129671039,-0.00455436634747217,0.0155));
#5610=CARTESIAN_POINT('',(0.134473703619789,-0.00455069082454662,0.01549999975));
#5611=CARTESIAN_POINT('',(0.134473768477825,-0.00196327353818896,0.0155));
#5612=CARTESIAN_POINT('',(0.134473703619789,0.00062414374816869,0.0155));
#5613=CARTESIAN_POINT('',(0.134270129671039,0.000627819271094212,0.0155));
#5614=CARTESIAN_POINT('',(0.134411835820904,0.000773931587614467,0.0155));
#5615=CARTESIAN_POINT('',(0.13426572249282,0.000632226449308445,0.0155));
#5616=CARTESIAN_POINT('',(0.134262046969896,0.000835800398061513,0.01549999975));
#5617=CARTESIAN_POINT('',(0.131596264795879,0.000835865256097506,0.0155));
#5618=CARTESIAN_POINT('',(0.128930482621862,0.000835800398061512,0.0155));
#5619=CARTESIAN_POINT('',(0.128926807098938,0.000632226449308384,0.0155));
#5620=CARTESIAN_POINT('',(0.128780694782412,0.000773932599171771,0.0155));
#5621=CARTESIAN_POINT('',(0.128922399920719,0.000627819271093962,0.0155));
#5622=CARTESIAN_POINT('',(0.128718825971969,0.000624143748168689,0.01549999975));
#5623=CARTESIAN_POINT('',(0.128718761113933,-0.00196327353818896,0.0155));
#5624=CARTESIAN_POINT('',(0.128718825971969,-0.00455069082454662,0.0155));
#5625=CARTESIAN_POINT('',(0.12892239992072,-0.00455436634747162,0.0155));
#5626=CARTESIAN_POINT('',(0.152638125,-0.053736875,0.0155));
#5627=CARTESIAN_POINT('',(0.153368403113096,-0.0045587735256858,0.0155));
#5628=CARTESIAN_POINT('',(0.153222289785013,-0.00470047866399306,0.0155));
#5629=CARTESIAN_POINT('',(0.15337207863602,-0.00476234747443944,0.01549999975));
#5630=CARTESIAN_POINT('',(0.156037860810037,-0.00476241233247543,0.0155));
#5631=CARTESIAN_POINT('',(0.158703642984054,-0.00476234747443943,0.0155));
#5632=CARTESIAN_POINT('',(0.158707318506978,-0.0045587735256868,0.0155));
#5633=CARTESIAN_POINT('',(0.158853430823504,-0.00470047967554962,0.0155));
#5634=CARTESIAN_POINT('',(0.158711725685197,-0.00455436634747204,0.0155));
#5635=CARTESIAN_POINT('',(0.158915299633946,-0.00455069082454662,0.01549999975));
#5636=CARTESIAN_POINT('',(0.158915364491983,-0.00196327353818896,0.0155));
#5637=CARTESIAN_POINT('',(0.158915299633946,0.00062414374816869,0.0155));
#5638=CARTESIAN_POINT('',(0.158711725685196,0.000627819271094031,0.0155));
#5639=CARTESIAN_POINT('',(0.158853431835059,0.000773931587616641,0.0155));
#5640=CARTESIAN_POINT('',(0.158707318506979,0.000632226449311893,0.0155));
#5641=CARTESIAN_POINT('',(0.158703642984054,0.00083580039806142,0.01549999975));
#5642=CARTESIAN_POINT('',(0.156037860810037,0.000835865256097506,0.0155));
#5643=CARTESIAN_POINT('',(0.15337207863602,0.000835800398061521,0.0155));
#5644=CARTESIAN_POINT('',(0.153368403113096,0.0006322264493079,0.0155));
#5645=CARTESIAN_POINT('',(0.153222290796572,0.000773932599174237,0.0155));
#5646=CARTESIAN_POINT('',(0.15336399593488,0.000627819271092848,0.0155));
#5647=CARTESIAN_POINT('',(0.153160421986127,0.000624143748168687,0.01549999975));
#5648=CARTESIAN_POINT('',(0.153160357128091,-0.00196327353818896,0.0155));
#5649=CARTESIAN_POINT('',(0.153160421986127,-0.00455069082454662,0.0155));
#5650=CARTESIAN_POINT('',(0.153363995934877,-0.00455436634747223,0.0155));
#5651=CARTESIAN_POINT('',(0.152638125,-0.053736875,0.0155));
#5652=CARTESIAN_POINT('',(0.116905358367483,-0.0045587735256895,0.0155));
#5653=CARTESIAN_POINT('',(0.116759245039403,-0.00470047866399444,0.0155));
#5654=CARTESIAN_POINT('',(0.116909033890408,-0.00476234747443932,0.01549999975));
#5655=CARTESIAN_POINT('',(0.119680677403895,-0.00476241233247543,0.0155));
#5656=CARTESIAN_POINT('',(0.122452319746371,-0.00476241233247543,0.0155));
#5657=CARTESIAN_POINT('',(0.122452319746371,-0.00382065885797335,0.0155));
#5658=CARTESIAN_POINT('',(0.122452319746371,-0.00287890538347127,0.0155));
#5659=CARTESIAN_POINT('',(0.119574816064425,-0.00287890538347127,0.0155));
#5660=CARTESIAN_POINT('',(0.116697312382479,-0.00287890538347127,0.0155));
#5661=CARTESIAN_POINT('',(0.116697312382479,-0.00371479751850377,0.0155));
#5662=CARTESIAN_POINT('',(0.116697377240515,-0.00455069082454662,0.0155));
#5663=CARTESIAN_POINT('',(0.116900951189265,-0.00455436634747194,0.0155));
#5664=CARTESIAN_POINT('',(0.173173201804366,-0.00455877352568686,0.0155));
#5665=CARTESIAN_POINT('',(0.173173201804366,-0.00455877352568686,0.014));
#5666=CARTESIAN_POINT('',(0.173169526281442,-0.00476234747443943,0.014));
#5667=CARTESIAN_POINT('',(0.173319314120892,-0.00470047967554992,0.014));
#5668=CARTESIAN_POINT('',(0.173319313607365,-0.00470048017358395,0.0155));
#5669=CARTESIAN_POINT('',(0.173169525110431,-0.00476241233247543,0.0155));
#5670=CARTESIAN_POINT('',(0.173177608982584,-0.00455436634747197,0.0155));
#5671=CARTESIAN_POINT('',(0.173177608982584,-0.00455436634747197,0.014));
#5672=CARTESIAN_POINT('',(0.173381182931334,-0.00455069082454662,0.014));
#5673=CARTESIAN_POINT('',(0.173381247789371,-0.00455068965353628,0.0155));
#5674=CARTESIAN_POINT('',(0.173381247789371,-0.00325698159586262,0.0155));
#5675=CARTESIAN_POINT('',(0.173381247789371,-0.00325698159586262,0.014));
#5676=CARTESIAN_POINT('',(0.173381182931335,-0.00196327236717862,0.014));
#5677=CARTESIAN_POINT('',(0.173381247789371,-0.00196327353818896,0.0155));
#5678=CARTESIAN_POINT('',(0.173177608982581,-0.00195959684425454,0.0155));
#5679=CARTESIAN_POINT('',(0.173177608982581,-0.00195959684425454,0.014));
#5680=CARTESIAN_POINT('',(0.173319315132447,-0.00181348452773053,0.014));
#5681=CARTESIAN_POINT('',(0.173319315630479,-0.00181348504125563,0.0155));
#5682=CARTESIAN_POINT('',(0.173173201804366,-0.00195518966603845,0.0155));
#5683=CARTESIAN_POINT('',(0.173173201804366,-0.00195518966603845,0.014));
#5684=CARTESIAN_POINT('',(0.173169526281442,-0.00175161571728581,0.014));
#5685=CARTESIAN_POINT('',(0.173169525110431,-0.00175155085924981,0.0155));
#5686=CARTESIAN_POINT('',(0.169306273631087,-0.00175155085924981,0.0155));
#5687=CARTESIAN_POINT('',(0.169306273631087,-0.00175155085924981,0.014));
#5688=CARTESIAN_POINT('',(0.165443022151743,-0.00175155085924981,0.014));
#5689=CARTESIAN_POINT('',(0.165443022151743,-0.00175155085924981,0.0155));
#5690=CARTESIAN_POINT('',(0.165443022151743,-0.00315112025639304,0.0155));
#5691=CARTESIAN_POINT('',(0.165443022151743,-0.00315112025639304,0.014));
#5692=CARTESIAN_POINT('',(0.165443087009779,-0.00455069082454662,0.014));
#5693=CARTESIAN_POINT('',(0.165443022151743,-0.00455068965353628,0.0155));
#5694=CARTESIAN_POINT('',(0.165646660958529,-0.00455436634747218,0.0155));
#5695=CARTESIAN_POINT('',(0.165646660958529,-0.00455436634747218,0.014));
#5696=CARTESIAN_POINT('',(0.165504954808666,-0.00470047866399444,0.014));
#5697=CARTESIAN_POINT('',(0.165504954310634,-0.00470047815046951,0.0155));
#5698=CARTESIAN_POINT('',(0.165651068136746,-0.00455877352569008,0.0155));
#5699=CARTESIAN_POINT('',(0.165651068136746,-0.00455877352569008,0.014));
#5700=CARTESIAN_POINT('',(0.165654743659672,-0.00476234747443932,0.014));
#5701=CARTESIAN_POINT('',(0.165654744830682,-0.00476241233247543,0.0155));
#5702=CARTESIAN_POINT('',(0.169412134970557,-0.00476241233247543,0.0155));
#5703=CARTESIAN_POINT('',(0.169412134970557,-0.00476241233247543,0.014));
#5704=CARTESIAN_POINT('',(0.13426572249282,-0.00455877352568632,0.0155));
#5705=CARTESIAN_POINT('',(0.13426572249282,-0.00455877352568632,0.014));
#5706=CARTESIAN_POINT('',(0.134262046969896,-0.00476234747443943,0.014));
#5707=CARTESIAN_POINT('',(0.134411834809346,-0.00470047967554984,0.014));
#5708=CARTESIAN_POINT('',(0.134411834295819,-0.00470048017358396,0.0155));
#5709=CARTESIAN_POINT('',(0.134262045798886,-0.00476241233247543,0.0155));
#5710=CARTESIAN_POINT('',(0.134270129671039,-0.00455436634747217,0.0155));
#5711=CARTESIAN_POINT('',(0.134270129671039,-0.00455436634747217,0.014));
#5712=CARTESIAN_POINT('',(0.134473703619789,-0.00455069082454662,0.014));
#5713=CARTESIAN_POINT('',(0.134473768477825,-0.00455068965353628,0.0155));
#5714=CARTESIAN_POINT('',(0.134473768477825,-0.00196327353818896,0.0155));
#5715=CARTESIAN_POINT('',(0.134473768477825,-0.00196327353818896,0.014));
#5716=CARTESIAN_POINT('',(0.134473703619789,0.00062414374816869,0.014));
#5717=CARTESIAN_POINT('',(0.134473768477825,0.000624142577158352,0.0155));
#5718=CARTESIAN_POINT('',(0.134270129671039,0.000627819271094212,0.0155));
#5719=CARTESIAN_POINT('',(0.134270129671039,0.000627819271094212,0.014));
#5720=CARTESIAN_POINT('',(0.134411835820904,0.000773931587614467,0.014));
#5721=CARTESIAN_POINT('',(0.134411836318934,0.000773931074091668,0.0155));
#5722=CARTESIAN_POINT('',(0.13426572249282,0.000632226449308445,0.0155));
#5723=CARTESIAN_POINT('',(0.13426572249282,0.000632226449308445,0.014));
#5724=CARTESIAN_POINT('',(0.134262046969896,0.000835800398061511,0.014));
#5725=CARTESIAN_POINT('',(0.134262045798886,0.000835865256097506,0.0155));
#5726=CARTESIAN_POINT('',(0.131596264795879,0.000835865256097506,0.0155));
#5727=CARTESIAN_POINT('',(0.131596264795879,0.000835865256097506,0.014));
#5728=CARTESIAN_POINT('',(0.128930482621862,0.000835800398061512,0.014));
#5729=CARTESIAN_POINT('',(0.128930483792873,0.000835865256097506,0.0155));
#5730=CARTESIAN_POINT('',(0.128926807098938,0.000632226449308384,0.0155));
#5731=CARTESIAN_POINT('',(0.128926807098938,0.000632226449308384,0.014));
#5732=CARTESIAN_POINT('',(0.128780694782412,0.000773932599171771,0.014));
#5733=CARTESIAN_POINT('',(0.128780695295939,0.000773933097206025,0.0155));
#5734=CARTESIAN_POINT('',(0.128922399920719,0.000627819271093962,0.0155));
#5735=CARTESIAN_POINT('',(0.128922399920719,0.000627819271093962,0.014));
#5736=CARTESIAN_POINT('',(0.128718825971969,0.00062414374816869,0.014));
#5737=CARTESIAN_POINT('',(0.128718761113933,0.000624142577158352,0.0155));
#5738=CARTESIAN_POINT('',(0.128718761113933,-0.00196327353818896,0.0155));
#5739=CARTESIAN_POINT('',(0.128718761113933,-0.00196327353818896,0.014));
#5740=CARTESIAN_POINT('',(0.128718825971969,-0.00455069082454662,0.014));
#5741=CARTESIAN_POINT('',(0.128718761113933,-0.00455068965353628,0.0155));
#5742=CARTESIAN_POINT('',(0.12892239992072,-0.00455436634747162,0.0155));
#5743=CARTESIAN_POINT('',(0.12892239992072,-0.00455436634747162,0.014));
#5744=CARTESIAN_POINT('',(0.128780693770858,-0.00470047866399526,0.014));
#5745=CARTESIAN_POINT('',(0.128780693272825,-0.00470047815046947,0.0155));
#5746=CARTESIAN_POINT('',(0.128926807098937,-0.00455877352568964,0.0155));
#5747=CARTESIAN_POINT('',(0.128926807098937,-0.00455877352568964,0.014));
#5748=CARTESIAN_POINT('',(0.128930482621862,-0.00476234747443934,0.014));
#5749=CARTESIAN_POINT('',(0.128930483792873,-0.00476241233247543,0.0155));
#5750=CARTESIAN_POINT('',(0.131596264795879,-0.00476241233247543,0.0155));
#5751=CARTESIAN_POINT('',(0.131596264795879,-0.00476241233247543,0.014));
#5752=CARTESIAN_POINT('',(0.158707318506978,-0.0045587735256868,0.0155));
#5753=CARTESIAN_POINT('',(0.158707318506978,-0.0045587735256868,0.014));
#5754=CARTESIAN_POINT('',(0.158703642984054,-0.00476234747443943,0.014));
#5755=CARTESIAN_POINT('',(0.158853430823504,-0.00470047967554962,0.014));
#5756=CARTESIAN_POINT('',(0.158853430309977,-0.00470048017358394,0.0155));
#5757=CARTESIAN_POINT('',(0.158703641813044,-0.00476241233247543,0.0155));
#5758=CARTESIAN_POINT('',(0.158711725685197,-0.00455436634747204,0.0155));
#5759=CARTESIAN_POINT('',(0.158711725685197,-0.00455436634747204,0.014));
#5760=CARTESIAN_POINT('',(0.158915299633946,-0.00455069082454662,0.014));
#5761=CARTESIAN_POINT('',(0.158915364491983,-0.00455068965353628,0.0155));
#5762=CARTESIAN_POINT('',(0.158915364491983,-0.00196327353818896,0.0155));
#5763=CARTESIAN_POINT('',(0.158915364491983,-0.00196327353818896,0.014));
#5764=CARTESIAN_POINT('',(0.158915299633946,0.00062414374816869,0.014));
#5765=CARTESIAN_POINT('',(0.158915364491983,0.000624142577158352,0.0155));
#5766=CARTESIAN_POINT('',(0.158711725685196,0.000627819271094031,0.0155));
#5767=CARTESIAN_POINT('',(0.158711725685196,0.000627819271094031,0.014));
#5768=CARTESIAN_POINT('',(0.158853431835059,0.000773931587616641,0.014));
#5769=CARTESIAN_POINT('',(0.158853432333091,0.000773931074091565,0.0155));
#5770=CARTESIAN_POINT('',(0.158707318506979,0.000632226449311893,0.0155));
#5771=CARTESIAN_POINT('',(0.158707318506979,0.000632226449311893,0.014));
#5772=CARTESIAN_POINT('',(0.158703642984054,0.000835800398061419,0.014));
#5773=CARTESIAN_POINT('',(0.158703641813044,0.000835865256097506,0.0155));
#5774=CARTESIAN_POINT('',(0.156037860810037,0.000835865256097506,0.0155));
#5775=CARTESIAN_POINT('',(0.156037860810037,0.000835865256097506,0.014));
#5776=CARTESIAN_POINT('',(0.15337207863602,0.000835800398061521,0.014));
#5777=CARTESIAN_POINT('',(0.15337207980703,0.000835865256097506,0.0155));
#5778=CARTESIAN_POINT('',(0.153368403113096,0.0006322264493079,0.0155));
#5779=CARTESIAN_POINT('',(0.153368403113096,0.0006322264493079,0.014));
#5780=CARTESIAN_POINT('',(0.153222290796572,0.000773932599174237,0.014));
#5781=CARTESIAN_POINT('',(0.153222291310097,0.000773933097206148,0.0155));
#5782=CARTESIAN_POINT('',(0.15336399593488,0.000627819271092848,0.0155));
#5783=CARTESIAN_POINT('',(0.15336399593488,0.000627819271092848,0.014));
#5784=CARTESIAN_POINT('',(0.153160421986127,0.000624143748168688,0.014));
#5785=CARTESIAN_POINT('',(0.153160357128091,0.000624142577158352,0.0155));
#5786=CARTESIAN_POINT('',(0.153160357128091,-0.00196327353818896,0.0155));
#5787=CARTESIAN_POINT('',(0.153160357128091,-0.00196327353818896,0.014));
#5788=CARTESIAN_POINT('',(0.153160421986127,-0.00455069082454662,0.014));
#5789=CARTESIAN_POINT('',(0.153160357128091,-0.00455068965353628,0.0155));
#5790=CARTESIAN_POINT('',(0.153363995934877,-0.00455436634747223,0.0155));
#5791=CARTESIAN_POINT('',(0.153363995934877,-0.00455436634747223,0.014));
#5792=CARTESIAN_POINT('',(0.153222289785013,-0.00470047866399306,0.014));
#5793=CARTESIAN_POINT('',(0.153222289286982,-0.00470047815046959,0.0155));
#5794=CARTESIAN_POINT('',(0.153368403113096,-0.0045587735256858,0.0155));
#5795=CARTESIAN_POINT('',(0.153368403113096,-0.0045587735256858,0.014));
#5796=CARTESIAN_POINT('',(0.15337207863602,-0.00476234747443944,0.014));
#5797=CARTESIAN_POINT('',(0.15337207980703,-0.00476241233247543,0.0155));
#5798=CARTESIAN_POINT('',(0.156037860810037,-0.00476241233247543,0.0155));
#5799=CARTESIAN_POINT('',(0.156037860810037,-0.00476241233247543,0.014));
#5800=CARTESIAN_POINT('',(0.122452319746371,-0.00382065885797335,0.0155));
#5801=CARTESIAN_POINT('',(0.122452319746371,-0.00382065885797335,0.014));
#5802=CARTESIAN_POINT('',(0.122452319746371,-0.00476241233247543,0.014));
#5803=CARTESIAN_POINT('',(0.122452319746371,-0.00287890538347127,0.014));
#5804=CARTESIAN_POINT('',(0.122452319746371,-0.00287890538347127,0.0155));
#5805=CARTESIAN_POINT('',(0.122452319746371,-0.00476241233247543,0.0155));
#5806=CARTESIAN_POINT('',(0.119574816064425,-0.00287890538347127,0.0155));
#5807=CARTESIAN_POINT('',(0.119574816064425,-0.00287890538347127,0.014));
#5808=CARTESIAN_POINT('',(0.116697312382479,-0.00287890538347127,0.014));
#5809=CARTESIAN_POINT('',(0.116697312382479,-0.00287890538347127,0.0155));
#5810=CARTESIAN_POINT('',(0.116697312382479,-0.00371479751850377,0.0155));
#5811=CARTESIAN_POINT('',(0.116697312382479,-0.00371479751850377,0.014));
#5812=CARTESIAN_POINT('',(0.116697377240515,-0.00455069082454662,0.014));
#5813=CARTESIAN_POINT('',(0.116697312382479,-0.00455068965353628,0.0155));
#5814=CARTESIAN_POINT('',(0.116900951189265,-0.00455436634747194,0.0155));
#5815=CARTESIAN_POINT('',(0.116900951189265,-0.00455436634747194,0.014));
#5816=CARTESIAN_POINT('',(0.116759245039403,-0.00470047866399444,0.014));
#5817=CARTESIAN_POINT('',(0.116759244541371,-0.00470047815046949,0.0155));
#5818=CARTESIAN_POINT('',(0.116905358367483,-0.0045587735256895,0.0155));
#5819=CARTESIAN_POINT('',(0.116905358367483,-0.0045587735256895,0.014));
#5820=CARTESIAN_POINT('',(0.116909033890408,-0.00476234747443932,0.014));
#5821=CARTESIAN_POINT('',(0.116909035061418,-0.00476241233247543,0.0155));
#5822=CARTESIAN_POINT('',(0.119680677403895,-0.00476241233247543,0.0155));
#5823=CARTESIAN_POINT('',(0.119680677403895,-0.00476241233247543,0.014));
#5824=CARTESIAN_POINT('',(0.152638125,-0.053736875,0.014));
#5825=CARTESIAN_POINT('',(0.102980707396921,0.00286785304487717,0.014));
#5826=CARTESIAN_POINT('',(0.100683378848172,0.00560375,0.014));
#5827=CARTESIAN_POINT('',(0.10527803594567,0.000131956089754344,0.014));
#5828=CARTESIAN_POINT('',(0.14430375,0.00560375,0.014));
#5829=CARTESIAN_POINT('',(0.0981317081201784,0.00560375,0.014));
#5830=CARTESIAN_POINT('',(0.0981317081201784,-0.000731432497088434,0.014));
#5831=CARTESIAN_POINT('',(0.0981317081201784,-0.00706661499417686,0.014));
#5832=CARTESIAN_POINT('',(0.0992934332091627,-0.00706661499417686,0.014));
#5833=CARTESIAN_POINT('',(0.100455158298147,-0.00706661499417686,0.014));
#5834=CARTESIAN_POINT('',(0.100455158298147,-0.0024293383963732,0.014));
#5835=CARTESIAN_POINT('',(0.100455158298147,0.00220793820143046,0.014));
#5836=CARTESIAN_POINT('',(0.102866597121909,-0.000643443851295539,0.014));
#5837=CARTESIAN_POINT('',(0.10527803594567,-0.00349482590402153,0.014));
#5838=CARTESIAN_POINT('',(0.107679851011298,-0.000635194915752455,0.014));
#5839=CARTESIAN_POINT('',(0.110081666076926,0.00222443607251662,0.014));
#5840=CARTESIAN_POINT('',(0.110081666076926,-0.00242108946083012,0.014));
#5841=CARTESIAN_POINT('',(0.110081666076926,-0.00706661499417686,0.014));
#5842=CARTESIAN_POINT('',(0.111251640101453,-0.00706661499417686,0.014));
#5843=CARTESIAN_POINT('',(0.112421614125981,-0.00706661499417686,0.014));
#5844=CARTESIAN_POINT('',(0.112421614125981,-0.000731432497088434,0.014));
#5845=CARTESIAN_POINT('',(0.112421614125981,0.00560375,0.014));
#5846=CARTESIAN_POINT('',(0.14430375,0.00560375,0.014));
#5847=CARTESIAN_POINT('',(0.109853445526901,0.00560375,0.014));
#5848=CARTESIAN_POINT('',(0.107565740736285,0.00286785304487717,0.014));
#5849=CARTESIAN_POINT('',(0.152638125,-0.053736875,0.014));
#5850=CARTESIAN_POINT('',(0.164352787837466,0.00527791704604818,0.014));
#5851=CARTESIAN_POINT('',(0.164898592405899,0.00560375,0.014));
#5852=CARTESIAN_POINT('',(0.165566756184889,0.00560375,0.014));
#5853=CARTESIAN_POINT('',(0.164352787837466,0.00527791704604818,0.014));
#5854=CARTESIAN_POINT('',(0.165566756184889,0.00560375,0.014));
#5855=CARTESIAN_POINT('',(0.165652799636037,0.00308620623241336,0.014));
#5856=CARTESIAN_POINT('',(0.163472901379536,0.00440627952366231,0.014));
#5857=CARTESIAN_POINT('',(0.163138819490041,0.0031758133051523,0.014));
#5858=CARTESIAN_POINT('',(0.163138819490041,0.00386047495522827,0.014));
#5859=CARTESIAN_POINT('',(0.163472901379536,0.00440627952366231,0.014));
#5860=CARTESIAN_POINT('',(0.163138819490041,0.0031758133051523,0.014));
#5861=CARTESIAN_POINT('',(0.163138819490041,-0.000731432497088434,0.014));
#5862=CARTESIAN_POINT('',(0.163139300025579,-0.00463868433541131,0.014));
#5863=CARTESIAN_POINT('',(0.165416878196529,-0.00466729335149325,0.014));
#5864=CARTESIAN_POINT('',(0.163472799160466,-0.00585270938550647,0.014));
#5865=CARTESIAN_POINT('',(0.165713140339758,-0.00449229414446003,0.014));
#5866=CARTESIAN_POINT('',(0.164352725193055,-0.0067326353808688,0.014));
#5867=CARTESIAN_POINT('',(0.165538141132725,-0.00478855628768953,0.014));
#5868=CARTESIAN_POINT('',(0.165566750148807,-0.00706613445863952,0.01400000025));
#5869=CARTESIAN_POINT('',(0.169412134970557,-0.00706661499417686,0.014));
#5870=CARTESIAN_POINT('',(0.173257519792307,-0.00706613445863953,0.014));
#5871=CARTESIAN_POINT('',(0.173286128808388,-0.00478855628768705,0.014));
#5872=CARTESIAN_POINT('',(0.174471544842402,-0.00673263532375235,0.014));
#5873=CARTESIAN_POINT('',(0.173111129601358,-0.00449229414446408,0.014));
#5874=CARTESIAN_POINT('',(0.175351470837764,-0.00585270929116332,0.014));
#5875=CARTESIAN_POINT('',(0.173407391744594,-0.00466729335149603,0.014));
#5876=CARTESIAN_POINT('',(0.175684969915535,-0.00463868433541131,0.01400000025));
#5877=CARTESIAN_POINT('',(0.175685450451072,-0.00324873266031953,0.014));
#5878=CARTESIAN_POINT('',(0.175684995332888,-0.00185878167311942,0.014));
#5879=CARTESIAN_POINT('',(0.173315006413219,-0.00183093142974033,0.014));
#5880=CARTESIAN_POINT('',(0.175359701695581,-0.000633770188590906,0.014));
#5881=CARTESIAN_POINT('',(0.173253727581456,-0.00185982355089751,0.014));
#5882=CARTESIAN_POINT('',(0.174479764510709,0.000246122427285173,0.014));
#5883=CARTESIAN_POINT('',(0.173283825629545,-0.00179328654772723,0.014));
#5884=CARTESIAN_POINT('',(0.17325751846366,0.000571476165298114,0.01400000025));
#5885=CARTESIAN_POINT('',(0.169456129293453,0.000571899318718821,0.014));
#5886=CARTESIAN_POINT('',(0.16565474325031,0.00057197858439903,0.014));
#5887=CARTESIAN_POINT('',(0.165650636799602,0.000777943171147744,0.014));
#5888=CARTESIAN_POINT('',(0.165504704719174,0.00063265227916169,0.014));
#5889=CARTESIAN_POINT('',(0.16564218835757,0.00077658310855982,0.014));
#5890=CARTESIAN_POINT('',(0.165443107178962,0.000780870521330548,0.01400000025));
#5891=CARTESIAN_POINT('',(0.165443022151743,0.00193434850591817,0.014));
#5892=CARTESIAN_POINT('',(0.165443087009779,0.00308782583036974,0.014));
#5893=CARTESIAN_POINT('',(0.165646660958529,0.00309150135329536,0.014));
#5894=CARTESIAN_POINT('',(0.165504954792934,0.0032376136850713,0.014));
#5895=CARTESIAN_POINT('',(0.165651068136748,0.00309590853150984,0.014));
#5896=CARTESIAN_POINT('',(0.165654743659672,0.00329948248026256,0.01400000025));
#5897=CARTESIAN_POINT('',(0.169666477149802,0.00329954733829856,0.014));
#5898=CARTESIAN_POINT('',(0.173678209468922,0.00329954733829856,0.014));
#5899=CARTESIAN_POINT('',(0.173678209468922,0.00445164866914928,0.014));
#5900=CARTESIAN_POINT('',(0.173678209468922,0.00560375,0.014));
#5901=CARTESIAN_POINT('',(0.14430375,0.00560375,0.014));
#5902=CARTESIAN_POINT('',(0.152638125,-0.053736875,0.014));
#5903=CARTESIAN_POINT('',(0.177568957400076,0.00191647581224149,0.014));
#5904=CARTESIAN_POINT('',(0.177568957400076,-0.00177079837551701,0.014));
#5905=CARTESIAN_POINT('',(0.177568957400076,0.00560375,0.014));
#5906=CARTESIAN_POINT('',(0.182584310210271,-0.00177079837551701,0.014));
#5907=CARTESIAN_POINT('',(0.187599664600838,-0.00177087764119711,0.014));
#5908=CARTESIAN_POINT('',(0.187603771051545,-0.0019768422279502,0.014));
#5909=CARTESIAN_POINT('',(0.187749703131978,-0.00183155133596381,0.014));
#5910=CARTESIAN_POINT('',(0.187612219493579,-0.00197548216535805,0.014));
#5911=CARTESIAN_POINT('',(0.187811300672187,-0.00197976957812873,0.01400000025));
#5912=CARTESIAN_POINT('',(0.187811385699406,-0.0032652305314057,0.014));
#5913=CARTESIAN_POINT('',(0.187811320841369,-0.00455069082454662,0.014));
#5914=CARTESIAN_POINT('',(0.187607746892619,-0.00455436634747197,0.014));
#5915=CARTESIAN_POINT('',(0.187749453058214,-0.00470047867924858,0.014));
#5916=CARTESIAN_POINT('',(0.1876033397144,-0.00455877352568577,0.014));
#5917=CARTESIAN_POINT('',(0.187599664191477,-0.00476234747443944,0.01400000025));
#5918=CARTESIAN_POINT('',(0.183842272880592,-0.00476241233247543,0.014));
#5919=CARTESIAN_POINT('',(0.180084881569707,-0.00476234747443943,0.014));
#5920=CARTESIAN_POINT('',(0.180081206046782,-0.00455877352568676,0.014));
#5921=CARTESIAN_POINT('',(0.179935093715001,-0.00470047969128014,0.014));
#5922=CARTESIAN_POINT('',(0.180076798868562,-0.00455436634747202,0.014));
#5923=CARTESIAN_POINT('',(0.179873224919814,-0.00455069082454662,0.01400000025));
#5924=CARTESIAN_POINT('',(0.179873160061778,-0.00418086237668801,0.014));
#5925=CARTESIAN_POINT('',(0.179873160061778,-0.00381103509983975,0.014));
#5926=CARTESIAN_POINT('',(0.178721058730927,-0.00381103509983975,0.014));
#5927=CARTESIAN_POINT('',(0.177568957400076,-0.00381103509983975,0.014));
#5928=CARTESIAN_POINT('',(0.177568957400076,-0.00422485669958446,0.014));
#5929=CARTESIAN_POINT('',(0.177569437935614,-0.00463868433541131,0.014));
#5930=CARTESIAN_POINT('',(0.179847016106567,-0.00466729335149334,0.014));
#5931=CARTESIAN_POINT('',(0.177902937070501,-0.00585270938550647,0.014));
#5932=CARTESIAN_POINT('',(0.180143278249793,-0.00449229414446013,0.014));
#5933=CARTESIAN_POINT('',(0.17878286310309,-0.00673263538086871,0.014));
#5934=CARTESIAN_POINT('',(0.179968279042758,-0.004788556287697,0.014));
#5935=CARTESIAN_POINT('',(0.179996888058842,-0.00706613445863941,0.01400000025));
#5936=CARTESIAN_POINT('',(0.183842272880592,-0.00706661499417686,0.014));
#5937=CARTESIAN_POINT('',(0.187687657702341,-0.00706613445863952,0.014));
#5938=CARTESIAN_POINT('',(0.187716266718423,-0.0047885562876886,0.014));
#5939=CARTESIAN_POINT('',(0.188901682752436,-0.00673263532375237,0.014));
#5940=CARTESIAN_POINT('',(0.18754126751139,-0.00449229414446032,0.014));
#5941=CARTESIAN_POINT('',(0.189781608747799,-0.00585270929116336,0.014));
#5942=CARTESIAN_POINT('',(0.187837529654619,-0.00466729335149314,0.014));
#5943=CARTESIAN_POINT('',(0.19011510782557,-0.00463868433541131,0.01400000025));
#5944=CARTESIAN_POINT('',(0.190115588361107,-0.00325698159586262,0.014));
#5945=CARTESIAN_POINT('',(0.190115165207686,-0.00187528018496087,0.014));
#5946=CARTESIAN_POINT('',(0.187750402494663,-0.00184897301907541,0.014));
#5947=CARTESIAN_POINT('',(0.189789811418327,-0.000653034048639581,0.014));
#5948=CARTESIAN_POINT('',(0.187683865491491,-0.00187907106716437,0.014));
#5949=CARTESIAN_POINT('',(0.188909902420743,0.000226874911017984,0.014));
#5950=CARTESIAN_POINT('',(0.18771396353958,-0.00181253406399269,0.014));
#5951=CARTESIAN_POINT('',(0.187687656373694,0.000552228649030906,0.01400000025));
#5952=CARTESIAN_POINT('',(0.183886267203488,0.000552651802451626,0.014));
#5953=CARTESIAN_POINT('',(0.180084881569707,0.000552716660487628,0.014));
#5954=CARTESIAN_POINT('',(0.180081206046782,0.000756290609240296,0.014));
#5955=CARTESIAN_POINT('',(0.179935093715003,0.000614584443645156,0.014));
#5956=CARTESIAN_POINT('',(0.180076798868566,0.000760697787456472,0.014));
#5957=CARTESIAN_POINT('',(0.179873224919814,0.000764373310380443,0.01400000025));
#5958=CARTESIAN_POINT('',(0.179873160061778,0.00192609957037509,0.014));
#5959=CARTESIAN_POINT('',(0.179873224919814,0.00308782583036974,0.014));
#5960=CARTESIAN_POINT('',(0.180076798868566,0.00309150135329371,0.014));
#5961=CARTESIAN_POINT('',(0.179935092702971,0.00323761368507306,0.014));
#5962=CARTESIAN_POINT('',(0.180081206046783,0.00309590853150984,0.014));
#5963=CARTESIAN_POINT('',(0.180084881569707,0.00329948248026256,0.01400000025));
#5964=CARTESIAN_POINT('',(0.185100235550912,0.00329954733829856,0.014));
#5965=CARTESIAN_POINT('',(0.190115588361107,0.00329954733829856,0.014));
#5966=CARTESIAN_POINT('',(0.190115588361107,0.00445164866914928,0.014));
#5967=CARTESIAN_POINT('',(0.190115588361107,0.00560375,0.014));
#5968=CARTESIAN_POINT('',(0.14430375,0.00560375,0.014));
#5969=CARTESIAN_POINT('',(0.152638125,-0.053736875,0.014));
#5970=CARTESIAN_POINT('',(0.128119338464469,-0.00993586974057954,0.014));
#5971=CARTESIAN_POINT('',(0.128119338464469,-0.0110975948295639,0.014));
#5972=CARTESIAN_POINT('',(0.128119338464469,-0.00877414465159523,0.014));
#5973=CARTESIAN_POINT('',(0.131242935390117,-0.0110975948295639,0.014));
#5974=CARTESIAN_POINT('',(0.134366536723698,-0.0110971866486632,0.014));
#5975=CARTESIAN_POINT('',(0.134392152183282,-0.00872515831010549,0.014));
#5976=CARTESIAN_POINT('',(0.135590074581585,-0.01077167321105,0.014));
#5977=CARTESIAN_POINT('',(0.134402579616306,-0.00871094781968129,0.014));
#5978=CARTESIAN_POINT('',(0.136461761943708,-0.00990012435322618,0.014));
#5979=CARTESIAN_POINT('',(0.136777971139526,-0.00866690848953514,0.014));
#5980=CARTESIAN_POINT('',(0.136777971139526,-0.00935431978479213,0.014));
#5981=CARTESIAN_POINT('',(0.136461761943708,-0.00990012435322618,0.014));
#5982=CARTESIAN_POINT('',(0.136777971139526,-0.00866690848953514,0.014));
#5983=CARTESIAN_POINT('',(0.136777971139526,-0.00397738863329195,0.014));
#5984=CARTESIAN_POINT('',(0.136777971139526,0.000712131222951247,0.014));
#5985=CARTESIAN_POINT('',(0.136452138185575,0.00192609957037509,0.014));
#5986=CARTESIAN_POINT('',(0.136777971139526,0.00138029500194104,0.014));
#5987=CARTESIAN_POINT('',(0.136777971139526,0.000712131222951247,0.014));
#5988=CARTESIAN_POINT('',(0.136452138185575,0.00192609957037509,0.014));
#5989=CARTESIAN_POINT('',(0.13426042737194,0.000626087771803579,0.014));
#5990=CARTESIAN_POINT('',(0.135580536992556,0.00280604439103027,0.014));
#5991=CARTESIAN_POINT('',(0.134395147367929,0.000862009211310535,0.014));
#5992=CARTESIAN_POINT('',(0.134366538351847,0.0031395873822616,0.01400000025));
#5993=CARTESIAN_POINT('',(0.131604513731422,0.00314006791779894,0.014));
#5994=CARTESIAN_POINT('',(0.128842493897852,0.00313987760193938,0.014));
#5995=CARTESIAN_POINT('',(0.128827463091997,0.000849982031720238,0.014));
#5996=CARTESIAN_POINT('',(0.127636856336063,0.0028058522264868,0.014));
#5997=CARTESIAN_POINT('',(0.12897247896678,0.000565325279299557,0.014));
#5998=CARTESIAN_POINT('',(0.126747117258036,0.001926190424314,0.014));
#5999=CARTESIAN_POINT('',(0.128682783120048,0.000740438840524257,0.014));
#6000=CARTESIAN_POINT('',(0.126412283471493,0.000712137139627373,0.01400000025));
#6001=CARTESIAN_POINT('',(0.126411808807051,-0.00196327353818896,0.014));
#6002=CARTESIAN_POINT('',(0.126412283471493,-0.0046386842160053,0.014));
#6003=CARTESIAN_POINT('',(0.128682783120048,-0.00466698591690211,0.014));
#6004=CARTESIAN_POINT('',(0.126747117292848,-0.00585273755763222,0.014));
#6005=CARTESIAN_POINT('',(0.12897247896678,-0.00449187235567756,0.014));
#6006=CARTESIAN_POINT('',(0.127636855720295,-0.00673239892412173,0.014));
#6007=CARTESIAN_POINT('',(0.128827463091997,-0.00477652910809809,0.014));
#6008=CARTESIAN_POINT('',(0.128842493897852,-0.0070664246783173,0.01400000025));
#6009=CARTESIAN_POINT('',(0.131658131812452,-0.00706661499417686,0.014));
#6010=CARTESIAN_POINT('',(0.134473768477825,-0.00706661499417686,0.014));
#6011=CARTESIAN_POINT('',(0.134473768477825,-0.00781451848341647,0.014));
#6012=CARTESIAN_POINT('',(0.134473703619789,-0.00856242314366641,0.014));
#6013=CARTESIAN_POINT('',(0.134270129671039,-0.00856609866659197,0.014));
#6014=CARTESIAN_POINT('',(0.134411835836631,-0.00871221099837028,0.014));
#6015=CARTESIAN_POINT('',(0.134265722492822,-0.00857050584480936,0.014));
#6016=CARTESIAN_POINT('',(0.134262046969896,-0.00877407979355914,0.01400000025));
#6017=CARTESIAN_POINT('',(0.131190692131678,-0.00877414465159523,0.014));
#6018=CARTESIAN_POINT('',(0.152638125,-0.053736875,0.014));
#6019=CARTESIAN_POINT('',(0.153284091161237,-0.00706661499417686,0.014));
#6020=CARTESIAN_POINT('',(0.152613177737066,-0.00706661499417686,0.014));
#6021=CARTESIAN_POINT('',(0.152068747991223,-0.00673253310468196,0.014));
#6022=CARTESIAN_POINT('',(0.153284091161237,-0.00706661499417686,0.014));
#6023=CARTESIAN_POINT('',(0.152068747991223,-0.00673253310468196,0.014));
#6024=CARTESIAN_POINT('',(0.156037860810037,-0.00706661499417686,0.014));
#6025=CARTESIAN_POINT('',(0.158791630458836,-0.00706661499417686,0.014));
#6026=CARTESIAN_POINT('',(0.160022096677346,-0.00673253310468196,0.014));
#6027=CARTESIAN_POINT('',(0.159476292108913,-0.00706661499417686,0.014));
#6028=CARTESIAN_POINT('',(0.158791630458836,-0.00706661499417686,0.014));
#6029=CARTESIAN_POINT('',(0.160022096677346,-0.00673253310468196,0.014));
#6030=CARTESIAN_POINT('',(0.1587020233861,-0.00455263484818442,0.014));
#6031=CARTESIAN_POINT('',(0.160893734199732,-0.00585264664675302,0.014));
#6032=CARTESIAN_POINT('',(0.161219567153684,-0.00463867829932917,0.014));
#6033=CARTESIAN_POINT('',(0.161219567153684,-0.00530684207831897,0.014));
#6034=CARTESIAN_POINT('',(0.160893734199732,-0.00585264664675302,0.014));
#6035=CARTESIAN_POINT('',(0.161219567153684,-0.00463867829932917,0.014));
#6036=CARTESIAN_POINT('',(0.161219567153684,-0.00196327353818896,0.014));
#6037=CARTESIAN_POINT('',(0.161219567153684,0.000712131222951247,0.014));
#6038=CARTESIAN_POINT('',(0.160893734199732,0.00192609957037509,0.014));
#6039=CARTESIAN_POINT('',(0.161219567153684,0.00138029500194104,0.014));
#6040=CARTESIAN_POINT('',(0.161219567153684,0.000712131222951247,0.014));
#6041=CARTESIAN_POINT('',(0.160893734199732,0.00192609957037509,0.014));
#6042=CARTESIAN_POINT('',(0.158723820416706,0.000634673657736041,0.014));
#6043=CARTESIAN_POINT('',(0.160013798903892,0.00280590087125882,0.014));
#6044=CARTESIAN_POINT('',(0.158816119972467,0.000819849063709205,0.014));
#6045=CARTESIAN_POINT('',(0.158791634559403,0.0031396794163012,0.01400000025));
#6046=CARTESIAN_POINT('',(0.156037860810037,0.00314006791779894,0.014));
#6047=CARTESIAN_POINT('',(0.153284091161237,0.00314006791779894,0.014));
#6048=CARTESIAN_POINT('',(0.152068747991223,0.00280598602830404,0.014));
#6049=CARTESIAN_POINT('',(0.152613177737066,0.00314006791779894,0.014));
#6050=CARTESIAN_POINT('',(0.153284091161237,0.00314006791779894,0.014));
#6051=CARTESIAN_POINT('',(0.152068747991223,0.00280598602830404,0.014));
#6052=CARTESIAN_POINT('',(0.15344134945811,0.000553731195437752,0.014));
#6053=CARTESIAN_POINT('',(0.151188782430582,0.00192614847117434,0.014));
#6054=CARTESIAN_POINT('',(0.153124379134205,0.00074043884052432,0.014));
#6055=CARTESIAN_POINT('',(0.150853879485651,0.000712137139627373,0.01400000025));
#6056=CARTESIAN_POINT('',(0.150853404821209,-0.00196327353818896,0.014));
#6057=CARTESIAN_POINT('',(0.150853879485651,-0.0046386842160053,0.014));
#6058=CARTESIAN_POINT('',(0.153124379134205,-0.00466698591690221,0.014));
#6059=CARTESIAN_POINT('',(0.151188782488642,-0.00585269564343204,0.014));
#6060=CARTESIAN_POINT('',(0.15344134945811,-0.00448027827181533,0.014));
#6061=CARTESIAN_POINT('',(0.152638125,-0.053736875,0.014));
#6062=CARTESIAN_POINT('',(0.138661478088531,-0.00196327353818896,0.014));
#6063=CARTESIAN_POINT('',(0.138661478088531,-0.00706661499417686,0.014));
#6064=CARTESIAN_POINT('',(0.138661478088531,0.00314006791779894,0.014));
#6065=CARTESIAN_POINT('',(0.139813579419381,-0.00706661499417686,0.014));
#6066=CARTESIAN_POINT('',(0.140965680750232,-0.00706661499417686,0.014));
#6067=CARTESIAN_POINT('',(0.140965680750232,-0.00322123620850925,0.014));
#6068=CARTESIAN_POINT('',(0.140965745608268,0.00062414374816869,0.014));
#6069=CARTESIAN_POINT('',(0.141169319557018,0.000627819271093949,0.014));
#6070=CARTESIAN_POINT('',(0.141027613391425,0.00077393160287213,0.014));
#6071=CARTESIAN_POINT('',(0.141173726735235,0.000632226449312275,0.014));
#6072=CARTESIAN_POINT('',(0.141177402258161,0.000835800398061404,0.01400000025));
#6073=CARTESIAN_POINT('',(0.143843184432178,0.000835865256097506,0.014));
#6074=CARTESIAN_POINT('',(0.146508966606195,0.000835800398061512,0.014));
#6075=CARTESIAN_POINT('',(0.146512642129119,0.000632226449308431,0.014));
#6076=CARTESIAN_POINT('',(0.146658754460898,0.000773932614904411,0.014));
#6077=CARTESIAN_POINT('',(0.146517049307334,0.000627819271092809,0.014));
#6078=CARTESIAN_POINT('',(0.146720623256087,0.000624143748168687,0.01400000025));
#6079=CARTESIAN_POINT('',(0.146720688114123,-0.00322123620850925,0.014));
#6080=CARTESIAN_POINT('',(0.146720688114123,-0.00706661499417686,0.014));
#6081=CARTESIAN_POINT('',(0.147872789444974,-0.00706661499417686,0.014));
#6082=CARTESIAN_POINT('',(0.149024890775825,-0.00706661499417686,0.014));
#6083=CARTESIAN_POINT('',(0.149024890775825,-0.0031772418856128,0.014));
#6084=CARTESIAN_POINT('',(0.149024890775825,0.000712131222951247,0.014));
#6085=CARTESIAN_POINT('',(0.148699057821873,0.00192609957037509,0.014));
#6086=CARTESIAN_POINT('',(0.149024890775825,0.00138029500194104,0.014));
#6087=CARTESIAN_POINT('',(0.149024890775825,0.000712131222951247,0.014));
#6088=CARTESIAN_POINT('',(0.148699057821873,0.00192609957037509,0.014));
#6089=CARTESIAN_POINT('',(0.146529144038844,0.000634673657733576,0.014));
#6090=CARTESIAN_POINT('',(0.147819122526033,0.00280590087125883,0.014));
#6091=CARTESIAN_POINT('',(0.146621443594608,0.000819849063707551,0.014));
#6092=CARTESIAN_POINT('',(0.146596958181544,0.0031396794163012,0.01400000025));
#6093=CARTESIAN_POINT('',(0.142629216084754,0.00314006791779894,0.014));
#6094=CARTESIAN_POINT('',(0.152638125,-0.053736875,0.014));
#6095=CARTESIAN_POINT('',(0.116796556901995,-0.00474639614008548,0.014));
#6096=CARTESIAN_POINT('',(0.116821042315058,-0.00706622649267912,0.01400000025));
#6097=CARTESIAN_POINT('',(0.11559887797057,-0.00673244794763675,0.014));
#6098=CARTESIAN_POINT('',(0.120788784411849,-0.00706661499417686,0.014));
#6099=CARTESIAN_POINT('',(0.124756522408072,-0.00706661499417686,0.014));
#6100=CARTESIAN_POINT('',(0.124756522408072,-0.0031772418856128,0.014));
#6101=CARTESIAN_POINT('',(0.124756522408072,0.000712131222951247,0.014));
#6102=CARTESIAN_POINT('',(0.124432064276711,0.00192609957037509,0.014));
#6103=CARTESIAN_POINT('',(0.124756522408072,0.00138029500194104,0.014));
#6104=CARTESIAN_POINT('',(0.124756522408072,0.000712131222951247,0.014));
#6105=CARTESIAN_POINT('',(0.124432064276711,0.00192609957037509,0.014));
#6106=CARTESIAN_POINT('',(0.122273369521791,0.000645659578120352,0.014));
#6107=CARTESIAN_POINT('',(0.123552110419082,0.00280586888546128,0.014));
#6108=CARTESIAN_POINT('',(0.122352382125284,0.000812765913039039,0.014));
#6109=CARTESIAN_POINT('',(0.122328589530433,0.00313969459267921,0.01400000025));
#6110=CARTESIAN_POINT('',(0.118360847717001,0.00314006791779894,0.014));
#6111=CARTESIAN_POINT('',(0.114393109720778,0.00314006791779894,0.014));
#6112=CARTESIAN_POINT('',(0.114393109720778,0.00198796658694823,0.014));
#6113=CARTESIAN_POINT('',(0.114393109720778,0.000835865256097506,0.014));
#6114=CARTESIAN_POINT('',(0.118316853394105,0.000835865256097506,0.014));
#6115=CARTESIAN_POINT('',(0.122240598238442,0.000835800398061512,0.014));
#6116=CARTESIAN_POINT('',(0.122244273761366,0.00063222644930849,0.014));
#6117=CARTESIAN_POINT('',(0.122390386093148,0.000773932614902242,0.014));
#6118=CARTESIAN_POINT('',(0.122248680939585,0.00062781927109395,0.014));
#6119=CARTESIAN_POINT('',(0.122452254888335,0.000624143748168689,0.01400000025));
#6120=CARTESIAN_POINT('',(0.122452319746371,-8.93903473184045E-5,0.014));
#6121=CARTESIAN_POINT('',(0.122452319746371,-0.000802923271795161,0.014));
#6122=CARTESIAN_POINT('',(0.118422714733574,-0.000802923271795161,0.014));
#6123=CARTESIAN_POINT('',(0.114393109720778,-0.000802923271795161,0.014));
#6124=CARTESIAN_POINT('',(0.114393109720778,-0.00272080078556217,0.014));
#6125=CARTESIAN_POINT('',(0.114393109720778,-0.00463867829932917,0.014));
#6126=CARTESIAN_POINT('',(0.11471894267473,-0.00585264664675302,0.014));
#6127=CARTESIAN_POINT('',(0.114393109720778,-0.00530684207831897,0.014));
#6128=CARTESIAN_POINT('',(0.114393109720778,-0.00463867829932917,0.014));
#6129=CARTESIAN_POINT('',(0.11471894267473,-0.00585264664675302,0.014));
#6130=CARTESIAN_POINT('',(0.116888856457759,-0.00456122073411144,0.014));
#6131=CARTESIAN_POINT('',(0.107565740736285,0.00286785304487717,0.0155));
#6132=CARTESIAN_POINT('',(0.10527803594567,0.000131956089754344,0.0155));
#6133=CARTESIAN_POINT('',(0.10527803594567,0.000131956089754344,0.0155));
#6134=CARTESIAN_POINT('',(0.109853445526901,0.00560375,0.0155));
#6135=CARTESIAN_POINT('',(0.109853445526901,0.00560375,0.0155));
#6136=CARTESIAN_POINT('',(0.107565740736285,0.00286785304487717,0.0155));
#6137=CARTESIAN_POINT('',(0.102980707396921,0.00286785304487717,0.0155));
#6138=CARTESIAN_POINT('',(0.100683378848172,0.00560375,0.0155));
#6139=CARTESIAN_POINT('',(0.100683378848172,0.00560375,0.0155));
#6140=CARTESIAN_POINT('',(0.102980707396921,0.00286785304487717,0.0155));
#6141=CARTESIAN_POINT('',(0.14430375,0.00560375,0.0155));
#6142=CARTESIAN_POINT('',(0.14430375,0.00560375,0.0155));
#6143=CARTESIAN_POINT('',(0.0981317081201784,0.00560375,0.0155));
#6144=CARTESIAN_POINT('',(0.0981317081201784,0.00560375,0.0155));
#6145=CARTESIAN_POINT('',(0.0981317081201784,-0.000731432497088434,0.0155));
#6146=CARTESIAN_POINT('',(0.0981317081201784,-0.00706661499417686,0.0155));
#6147=CARTESIAN_POINT('',(0.0981317081201784,-0.00706661499417686,0.0155));
#6148=CARTESIAN_POINT('',(0.0981317081201784,-0.000731432497088434,0.0155));
#6149=CARTESIAN_POINT('',(0.0992934332091627,-0.00706661499417686,0.0155));
#6150=CARTESIAN_POINT('',(0.100455158298147,-0.00706661499417686,0.0155));
#6151=CARTESIAN_POINT('',(0.100455158298147,-0.00706661499417686,0.0155));
#6152=CARTESIAN_POINT('',(0.0992934332091627,-0.00706661499417686,0.0155));
#6153=CARTESIAN_POINT('',(0.100455158298147,-0.0024293383963732,0.0155));
#6154=CARTESIAN_POINT('',(0.100455158298147,0.00220793820143046,0.0155));
#6155=CARTESIAN_POINT('',(0.100455158298147,0.00220793820143046,0.0155));
#6156=CARTESIAN_POINT('',(0.100455158298147,-0.0024293383963732,0.0155));
#6157=CARTESIAN_POINT('',(0.102866597121909,-0.000643443851295539,0.0155));
#6158=CARTESIAN_POINT('',(0.10527803594567,-0.00349482590402153,0.0155));
#6159=CARTESIAN_POINT('',(0.10527803594567,-0.00349482590402153,0.0155));
#6160=CARTESIAN_POINT('',(0.102866597121909,-0.000643443851295539,0.0155));
#6161=CARTESIAN_POINT('',(0.107679851011298,-0.000635194915752455,0.0155));
#6162=CARTESIAN_POINT('',(0.110081666076926,0.00222443607251662,0.0155));
#6163=CARTESIAN_POINT('',(0.110081666076926,0.00222443607251662,0.0155));
#6164=CARTESIAN_POINT('',(0.107679851011298,-0.000635194915752455,0.0155));
#6165=CARTESIAN_POINT('',(0.110081666076926,-0.00242108946083012,0.0155));
#6166=CARTESIAN_POINT('',(0.110081666076926,-0.00706661499417686,0.0155));
#6167=CARTESIAN_POINT('',(0.110081666076926,-0.00706661499417686,0.0155));
#6168=CARTESIAN_POINT('',(0.110081666076926,-0.00242108946083012,0.0155));
#6169=CARTESIAN_POINT('',(0.111251640101453,-0.00706661499417686,0.0155));
#6170=CARTESIAN_POINT('',(0.112421614125981,-0.00706661499417686,0.0155));
#6171=CARTESIAN_POINT('',(0.112421614125981,-0.00706661499417686,0.0155));
#6172=CARTESIAN_POINT('',(0.111251640101453,-0.00706661499417686,0.0155));
#6173=CARTESIAN_POINT('',(0.112421614125981,-0.000731432497088434,0.0155));
#6174=CARTESIAN_POINT('',(0.112421614125981,0.00560375,0.0155));
#6175=CARTESIAN_POINT('',(0.112421614125981,0.00560375,0.0155));
#6176=CARTESIAN_POINT('',(0.112421614125981,-0.000731432497088434,0.0155));
#6177=CARTESIAN_POINT('',(0.14430375,0.00560375,0.0155));
#6178=CARTESIAN_POINT('',(0.14430375,0.00560375,0.0155));
#6179=CARTESIAN_POINT('',(0.164352787837466,0.00527791704604818,0.0155));
#6180=CARTESIAN_POINT('',(0.164352787837466,0.00527791704604818,0.014));
#6181=CARTESIAN_POINT('',(0.164716657549755,0.00549513901534939,0.0155));
#6182=CARTESIAN_POINT('',(0.164716657549755,0.00549513901534939,0.014));
#6183=CARTESIAN_POINT('',(0.165121313665563,0.00560375,0.0155));
#6184=CARTESIAN_POINT('',(0.165121313665563,0.00560375,0.014));
#6185=CARTESIAN_POINT('',(0.165566756184889,0.00560375,0.0155));
#6186=CARTESIAN_POINT('',(0.165566756184889,0.00560375,0.014));
#6187=CARTESIAN_POINT('',(0.164352787837466,0.00527791704604818,0.0155));
#6188=CARTESIAN_POINT('',(0.164352787837466,0.00527791704604818,0.0155));
#6189=CARTESIAN_POINT('',(0.165566756184889,0.00560375,0.0155));
#6190=CARTESIAN_POINT('',(0.165566756184889,0.00560375,0.0155));
#6191=CARTESIAN_POINT('',(0.164352787837466,0.00527791704604818,0.0155));
#6192=CARTESIAN_POINT('',(0.164898592405899,0.00560375,0.0155));
#6193=CARTESIAN_POINT('',(0.165566756184889,0.00560375,0.0155));
#6194=CARTESIAN_POINT('',(0.165652799636037,0.00308620623241336,0.0155));
#6195=CARTESIAN_POINT('',(0.163472901379536,0.00440627952366231,0.0155));
#6196=CARTESIAN_POINT('',(0.163472901379536,0.00440627952366231,0.0155));
#6197=CARTESIAN_POINT('',(0.165652799636037,0.00308620623241336,0.0155));
#6198=CARTESIAN_POINT('',(0.163138819490041,0.0031758133051523,0.0155));
#6199=CARTESIAN_POINT('',(0.163138819490041,0.0031758133051523,0.014));
#6200=CARTESIAN_POINT('',(0.163138819490041,0.00363225440520294,0.0155));
#6201=CARTESIAN_POINT('',(0.163138819490041,0.00363225440520294,0.014));
#6202=CARTESIAN_POINT('',(0.163250180119873,0.00404240981137295,0.0155));
#6203=CARTESIAN_POINT('',(0.163250180119873,0.00404240981137295,0.014));
#6204=CARTESIAN_POINT('',(0.163472901379536,0.00440627952366231,0.0155));
#6205=CARTESIAN_POINT('',(0.163472901379536,0.00440627952366231,0.014));
#6206=CARTESIAN_POINT('',(0.163138819490041,0.0031758133051523,0.0155));
#6207=CARTESIAN_POINT('',(0.163138819490041,0.0031758133051523,0.0155));
#6208=CARTESIAN_POINT('',(0.163138819490041,0.0031758133051523,0.0155));
#6209=CARTESIAN_POINT('',(0.163138819490041,0.00386047495522827,0.0155));
#6210=CARTESIAN_POINT('',(0.163472901379536,0.00440627952366231,0.0155));
#6211=CARTESIAN_POINT('',(0.163138819490041,-0.000731432497088434,0.0155));
#6212=CARTESIAN_POINT('',(0.163138819490041,-0.00463867829932917,0.0155));
#6213=CARTESIAN_POINT('',(0.163139300025579,-0.00463868433541131,0.01549999975));
#6214=CARTESIAN_POINT('',(0.163138819490041,-0.000731432497088434,0.0155));
#6215=CARTESIAN_POINT('',(0.165416878196529,-0.00466729335149325,0.0155));
#6216=CARTESIAN_POINT('',(0.163472901379536,-0.00585264664675302,0.0155));
#6217=CARTESIAN_POINT('',(0.163472799259194,-0.00585270954809237,0.01549999975));
#6218=CARTESIAN_POINT('',(0.165416878196529,-0.00466729335149325,0.0155));
#6219=CARTESIAN_POINT('',(0.165713140339758,-0.00449229414446003,0.0155));
#6220=CARTESIAN_POINT('',(0.164352787837466,-0.00673253310468196,0.0155));
#6221=CARTESIAN_POINT('',(0.164352725124767,-0.00673263533933216,0.0154999997500001));
#6222=CARTESIAN_POINT('',(0.165713140339758,-0.00449229414446003,0.0155));
#6223=CARTESIAN_POINT('',(0.165538141132725,-0.00478855628768953,0.0155));
#6224=CARTESIAN_POINT('',(0.165566756184889,-0.00706661499417686,0.0155));
#6225=CARTESIAN_POINT('',(0.165566750148807,-0.00706613445863952,0.01549999975));
#6226=CARTESIAN_POINT('',(0.165538141132725,-0.00478855628768953,0.0155));
#6227=CARTESIAN_POINT('',(0.169412134970557,-0.00706661499417686,0.0155));
#6228=CARTESIAN_POINT('',(0.173257513756225,-0.00706661499417686,0.0155));
#6229=CARTESIAN_POINT('',(0.173257519792307,-0.00706613445863953,0.01549999975));
#6230=CARTESIAN_POINT('',(0.169412134970557,-0.00706661499417686,0.0155));
#6231=CARTESIAN_POINT('',(0.173286128808388,-0.00478855628768705,0.0155));
#6232=CARTESIAN_POINT('',(0.174471482103648,-0.00673253310468196,0.0155));
#6233=CARTESIAN_POINT('',(0.174471545004988,-0.00673263522502441,0.01549999975));
#6234=CARTESIAN_POINT('',(0.173286128808388,-0.00478855628768705,0.0155));
#6235=CARTESIAN_POINT('',(0.173111129601358,-0.00449229414446408,0.0155));
#6236=CARTESIAN_POINT('',(0.175351368561577,-0.00585264664675302,0.0155));
#6237=CARTESIAN_POINT('',(0.175351470796227,-0.00585270935945162,0.0154999997500001));
#6238=CARTESIAN_POINT('',(0.173111129601358,-0.00449229414446408,0.0155));
#6239=CARTESIAN_POINT('',(0.173407391744594,-0.00466729335149603,0.0155));
#6240=CARTESIAN_POINT('',(0.175685450451072,-0.00463867829932917,0.0155));
#6241=CARTESIAN_POINT('',(0.175684969915535,-0.00463868433541131,0.01549999975));
#6242=CARTESIAN_POINT('',(0.173407391744594,-0.00466729335149603,0.0155));
#6243=CARTESIAN_POINT('',(0.175685450451072,-0.00324873266031953,0.0155));
#6244=CARTESIAN_POINT('',(0.175685450451072,-0.0018587870213099,0.0155));
#6245=CARTESIAN_POINT('',(0.175684995332888,-0.00185878167311942,0.01549999975));
#6246=CARTESIAN_POINT('',(0.175685450451072,-0.00324873266031953,0.0155));
#6247=CARTESIAN_POINT('',(0.173315006413219,-0.00183093142974033,0.0155));
#6248=CARTESIAN_POINT('',(0.175359617497121,-0.000633820093161941,0.0155));
#6249=CARTESIAN_POINT('',(0.175359701567182,-0.000633769968041932,0.01549999975));
#6250=CARTESIAN_POINT('',(0.173315006413219,-0.00183093142974033,0.0155));
#6251=CARTESIAN_POINT('',(0.173253727581456,-0.00185982355089751,0.0155));
#6252=CARTESIAN_POINT('',(0.174479731039192,0.000246066364767007,0.0155));
#6253=CARTESIAN_POINT('',(0.174479764362518,0.000246122514391638,0.0154999999499997));
#6254=CARTESIAN_POINT('',(0.173253727581456,-0.00185982355089751,0.0155));
#6255=CARTESIAN_POINT('',(0.173283825629545,-0.00179328654772723,0.0155));
#6256=CARTESIAN_POINT('',(0.173257513756225,0.000571899318718821,0.0155));
#6257=CARTESIAN_POINT('',(0.17325751846366,0.000571476165298114,0.01549999975));
#6258=CARTESIAN_POINT('',(0.173283825629545,-0.00179328654772723,0.0155));
#6259=CARTESIAN_POINT('',(0.169456129293453,0.000571899318718821,0.0155));
#6260=CARTESIAN_POINT('',(0.165654744830682,0.000571899318718821,0.0155));
#6261=CARTESIAN_POINT('',(0.16565474325031,0.00057197858439903,0.01549999975));
#6262=CARTESIAN_POINT('',(0.169456129293453,0.000571899318718821,0.0155));
#6263=CARTESIAN_POINT('',(0.165650636799602,0.000777943171147744,0.0155));
#6264=CARTESIAN_POINT('',(0.165504704719174,0.00063265227916169,0.0155));
#6265=CARTESIAN_POINT('',(0.165504704719174,0.00063265227916169,0.0155));
#6266=CARTESIAN_POINT('',(0.165650636799602,0.000777943171147744,0.0155));
#6267=CARTESIAN_POINT('',(0.16564218835757,0.00077658310855982,0.0155));
#6268=CARTESIAN_POINT('',(0.165443022151743,0.000780872352476945,0.0155));
#6269=CARTESIAN_POINT('',(0.165443107178962,0.000780870521330548,0.01549999975));
#6270=CARTESIAN_POINT('',(0.16564218835757,0.00077658310855982,0.0155));
#6271=CARTESIAN_POINT('',(0.165443022151743,0.00193434850591817,0.0155));
#6272=CARTESIAN_POINT('',(0.165443022151743,0.00308782465935941,0.0155));
#6273=CARTESIAN_POINT('',(0.165443087009779,0.00308782583036974,0.01549999975));
#6274=CARTESIAN_POINT('',(0.165443022151743,0.00193434850591817,0.0155));
#6275=CARTESIAN_POINT('',(0.165646660958529,0.00309150135329536,0.0155));
#6276=CARTESIAN_POINT('',(0.165504954279174,0.00323761318680385,0.0155));
#6277=CARTESIAN_POINT('',(0.165504954792934,0.0032376136850713,0.0155));
#6278=CARTESIAN_POINT('',(0.165646660958529,0.00309150135329536,0.0155));
#6279=CARTESIAN_POINT('',(0.165651068136748,0.00309590853150984,0.0155));
#6280=CARTESIAN_POINT('',(0.165654744830682,0.00329954733829856,0.0155));
#6281=CARTESIAN_POINT('',(0.165654743659672,0.00329948248026256,0.01549999975));
#6282=CARTESIAN_POINT('',(0.165651068136748,0.00309590853150984,0.0155));
#6283=CARTESIAN_POINT('',(0.169666477149802,0.00329954733829856,0.0155));
#6284=CARTESIAN_POINT('',(0.173678209468922,0.00329954733829856,0.0155));
#6285=CARTESIAN_POINT('',(0.173678209468922,0.00329954733829856,0.0155));
#6286=CARTESIAN_POINT('',(0.169666477149802,0.00329954733829856,0.0155));
#6287=CARTESIAN_POINT('',(0.173678209468922,0.00445164866914928,0.0155));
#6288=CARTESIAN_POINT('',(0.173678209468922,0.00560375,0.0155));
#6289=CARTESIAN_POINT('',(0.173678209468922,0.00560375,0.0155));
#6290=CARTESIAN_POINT('',(0.173678209468922,0.00445164866914928,0.0155));
#6291=CARTESIAN_POINT('',(0.14430375,0.00560375,0.0155));
#6292=CARTESIAN_POINT('',(0.14430375,0.00560375,0.0155));
#6293=CARTESIAN_POINT('',(0.177568957400076,0.00191647581224149,0.0155));
#6294=CARTESIAN_POINT('',(0.177568957400076,-0.00177079837551701,0.0155));
#6295=CARTESIAN_POINT('',(0.177568957400076,-0.00177079837551701,0.0155));
#6296=CARTESIAN_POINT('',(0.177568957400076,0.00560375,0.0155));
#6297=CARTESIAN_POINT('',(0.177568957400076,0.00560375,0.0155));
#6298=CARTESIAN_POINT('',(0.177568957400076,0.00191647581224149,0.0155));
#6299=CARTESIAN_POINT('',(0.182584310210271,-0.00177079837551701,0.0155));
#6300=CARTESIAN_POINT('',(0.187599663020466,-0.00177079837551701,0.0155));
#6301=CARTESIAN_POINT('',(0.187599664600838,-0.00177087764119711,0.01549999975));
#6302=CARTESIAN_POINT('',(0.182584310210271,-0.00177079837551701,0.0155));
#6303=CARTESIAN_POINT('',(0.187603771051545,-0.0019768422279502,0.0155));
#6304=CARTESIAN_POINT('',(0.187749703131978,-0.00183155133596381,0.0155));
#6305=CARTESIAN_POINT('',(0.187749703131978,-0.00183155133596381,0.0155));
#6306=CARTESIAN_POINT('',(0.187603771051545,-0.0019768422279502,0.0155));
#6307=CARTESIAN_POINT('',(0.187612219493579,-0.00197548216535805,0.0155));
#6308=CARTESIAN_POINT('',(0.187811385699406,-0.00197977140927513,0.0155));
#6309=CARTESIAN_POINT('',(0.187811300672187,-0.00197976957812873,0.01549999975));
#6310=CARTESIAN_POINT('',(0.187612219493579,-0.00197548216535805,0.0155));
#6311=CARTESIAN_POINT('',(0.187811385699406,-0.0032652305314057,0.0155));
#6312=CARTESIAN_POINT('',(0.187811385699406,-0.00455068965353628,0.0155));
#6313=CARTESIAN_POINT('',(0.187811320841369,-0.00455069082454662,0.01549999975));
#6314=CARTESIAN_POINT('',(0.187811385699406,-0.0032652305314057,0.0155));
#6315=CARTESIAN_POINT('',(0.187607746892619,-0.00455436634747197,0.0155));
#6316=CARTESIAN_POINT('',(0.187749453571975,-0.00470047818098072,0.0155));
#6317=CARTESIAN_POINT('',(0.187749453058214,-0.00470047867924858,0.0155));
#6318=CARTESIAN_POINT('',(0.187607746892619,-0.00455436634747197,0.0155));
#6319=CARTESIAN_POINT('',(0.1876033397144,-0.00455877352568577,0.0155));
#6320=CARTESIAN_POINT('',(0.187599663020466,-0.00476241233247543,0.0155));
#6321=CARTESIAN_POINT('',(0.187599664191477,-0.00476234747443944,0.01549999975));
#6322=CARTESIAN_POINT('',(0.1876033397144,-0.00455877352568577,0.0155));
#6323=CARTESIAN_POINT('',(0.183842272880592,-0.00476241233247543,0.0155));
#6324=CARTESIAN_POINT('',(0.180084882740717,-0.00476241233247543,0.0155));
#6325=CARTESIAN_POINT('',(0.180084881569707,-0.00476234747443943,0.01549999975));
#6326=CARTESIAN_POINT('',(0.183842272880592,-0.00476241233247543,0.0155));
#6327=CARTESIAN_POINT('',(0.180081206046782,-0.00455877352568676,0.0155));
#6328=CARTESIAN_POINT('',(0.179935094213272,-0.00470048020504467,0.0155));
#6329=CARTESIAN_POINT('',(0.179935093715001,-0.00470047969128014,0.0155));
#6330=CARTESIAN_POINT('',(0.180081206046782,-0.00455877352568676,0.0155));
#6331=CARTESIAN_POINT('',(0.180076798868562,-0.00455436634747202,0.0155));
#6332=CARTESIAN_POINT('',(0.179873160061778,-0.00455068965353628,0.0155));
#6333=CARTESIAN_POINT('',(0.179873224919814,-0.00455069082454662,0.01549999975));
#6334=CARTESIAN_POINT('',(0.180076798868562,-0.00455436634747202,0.0155));
#6335=CARTESIAN_POINT('',(0.179873160061778,-0.00418086237668801,0.0155));
#6336=CARTESIAN_POINT('',(0.179873160061778,-0.00381103509983975,0.0155));
#6337=CARTESIAN_POINT('',(0.179873160061778,-0.00381103509983975,0.0155));
#6338=CARTESIAN_POINT('',(0.179873160061778,-0.00418086237668801,0.0155));
#6339=CARTESIAN_POINT('',(0.178721058730927,-0.00381103509983975,0.0155));
#6340=CARTESIAN_POINT('',(0.177568957400076,-0.00381103509983975,0.0155));
#6341=CARTESIAN_POINT('',(0.177568957400076,-0.00381103509983975,0.0155));
#6342=CARTESIAN_POINT('',(0.178721058730927,-0.00381103509983975,0.0155));
#6343=CARTESIAN_POINT('',(0.177568957400076,-0.00422485669958446,0.0155));
#6344=CARTESIAN_POINT('',(0.177568957400076,-0.00463867829932917,0.0155));
#6345=CARTESIAN_POINT('',(0.177569437935614,-0.00463868433541131,0.01549999975));
#6346=CARTESIAN_POINT('',(0.177568957400076,-0.00422485669958446,0.0155));
#6347=CARTESIAN_POINT('',(0.179847016106567,-0.00466729335149334,0.0155));
#6348=CARTESIAN_POINT('',(0.177903039289571,-0.00585264664675302,0.0155));
#6349=CARTESIAN_POINT('',(0.177902937169229,-0.00585270954809236,0.01549999975));
#6350=CARTESIAN_POINT('',(0.179847016106567,-0.00466729335149334,0.0155));
#6351=CARTESIAN_POINT('',(0.180143278249793,-0.00449229414446013,0.0155));
#6352=CARTESIAN_POINT('',(0.1787829257475,-0.00673253310468196,0.0155));
#6353=CARTESIAN_POINT('',(0.178782863034801,-0.00673263533933207,0.0154999997500001));
#6354=CARTESIAN_POINT('',(0.180143278249793,-0.00449229414446013,0.0155));
#6355=CARTESIAN_POINT('',(0.179968279042758,-0.004788556287697,0.0155));
#6356=CARTESIAN_POINT('',(0.179996894094924,-0.00706661499417686,0.0155));
#6357=CARTESIAN_POINT('',(0.179996888058842,-0.00706613445863941,0.01549999975));
#6358=CARTESIAN_POINT('',(0.179968279042758,-0.004788556287697,0.0155));
#6359=CARTESIAN_POINT('',(0.183842272880592,-0.00706661499417686,0.0155));
#6360=CARTESIAN_POINT('',(0.187687651666259,-0.00706661499417686,0.0155));
#6361=CARTESIAN_POINT('',(0.187687657702341,-0.00706613445863951,0.01549999975));
#6362=CARTESIAN_POINT('',(0.183842272880592,-0.00706661499417686,0.0155));
#6363=CARTESIAN_POINT('',(0.187716266718423,-0.0047885562876886,0.0155));
#6364=CARTESIAN_POINT('',(0.188901620013683,-0.00673253310468196,0.0155));
#6365=CARTESIAN_POINT('',(0.188901682915022,-0.00673263522502441,0.01549999975));
#6366=CARTESIAN_POINT('',(0.187716266718423,-0.0047885562876886,0.0155));
#6367=CARTESIAN_POINT('',(0.18754126751139,-0.00449229414446032,0.0155));
#6368=CARTESIAN_POINT('',(0.189781506471612,-0.00585264664675302,0.0155));
#6369=CARTESIAN_POINT('',(0.189781608706262,-0.00585270935945168,0.0154999997500001));
#6370=CARTESIAN_POINT('',(0.18754126751139,-0.00449229414446032,0.0155));
#6371=CARTESIAN_POINT('',(0.187837529654619,-0.00466729335149314,0.0155));
#6372=CARTESIAN_POINT('',(0.190115588361107,-0.00463867829932917,0.0155));
#6373=CARTESIAN_POINT('',(0.19011510782557,-0.00463868433541131,0.01549999975));
#6374=CARTESIAN_POINT('',(0.187837529654619,-0.00466729335149314,0.0155));
#6375=CARTESIAN_POINT('',(0.190115588361107,-0.00325698159586262,0.0155));
#6376=CARTESIAN_POINT('',(0.190115588361107,-0.00187528489239606,0.0155));
#6377=CARTESIAN_POINT('',(0.190115165207686,-0.00187528018496087,0.01549999975));
#6378=CARTESIAN_POINT('',(0.190115588361107,-0.00325698159586262,0.0155));
#6379=CARTESIAN_POINT('',(0.187750402494663,-0.00184897301907541,0.0155));
#6380=CARTESIAN_POINT('',(0.189789755407155,-0.000653067609429137,0.0155));
#6381=CARTESIAN_POINT('',(0.189789811280325,-0.000653033811596735,0.01549999975));
#6382=CARTESIAN_POINT('',(0.187750402494663,-0.00184897301907541,0.0155));
#6383=CARTESIAN_POINT('',(0.187683865491491,-0.00187907106716437,0.0155));
#6384=CARTESIAN_POINT('',(0.188909868949226,0.000226818848499812,0.0155));
#6385=CARTESIAN_POINT('',(0.188909902272553,0.000226874998124452,0.0154999999499997));
#6386=CARTESIAN_POINT('',(0.187683865491491,-0.00187907106716437,0.0155));
#6387=CARTESIAN_POINT('',(0.18771396353958,-0.00181253406399269,0.0155));
#6388=CARTESIAN_POINT('',(0.187687651666259,0.000552651802451626,0.0155));
#6389=CARTESIAN_POINT('',(0.187687656373694,0.000552228649030906,0.01549999975));
#6390=CARTESIAN_POINT('',(0.18771396353958,-0.00181253406399269,0.0155));
#6391=CARTESIAN_POINT('',(0.183886267203488,0.000552651802451626,0.0155));
#6392=CARTESIAN_POINT('',(0.180084882740717,0.000552651802451626,0.0155));
#6393=CARTESIAN_POINT('',(0.180084881569707,0.000552716660487628,0.01549999975));
#6394=CARTESIAN_POINT('',(0.183886267203488,0.000552651802451626,0.0155));
#6395=CARTESIAN_POINT('',(0.180081206046782,0.000756290609240296,0.0155));
#6396=CARTESIAN_POINT('',(0.179935094213272,0.000614583929882385,0.0155));
#6397=CARTESIAN_POINT('',(0.179935093715003,0.000614584443645156,0.0155));
#6398=CARTESIAN_POINT('',(0.180081206046782,0.000756290609240296,0.0155));
#6399=CARTESIAN_POINT('',(0.180076798868566,0.000760697787456472,0.0155));
#6400=CARTESIAN_POINT('',(0.179873160061778,0.000764374481390778,0.0155));
#6401=CARTESIAN_POINT('',(0.179873224919814,0.000764373310380443,0.01549999975));
#6402=CARTESIAN_POINT('',(0.180076798868566,0.000760697787456472,0.0155));
#6403=CARTESIAN_POINT('',(0.179873160061778,0.00192609957037509,0.0155));
#6404=CARTESIAN_POINT('',(0.179873160061778,0.00308782465935941,0.0155));
#6405=CARTESIAN_POINT('',(0.179873224919814,0.00308782583036974,0.01549999975));
#6406=CARTESIAN_POINT('',(0.179873160061778,0.00192609957037509,0.0155));
#6407=CARTESIAN_POINT('',(0.180076798868566,0.00309150135329371,0.0155));
#6408=CARTESIAN_POINT('',(0.179935092189209,0.00323761318680395,0.0155));
#6409=CARTESIAN_POINT('',(0.179935092702971,0.00323761368507306,0.0155));
#6410=CARTESIAN_POINT('',(0.180076798868566,0.00309150135329371,0.0155));
#6411=CARTESIAN_POINT('',(0.180081206046783,0.00309590853150984,0.0155));
#6412=CARTESIAN_POINT('',(0.180084882740717,0.00329954733829856,0.0155));
#6413=CARTESIAN_POINT('',(0.180084881569707,0.00329948248026256,0.01549999975));
#6414=CARTESIAN_POINT('',(0.180081206046783,0.00309590853150984,0.0155));
#6415=CARTESIAN_POINT('',(0.185100235550912,0.00329954733829856,0.0155));
#6416=CARTESIAN_POINT('',(0.190115588361107,0.00329954733829856,0.0155));
#6417=CARTESIAN_POINT('',(0.190115588361107,0.00329954733829856,0.0155));
#6418=CARTESIAN_POINT('',(0.185100235550912,0.00329954733829856,0.0155));
#6419=CARTESIAN_POINT('',(0.190115588361107,0.00445164866914928,0.0155));
#6420=CARTESIAN_POINT('',(0.190115588361107,0.00560375,0.0155));
#6421=CARTESIAN_POINT('',(0.190115588361107,0.00560375,0.0155));
#6422=CARTESIAN_POINT('',(0.190115588361107,0.00445164866914928,0.0155));
#6423=CARTESIAN_POINT('',(0.14430375,0.00560375,0.0155));
#6424=CARTESIAN_POINT('',(0.14430375,0.00560375,0.0155));
#6425=CARTESIAN_POINT('',(0.134392152183282,-0.00872515831010549,0.0155));
#6426=CARTESIAN_POINT('',(0.135590124421322,-0.010771761875612,0.0155));
#6427=CARTESIAN_POINT('',(0.135590074581585,-0.01077167321105,0.01549999975));
#6428=CARTESIAN_POINT('',(0.134366532315765,-0.0110975948295639,0.0155));
#6429=CARTESIAN_POINT('',(0.134366536723698,-0.0110971866486632,0.01549999975));
#6430=CARTESIAN_POINT('',(0.134392152183282,-0.00872515831010549,0.0155));
#6431=CARTESIAN_POINT('',(0.134402579616306,-0.00871094781968129,0.0155));
#6432=CARTESIAN_POINT('',(0.136461761943708,-0.00990012435322618,0.0155));
#6433=CARTESIAN_POINT('',(0.136461761943708,-0.00990012435322618,0.0155));
#6434=CARTESIAN_POINT('',(0.134402579616306,-0.00871094781968129,0.0155));
#6435=CARTESIAN_POINT('',(0.136777971139526,-0.00866690848953514,0.0155));
#6436=CARTESIAN_POINT('',(0.136777971139526,-0.00866690848953514,0.014));
#6437=CARTESIAN_POINT('',(0.136777971139526,-0.00912518268637313,0.0155));
#6438=CARTESIAN_POINT('',(0.136777971139526,-0.00912518268637313,0.014));
#6439=CARTESIAN_POINT('',(0.136672568074254,-0.00953625464093681,0.0155));
#6440=CARTESIAN_POINT('',(0.136672568074254,-0.00953625464093681,0.014));
#6441=CARTESIAN_POINT('',(0.136461761943708,-0.00990012435322618,0.0155));
#6442=CARTESIAN_POINT('',(0.136461761943708,-0.00990012435322618,0.014));
#6443=CARTESIAN_POINT('',(0.136777971139526,-0.00866690848953514,0.0155));
#6444=CARTESIAN_POINT('',(0.136777971139526,-0.00866690848953514,0.0155));
#6445=CARTESIAN_POINT('',(0.136777971139526,-0.00866690848953514,0.0155));
#6446=CARTESIAN_POINT('',(0.136777971139526,-0.00935431978479213,0.0155));
#6447=CARTESIAN_POINT('',(0.136461761943708,-0.00990012435322618,0.0155));
#6448=CARTESIAN_POINT('',(0.136777971139526,-0.00397738863329195,0.0155));
#6449=CARTESIAN_POINT('',(0.136777971139526,0.000712131222951247,0.0155));
#6450=CARTESIAN_POINT('',(0.136777971139526,0.000712131222951247,0.0155));
#6451=CARTESIAN_POINT('',(0.136777971139526,-0.00397738863329195,0.0155));
#6452=CARTESIAN_POINT('',(0.136452138185575,0.00192609957037509,0.0155));
#6453=CARTESIAN_POINT('',(0.136452138185575,0.00192609957037509,0.014));
#6454=CARTESIAN_POINT('',(0.136669360154876,0.00156222985808572,0.0155));
#6455=CARTESIAN_POINT('',(0.136669360154876,0.00156222985808572,0.014));
#6456=CARTESIAN_POINT('',(0.136777971139526,0.00115757374227778,0.0155));
#6457=CARTESIAN_POINT('',(0.136777971139526,0.00115757374227778,0.014));
#6458=CARTESIAN_POINT('',(0.136777971139526,0.000712131222951247,0.0155));
#6459=CARTESIAN_POINT('',(0.136777971139526,0.000712131222951247,0.014));
#6460=CARTESIAN_POINT('',(0.136452138185575,0.00192609957037509,0.0155));
#6461=CARTESIAN_POINT('',(0.136452138185575,0.00192609957037509,0.0155));
#6462=CARTESIAN_POINT('',(0.136452138185575,0.00192609957037509,0.0155));
#6463=CARTESIAN_POINT('',(0.136777971139526,0.00138029500194104,0.0155));
#6464=CARTESIAN_POINT('',(0.136777971139526,0.000712131222951247,0.0155));
#6465=CARTESIAN_POINT('',(0.13426042737194,0.000626087771803579,0.0155));
#6466=CARTESIAN_POINT('',(0.135580500663189,0.00280598602830404,0.0155));
#6467=CARTESIAN_POINT('',(0.13558053681174,0.00280604450145379,0.0154999999499998));
#6468=CARTESIAN_POINT('',(0.13426042737194,0.000626087771803579,0.0155));
#6469=CARTESIAN_POINT('',(0.134395147367929,0.000862009211310535,0.0155));
#6470=CARTESIAN_POINT('',(0.134366532315765,0.00314006791779894,0.0155));
#6471=CARTESIAN_POINT('',(0.134366538351847,0.0031395873822616,0.01549999975));
#6472=CARTESIAN_POINT('',(0.134395147367929,0.000862009211310535,0.0155));
#6473=CARTESIAN_POINT('',(0.131604513731422,0.00314006791779894,0.0155));
#6474=CARTESIAN_POINT('',(0.12884249514708,0.00314006791779894,0.0155));
#6475=CARTESIAN_POINT('',(0.128842493897852,0.00313987760193938,0.01549999975));
#6476=CARTESIAN_POINT('',(0.131604513731422,0.00314006791779894,0.0155));
#6477=CARTESIAN_POINT('',(0.128827463091997,0.000849982031720238,0.0155));
#6478=CARTESIAN_POINT('',(0.127636775735199,0.00280598602830404,0.0155));
#6479=CARTESIAN_POINT('',(0.127636856333364,0.00280585222870709,0.01549999975));
#6480=CARTESIAN_POINT('',(0.128827463091997,0.000849982031720238,0.0155));
#6481=CARTESIAN_POINT('',(0.12897247896678,0.000565325279299557,0.0155));
#6482=CARTESIAN_POINT('',(0.126747265519136,0.00192609957037509,0.0155));
#6483=CARTESIAN_POINT('',(0.126747117262794,0.00192619043208412,0.01549999975));
#6484=CARTESIAN_POINT('',(0.12897247896678,0.000565325279299557,0.0155));
#6485=CARTESIAN_POINT('',(0.128682783120048,0.000740438840524257,0.0155));
#6486=CARTESIAN_POINT('',(0.126411808807051,0.000712131222951247,0.0155));
#6487=CARTESIAN_POINT('',(0.126412283471493,0.000712137139627373,0.01549999975));
#6488=CARTESIAN_POINT('',(0.128682783120048,0.000740438840524257,0.0155));
#6489=CARTESIAN_POINT('',(0.126411808807051,-0.00196327353818896,0.0155));
#6490=CARTESIAN_POINT('',(0.126411808807051,-0.00463867829932917,0.0155));
#6491=CARTESIAN_POINT('',(0.126412283471493,-0.0046386842160053,0.01549999975));
#6492=CARTESIAN_POINT('',(0.126411808807051,-0.00196327353818896,0.0155));
#6493=CARTESIAN_POINT('',(0.128682783120048,-0.00466698591690211,0.0155));
#6494=CARTESIAN_POINT('',(0.126747265519136,-0.00585264664675302,0.0155));
#6495=CARTESIAN_POINT('',(0.12674711733242,-0.00585273762234181,0.01549999975));
#6496=CARTESIAN_POINT('',(0.128682783120048,-0.00466698591690211,0.0155));
#6497=CARTESIAN_POINT('',(0.12897247896678,-0.00449187235567756,0.0155));
#6498=CARTESIAN_POINT('',(0.127636775735199,-0.00673253310468196,0.0155));
#6499=CARTESIAN_POINT('',(0.127636855715433,-0.00673239893672737,0.0155));
#6500=CARTESIAN_POINT('',(0.12897247896678,-0.00449187235567756,0.0155));
#6501=CARTESIAN_POINT('',(0.128827463091997,-0.00477652910809809,0.0155));
#6502=CARTESIAN_POINT('',(0.12884249514708,-0.00706661499417686,0.0155));
#6503=CARTESIAN_POINT('',(0.128842493897852,-0.0070664246783173,0.01549999975));
#6504=CARTESIAN_POINT('',(0.128827463091997,-0.00477652910809809,0.0155));
#6505=CARTESIAN_POINT('',(0.131658131812452,-0.00706661499417686,0.0155));
#6506=CARTESIAN_POINT('',(0.134473768477825,-0.00706661499417686,0.0155));
#6507=CARTESIAN_POINT('',(0.134473768477825,-0.00706661499417686,0.0155));
#6508=CARTESIAN_POINT('',(0.131658131812452,-0.00706661499417686,0.0155));
#6509=CARTESIAN_POINT('',(0.134473768477825,-0.00781451848341647,0.0155));
#6510=CARTESIAN_POINT('',(0.134473768477825,-0.00856242197265607,0.0155));
#6511=CARTESIAN_POINT('',(0.134473703619789,-0.00856242314366641,0.01549999975));
#6512=CARTESIAN_POINT('',(0.134473768477825,-0.00781451848341647,0.0155));
#6513=CARTESIAN_POINT('',(0.134270129671039,-0.00856609866659197,0.0155));
#6514=CARTESIAN_POINT('',(0.134411836350394,-0.00871221050010052,0.0155));
#6515=CARTESIAN_POINT('',(0.134411835836631,-0.00871221099837028,0.0155));
#6516=CARTESIAN_POINT('',(0.134270129671039,-0.00856609866659197,0.0155));
#6517=CARTESIAN_POINT('',(0.134265722492822,-0.00857050584480936,0.0155));
#6518=CARTESIAN_POINT('',(0.134262045798886,-0.00877414465159523,0.0155));
#6519=CARTESIAN_POINT('',(0.134262046969896,-0.00877407979355914,0.01549999975));
#6520=CARTESIAN_POINT('',(0.134265722492822,-0.00857050584480936,0.0155));
#6521=CARTESIAN_POINT('',(0.131190692131678,-0.00877414465159523,0.0155));
#6522=CARTESIAN_POINT('',(0.128119338464469,-0.00877414465159523,0.0155));
#6523=CARTESIAN_POINT('',(0.128119338464469,-0.00877414465159523,0.0155));
#6524=CARTESIAN_POINT('',(0.131190692131678,-0.00877414465159523,0.0155));
#6525=CARTESIAN_POINT('',(0.128119338464469,-0.00993586974057954,0.0155));
#6526=CARTESIAN_POINT('',(0.128119338464469,-0.0110975948295639,0.0155));
#6527=CARTESIAN_POINT('',(0.128119338464469,-0.0110975948295639,0.0155));
#6528=CARTESIAN_POINT('',(0.128119338464469,-0.00993586974057954,0.0155));
#6529=CARTESIAN_POINT('',(0.131242935390117,-0.0110975948295639,0.0155));
#6530=CARTESIAN_POINT('',(0.131242935390117,-0.0110975948295639,0.0155));
#6531=CARTESIAN_POINT('',(0.160022096677346,-0.00673253310468196,0.0155));
#6532=CARTESIAN_POINT('',(0.160022096677346,-0.00673253310468196,0.014));
#6533=CARTESIAN_POINT('',(0.159658226965057,-0.00695525436434523,0.0155));
#6534=CARTESIAN_POINT('',(0.159658226965057,-0.00695525436434523,0.014));
#6535=CARTESIAN_POINT('',(0.159248071558887,-0.00706661499417686,0.0155));
#6536=CARTESIAN_POINT('',(0.159248071558887,-0.00706661499417686,0.014));
#6537=CARTESIAN_POINT('',(0.158791630458836,-0.00706661499417686,0.0155));
#6538=CARTESIAN_POINT('',(0.158791630458836,-0.00706661499417686,0.014));
#6539=CARTESIAN_POINT('',(0.160022096677346,-0.00673253310468196,0.0155));
#6540=CARTESIAN_POINT('',(0.160022096677346,-0.00673253310468196,0.0155));
#6541=CARTESIAN_POINT('',(0.158791630458836,-0.00706661499417686,0.0155));
#6542=CARTESIAN_POINT('',(0.158791630458836,-0.00706661499417686,0.0155));
#6543=CARTESIAN_POINT('',(0.160022096677346,-0.00673253310468196,0.0155));
#6544=CARTESIAN_POINT('',(0.159476292108913,-0.00706661499417686,0.0155));
#6545=CARTESIAN_POINT('',(0.158791630458836,-0.00706661499417686,0.0155));
#6546=CARTESIAN_POINT('',(0.1587020233861,-0.00455263484818442,0.0155));
#6547=CARTESIAN_POINT('',(0.160893734199732,-0.00585264664675302,0.0155));
#6548=CARTESIAN_POINT('',(0.160893734199732,-0.00585264664675302,0.0155));
#6549=CARTESIAN_POINT('',(0.1587020233861,-0.00455263484818442,0.0155));
#6550=CARTESIAN_POINT('',(0.161219567153684,-0.00463867829932917,0.0155));
#6551=CARTESIAN_POINT('',(0.161219567153684,-0.00463867829932917,0.014));
#6552=CARTESIAN_POINT('',(0.161219567153684,-0.0050841208186557,0.0155));
#6553=CARTESIAN_POINT('',(0.161219567153684,-0.0050841208186557,0.014));
#6554=CARTESIAN_POINT('',(0.161110956169033,-0.00548877693446365,0.0155));
#6555=CARTESIAN_POINT('',(0.161110956169033,-0.00548877693446365,0.014));
#6556=CARTESIAN_POINT('',(0.160893734199732,-0.00585264664675302,0.0155));
#6557=CARTESIAN_POINT('',(0.160893734199732,-0.00585264664675302,0.014));
#6558=CARTESIAN_POINT('',(0.161219567153684,-0.00463867829932917,0.0155));
#6559=CARTESIAN_POINT('',(0.161219567153684,-0.00463867829932917,0.0155));
#6560=CARTESIAN_POINT('',(0.161219567153684,-0.00463867829932917,0.0155));
#6561=CARTESIAN_POINT('',(0.161219567153684,-0.00530684207831897,0.0155));
#6562=CARTESIAN_POINT('',(0.160893734199732,-0.00585264664675302,0.0155));
#6563=CARTESIAN_POINT('',(0.161219567153684,-0.00196327353818896,0.0155));
#6564=CARTESIAN_POINT('',(0.161219567153684,0.000712131222951247,0.0155));
#6565=CARTESIAN_POINT('',(0.161219567153684,0.000712131222951247,0.0155));
#6566=CARTESIAN_POINT('',(0.161219567153684,-0.00196327353818896,0.0155));
#6567=CARTESIAN_POINT('',(0.160893734199732,0.00192609957037509,0.0155));
#6568=CARTESIAN_POINT('',(0.160893734199732,0.00192609957037509,0.014));
#6569=CARTESIAN_POINT('',(0.161110956169033,0.00156222985808572,0.0155));
#6570=CARTESIAN_POINT('',(0.161110956169033,0.00156222985808572,0.014));
#6571=CARTESIAN_POINT('',(0.161219567153684,0.00115757374227778,0.0155));
#6572=CARTESIAN_POINT('',(0.161219567153684,0.00115757374227778,0.014));
#6573=CARTESIAN_POINT('',(0.161219567153684,0.000712131222951247,0.0155));
#6574=CARTESIAN_POINT('',(0.161219567153684,0.000712131222951247,0.014));
#6575=CARTESIAN_POINT('',(0.160893734199732,0.00192609957037509,0.0155));
#6576=CARTESIAN_POINT('',(0.160893734199732,0.00192609957037509,0.0155));
#6577=CARTESIAN_POINT('',(0.160893734199732,0.00192609957037509,0.0155));
#6578=CARTESIAN_POINT('',(0.161219567153684,0.00138029500194104,0.0155));
#6579=CARTESIAN_POINT('',(0.161219567153684,0.000712131222951247,0.0155));
#6580=CARTESIAN_POINT('',(0.158723820416706,0.000634673657736041,0.0155));
#6581=CARTESIAN_POINT('',(0.160013847741803,0.00280598602830404,0.0155));
#6582=CARTESIAN_POINT('',(0.160013798288477,0.00280590124259753,0.0154999999999997));
#6583=CARTESIAN_POINT('',(0.158723820416706,0.000634673657736041,0.0155));
#6584=CARTESIAN_POINT('',(0.158816119972467,0.000819849063709205,0.0155));
#6585=CARTESIAN_POINT('',(0.158791630458836,0.00314006791779894,0.0155));
#6586=CARTESIAN_POINT('',(0.158791634559403,0.0031396794163012,0.01549999975));
#6587=CARTESIAN_POINT('',(0.158816119972467,0.000819849063709205,0.0155));
#6588=CARTESIAN_POINT('',(0.156037860810037,0.00314006791779894,0.0155));
#6589=CARTESIAN_POINT('',(0.153284091161237,0.00314006791779894,0.0155));
#6590=CARTESIAN_POINT('',(0.153284091161237,0.00314006791779894,0.0155));
#6591=CARTESIAN_POINT('',(0.156037860810037,0.00314006791779894,0.0155));
#6592=CARTESIAN_POINT('',(0.152068747991223,0.00280598602830404,0.0155));
#6593=CARTESIAN_POINT('',(0.152068747991223,0.00280598602830404,0.014));
#6594=CARTESIAN_POINT('',(0.152431701155119,0.00302870728796731,0.0155));
#6595=CARTESIAN_POINT('',(0.152431701155119,0.00302870728796731,0.014));
#6596=CARTESIAN_POINT('',(0.152836815545123,0.00314006791779894,0.0155));
#6597=CARTESIAN_POINT('',(0.152836815545123,0.00314006791779894,0.014));
#6598=CARTESIAN_POINT('',(0.153284091161237,0.00314006791779894,0.0155));
#6599=CARTESIAN_POINT('',(0.153284091161237,0.00314006791779894,0.014));
#6600=CARTESIAN_POINT('',(0.152068747991223,0.00280598602830404,0.0155));
#6601=CARTESIAN_POINT('',(0.152068747991223,0.00280598602830404,0.0155));
#6602=CARTESIAN_POINT('',(0.152068747991223,0.00280598602830404,0.0155));
#6603=CARTESIAN_POINT('',(0.152613177737066,0.00314006791779894,0.0155));
#6604=CARTESIAN_POINT('',(0.153284091161237,0.00314006791779894,0.0155));
#6605=CARTESIAN_POINT('',(0.15344134945811,0.000553731195437752,0.0155));
#6606=CARTESIAN_POINT('',(0.151188861533294,0.00192609957037509,0.0155));
#6607=CARTESIAN_POINT('',(0.151188782364208,0.00192614836314037,0.0154999999499998));
#6608=CARTESIAN_POINT('',(0.15344134945811,0.000553731195437752,0.0155));
#6609=CARTESIAN_POINT('',(0.153124379134205,0.00074043884052432,0.0155));
#6610=CARTESIAN_POINT('',(0.150853404821209,0.000712131222951247,0.0155));
#6611=CARTESIAN_POINT('',(0.150853879485651,0.000712137139627373,0.01549999975));
#6612=CARTESIAN_POINT('',(0.153124379134205,0.00074043884052432,0.0155));
#6613=CARTESIAN_POINT('',(0.150853404821209,-0.00196327353818896,0.0155));
#6614=CARTESIAN_POINT('',(0.150853404821209,-0.00463867829932917,0.0155));
#6615=CARTESIAN_POINT('',(0.150853879485651,-0.0046386842160053,0.01549999975));
#6616=CARTESIAN_POINT('',(0.150853404821209,-0.00196327353818896,0.0155));
#6617=CARTESIAN_POINT('',(0.153124379134205,-0.00466698591690221,0.0155));
#6618=CARTESIAN_POINT('',(0.151188861533294,-0.00585264664675302,0.0155));
#6619=CARTESIAN_POINT('',(0.151188782612638,-0.00585269584694838,0.01549999975));
#6620=CARTESIAN_POINT('',(0.153124379134205,-0.00466698591690221,0.0155));
#6621=CARTESIAN_POINT('',(0.15344134945811,-0.00448027827181533,0.0155));
#6622=CARTESIAN_POINT('',(0.152068747991223,-0.00673253310468196,0.0155));
#6623=CARTESIAN_POINT('',(0.152068747991223,-0.00673253310468196,0.0155));
#6624=CARTESIAN_POINT('',(0.15344134945811,-0.00448027827181533,0.0155));
#6625=CARTESIAN_POINT('',(0.153284091161237,-0.00706661499417686,0.0155));
#6626=CARTESIAN_POINT('',(0.153284091161237,-0.00706661499417686,0.014));
#6627=CARTESIAN_POINT('',(0.152836815545123,-0.00706661499417686,0.0155));
#6628=CARTESIAN_POINT('',(0.152836815545123,-0.00706661499417686,0.014));
#6629=CARTESIAN_POINT('',(0.152431701155119,-0.00695525436434523,0.0155));
#6630=CARTESIAN_POINT('',(0.152431701155119,-0.00695525436434523,0.014));
#6631=CARTESIAN_POINT('',(0.152068747991223,-0.00673253310468196,0.0155));
#6632=CARTESIAN_POINT('',(0.152068747991223,-0.00673253310468196,0.014));
#6633=CARTESIAN_POINT('',(0.153284091161237,-0.00706661499417686,0.0155));
#6634=CARTESIAN_POINT('',(0.153284091161237,-0.00706661499417686,0.0155));
#6635=CARTESIAN_POINT('',(0.153284091161237,-0.00706661499417686,0.0155));
#6636=CARTESIAN_POINT('',(0.152613177737066,-0.00706661499417686,0.0155));
#6637=CARTESIAN_POINT('',(0.152068747991223,-0.00673253310468196,0.0155));
#6638=CARTESIAN_POINT('',(0.156037860810037,-0.00706661499417686,0.0155));
#6639=CARTESIAN_POINT('',(0.156037860810037,-0.00706661499417686,0.0155));
#6640=CARTESIAN_POINT('',(0.140965680750232,-0.00322123620850925,0.0155));
#6641=CARTESIAN_POINT('',(0.140965680750232,0.000624142577158352,0.0155));
#6642=CARTESIAN_POINT('',(0.140965745608268,0.000624143748168689,0.01549999975));
#6643=CARTESIAN_POINT('',(0.140965680750232,-0.00706661499417686,0.0155));
#6644=CARTESIAN_POINT('',(0.140965680750232,-0.00706661499417686,0.0155));
#6645=CARTESIAN_POINT('',(0.140965680750232,-0.00322123620850925,0.0155));
#6646=CARTESIAN_POINT('',(0.141169319557018,0.000627819271093949,0.0155));
#6647=CARTESIAN_POINT('',(0.141027612877663,0.000773931104602774,0.0155));
#6648=CARTESIAN_POINT('',(0.141027613391425,0.00077393160287213,0.0155));
#6649=CARTESIAN_POINT('',(0.141169319557018,0.000627819271093949,0.0155));
#6650=CARTESIAN_POINT('',(0.141173726735235,0.000632226449312275,0.0155));
#6651=CARTESIAN_POINT('',(0.141177403429171,0.000835865256097506,0.0155));
#6652=CARTESIAN_POINT('',(0.141177402258161,0.000835800398061404,0.01549999975));
#6653=CARTESIAN_POINT('',(0.141173726735235,0.000632226449312275,0.0155));
#6654=CARTESIAN_POINT('',(0.143843184432178,0.000835865256097506,0.0155));
#6655=CARTESIAN_POINT('',(0.146508965435184,0.000835865256097506,0.0155));
#6656=CARTESIAN_POINT('',(0.146508966606195,0.000835800398061514,0.01549999975));
#6657=CARTESIAN_POINT('',(0.143843184432178,0.000835865256097506,0.0155));
#6658=CARTESIAN_POINT('',(0.146512642129119,0.000632226449308431,0.0155));
#6659=CARTESIAN_POINT('',(0.146658753962629,0.000773933128666734,0.0155));
#6660=CARTESIAN_POINT('',(0.146658754460898,0.000773932614904411,0.0155));
#6661=CARTESIAN_POINT('',(0.146512642129119,0.000632226449308431,0.0155));
#6662=CARTESIAN_POINT('',(0.146517049307334,0.000627819271092809,0.0155));
#6663=CARTESIAN_POINT('',(0.146720688114123,0.000624142577158352,0.0155));
#6664=CARTESIAN_POINT('',(0.146720623256087,0.000624143748168687,0.01549999975));
#6665=CARTESIAN_POINT('',(0.146517049307334,0.000627819271092809,0.0155));
#6666=CARTESIAN_POINT('',(0.146720688114123,-0.00322123620850925,0.0155));
#6667=CARTESIAN_POINT('',(0.146720688114123,-0.00706661499417686,0.0155));
#6668=CARTESIAN_POINT('',(0.146720688114123,-0.00706661499417686,0.0155));
#6669=CARTESIAN_POINT('',(0.146720688114123,-0.00322123620850925,0.0155));
#6670=CARTESIAN_POINT('',(0.147872789444974,-0.00706661499417686,0.0155));
#6671=CARTESIAN_POINT('',(0.149024890775825,-0.00706661499417686,0.0155));
#6672=CARTESIAN_POINT('',(0.149024890775825,-0.00706661499417686,0.0155));
#6673=CARTESIAN_POINT('',(0.147872789444974,-0.00706661499417686,0.0155));
#6674=CARTESIAN_POINT('',(0.149024890775825,-0.0031772418856128,0.0155));
#6675=CARTESIAN_POINT('',(0.149024890775825,0.000712131222951247,0.0155));
#6676=CARTESIAN_POINT('',(0.149024890775825,0.000712131222951247,0.0155));
#6677=CARTESIAN_POINT('',(0.149024890775825,-0.0031772418856128,0.0155));
#6678=CARTESIAN_POINT('',(0.148699057821873,0.00192609957037509,0.0155));
#6679=CARTESIAN_POINT('',(0.148699057821873,0.00192609957037509,0.014));
#6680=CARTESIAN_POINT('',(0.148916279791174,0.00156222985808572,0.0155));
#6681=CARTESIAN_POINT('',(0.148916279791174,0.00156222985808572,0.014));
#6682=CARTESIAN_POINT('',(0.149024890775825,0.00115757374227778,0.0155));
#6683=CARTESIAN_POINT('',(0.149024890775825,0.00115757374227778,0.014));
#6684=CARTESIAN_POINT('',(0.149024890775825,0.000712131222951247,0.0155));
#6685=CARTESIAN_POINT('',(0.149024890775825,0.000712131222951247,0.014));
#6686=CARTESIAN_POINT('',(0.148699057821873,0.00192609957037509,0.0155));
#6687=CARTESIAN_POINT('',(0.148699057821873,0.00192609957037509,0.0155));
#6688=CARTESIAN_POINT('',(0.148699057821873,0.00192609957037509,0.0155));
#6689=CARTESIAN_POINT('',(0.149024890775825,0.00138029500194104,0.0155));
#6690=CARTESIAN_POINT('',(0.149024890775825,0.000712131222951247,0.0155));
#6691=CARTESIAN_POINT('',(0.146529144038844,0.000634673657733576,0.0155));
#6692=CARTESIAN_POINT('',(0.147819171363944,0.00280598602830404,0.0155));
#6693=CARTESIAN_POINT('',(0.147819121910618,0.00280590124259755,0.0154999999999997));
#6694=CARTESIAN_POINT('',(0.146529144038844,0.000634673657733576,0.0155));
#6695=CARTESIAN_POINT('',(0.146621443594608,0.000819849063707551,0.0155));
#6696=CARTESIAN_POINT('',(0.146596954080977,0.00314006791779894,0.0155));
#6697=CARTESIAN_POINT('',(0.146596958181544,0.0031396794163012,0.01549999975));
#6698=CARTESIAN_POINT('',(0.146621443594608,0.000819849063707551,0.0155));
#6699=CARTESIAN_POINT('',(0.142629216084754,0.00314006791779894,0.0155));
#6700=CARTESIAN_POINT('',(0.138661478088531,0.00314006791779894,0.0155));
#6701=CARTESIAN_POINT('',(0.138661478088531,0.00314006791779894,0.0155));
#6702=CARTESIAN_POINT('',(0.142629216084754,0.00314006791779894,0.0155));
#6703=CARTESIAN_POINT('',(0.138661478088531,-0.00196327353818896,0.0155));
#6704=CARTESIAN_POINT('',(0.138661478088531,-0.00706661499417686,0.0155));
#6705=CARTESIAN_POINT('',(0.138661478088531,-0.00706661499417686,0.0155));
#6706=CARTESIAN_POINT('',(0.138661478088531,-0.00196327353818896,0.0155));
#6707=CARTESIAN_POINT('',(0.139813579419381,-0.00706661499417686,0.0155));
#6708=CARTESIAN_POINT('',(0.139813579419381,-0.00706661499417686,0.0155));
#6709=CARTESIAN_POINT('',(0.124756522408072,-0.0031772418856128,0.0155));
#6710=CARTESIAN_POINT('',(0.124756522408072,0.000712131222951247,0.0155));
#6711=CARTESIAN_POINT('',(0.124756522408072,0.000712131222951247,0.0155));
#6712=CARTESIAN_POINT('',(0.124756522408072,-0.00706661499417686,0.0155));
#6713=CARTESIAN_POINT('',(0.124756522408072,-0.00706661499417686,0.0155));
#6714=CARTESIAN_POINT('',(0.124756522408072,-0.0031772418856128,0.0155));
#6715=CARTESIAN_POINT('',(0.124432064276711,0.00192609957037509,0.0155));
#6716=CARTESIAN_POINT('',(0.124432064276711,0.00192609957037509,0.014));
#6717=CARTESIAN_POINT('',(0.124648369697618,0.00156222985808572,0.0155));
#6718=CARTESIAN_POINT('',(0.124648369697618,0.00156222985808572,0.014));
#6719=CARTESIAN_POINT('',(0.124756522408072,0.00115757374227778,0.0155));
#6720=CARTESIAN_POINT('',(0.124756522408072,0.00115757374227778,0.014));
#6721=CARTESIAN_POINT('',(0.124756522408072,0.000712131222951247,0.0155));
#6722=CARTESIAN_POINT('',(0.124756522408072,0.000712131222951247,0.014));
#6723=CARTESIAN_POINT('',(0.124432064276711,0.00192609957037509,0.0155));
#6724=CARTESIAN_POINT('',(0.124432064276711,0.00192609957037509,0.0155));
#6725=CARTESIAN_POINT('',(0.124432064276711,0.00192609957037509,0.0155));
#6726=CARTESIAN_POINT('',(0.124756522408072,0.00138029500194104,0.0155));
#6727=CARTESIAN_POINT('',(0.124756522408072,0.000712131222951247,0.0155));
#6728=CARTESIAN_POINT('',(0.122273369521791,0.000645659578120352,0.0155));
#6729=CARTESIAN_POINT('',(0.123552177818782,0.00280598602830404,0.0155));
#6730=CARTESIAN_POINT('',(0.123552109656823,0.00280586934450637,0.0154999999999997));
#6731=CARTESIAN_POINT('',(0.122273369521791,0.000645659578120352,0.0155));
#6732=CARTESIAN_POINT('',(0.122352382125284,0.000812765913039039,0.0155));
#6733=CARTESIAN_POINT('',(0.122328585713224,0.00314006791779894,0.0155));
#6734=CARTESIAN_POINT('',(0.122328589530433,0.00313969459267921,0.01549999975));
#6735=CARTESIAN_POINT('',(0.122352382125284,0.000812765913039039,0.0155));
#6736=CARTESIAN_POINT('',(0.118360847717001,0.00314006791779894,0.0155));
#6737=CARTESIAN_POINT('',(0.114393109720778,0.00314006791779894,0.0155));
#6738=CARTESIAN_POINT('',(0.114393109720778,0.00314006791779894,0.0155));
#6739=CARTESIAN_POINT('',(0.118360847717001,0.00314006791779894,0.0155));
#6740=CARTESIAN_POINT('',(0.114393109720778,0.00198796658694823,0.0155));
#6741=CARTESIAN_POINT('',(0.114393109720778,0.000835865256097506,0.0155));
#6742=CARTESIAN_POINT('',(0.114393109720778,0.000835865256097506,0.0155));
#6743=CARTESIAN_POINT('',(0.114393109720778,0.00198796658694823,0.0155));
#6744=CARTESIAN_POINT('',(0.118316853394105,0.000835865256097506,0.0155));
#6745=CARTESIAN_POINT('',(0.122240597067432,0.000835865256097506,0.0155));
#6746=CARTESIAN_POINT('',(0.122240598238442,0.000835800398061513,0.01549999975));
#6747=CARTESIAN_POINT('',(0.118316853394105,0.000835865256097506,0.0155));
#6748=CARTESIAN_POINT('',(0.122244273761366,0.00063222644930849,0.0155));
#6749=CARTESIAN_POINT('',(0.122390385594876,0.000773933128666739,0.0155));
#6750=CARTESIAN_POINT('',(0.122390386093148,0.000773932614902242,0.0155));
#6751=CARTESIAN_POINT('',(0.122244273761366,0.00063222644930849,0.0155));
#6752=CARTESIAN_POINT('',(0.122248680939585,0.00062781927109395,0.0155));
#6753=CARTESIAN_POINT('',(0.122452319746371,0.000624142577158352,0.0155));
#6754=CARTESIAN_POINT('',(0.122452254888335,0.000624143748168689,0.01549999975));
#6755=CARTESIAN_POINT('',(0.122248680939585,0.00062781927109395,0.0155));
#6756=CARTESIAN_POINT('',(0.122452319746371,-8.93903473184045E-5,0.0155));
#6757=CARTESIAN_POINT('',(0.122452319746371,-0.000802923271795161,0.0155));
#6758=CARTESIAN_POINT('',(0.122452319746371,-0.000802923271795161,0.0155));
#6759=CARTESIAN_POINT('',(0.122452319746371,-8.93903473184045E-5,0.0155));
#6760=CARTESIAN_POINT('',(0.118422714733574,-0.000802923271795161,0.0155));
#6761=CARTESIAN_POINT('',(0.114393109720778,-0.000802923271795161,0.0155));
#6762=CARTESIAN_POINT('',(0.114393109720778,-0.000802923271795161,0.0155));
#6763=CARTESIAN_POINT('',(0.118422714733574,-0.000802923271795161,0.0155));
#6764=CARTESIAN_POINT('',(0.114393109720778,-0.00272080078556217,0.0155));
#6765=CARTESIAN_POINT('',(0.114393109720778,-0.00463867829932917,0.0155));
#6766=CARTESIAN_POINT('',(0.114393109720778,-0.00463867829932917,0.0155));
#6767=CARTESIAN_POINT('',(0.114393109720778,-0.00272080078556217,0.0155));
#6768=CARTESIAN_POINT('',(0.11471894267473,-0.00585264664675302,0.0155));
#6769=CARTESIAN_POINT('',(0.11471894267473,-0.00585264664675302,0.014));
#6770=CARTESIAN_POINT('',(0.114501720705428,-0.00548877693446365,0.0155));
#6771=CARTESIAN_POINT('',(0.114501720705428,-0.00548877693446365,0.014));
#6772=CARTESIAN_POINT('',(0.114393109720778,-0.0050841208186557,0.0155));
#6773=CARTESIAN_POINT('',(0.114393109720778,-0.0050841208186557,0.014));
#6774=CARTESIAN_POINT('',(0.114393109720778,-0.00463867829932917,0.0155));
#6775=CARTESIAN_POINT('',(0.114393109720778,-0.00463867829932917,0.014));
#6776=CARTESIAN_POINT('',(0.11471894267473,-0.00585264664675302,0.0155));
#6777=CARTESIAN_POINT('',(0.11471894267473,-0.00585264664675302,0.0155));
#6778=CARTESIAN_POINT('',(0.11471894267473,-0.00585264664675302,0.0155));
#6779=CARTESIAN_POINT('',(0.114393109720778,-0.00530684207831897,0.0155));
#6780=CARTESIAN_POINT('',(0.114393109720778,-0.00463867829932917,0.0155));
#6781=CARTESIAN_POINT('',(0.116888856457759,-0.00456122073411144,0.0155));
#6782=CARTESIAN_POINT('',(0.115598829132658,-0.00673253310468196,0.0155));
#6783=CARTESIAN_POINT('',(0.115598878585984,-0.00673244831897546,0.0154999999999997));
#6784=CARTESIAN_POINT('',(0.116888856457759,-0.00456122073411144,0.0155));
#6785=CARTESIAN_POINT('',(0.116796556901995,-0.00474639614008548,0.0155));
#6786=CARTESIAN_POINT('',(0.116821046415625,-0.00706661499417686,0.0155));
#6787=CARTESIAN_POINT('',(0.116821042315058,-0.00706622649267912,0.01549999975));
#6788=CARTESIAN_POINT('',(0.116796556901995,-0.00474639614008548,0.0155));
#6789=CARTESIAN_POINT('',(0.120788784411849,-0.00706661499417686,0.0155));
#6790=CARTESIAN_POINT('',(0.120788784411849,-0.00706661499417686,0.0155));
#6791=CARTESIAN_POINT('',(0.318131930834995,-0.0501665399941768,0.0155));
#6792=CARTESIAN_POINT('',(0.318131930834995,-0.107316924994177,0.0155));
#6793=CARTESIAN_POINT('',(0.318131930834995,-0.107316924994177,0.0155));
#6794=CARTESIAN_POINT('',(0.318131930834995,-0.0501665399941768,0.0155));
#6795=CARTESIAN_POINT('',(0.318131930834995,-0.0120666149941768,0.0155));
#6796=CARTESIAN_POINT('',(0.318131930834995,-0.0120666149941768,0.0155));
#6797=CARTESIAN_POINT('',(0.3298975,-0.053736875,0.0155));
#6798=CARTESIAN_POINT('',(0.313690603654725,-0.104121743042692,0.0317068963452752));
#6799=CARTESIAN_POINT('',(0.3298975,-0.110834859312881,0.0155));
#6800=CARTESIAN_POINT('',(0.313690603654725,-0.00335200695730757,0.0317068963452754));
#6801=CARTESIAN_POINT('',(0.3298975,0.00336110931288069,0.0155));
#6802=CARTESIAN_POINT('',(0.3298975,0.00460375,0.0155));
#6803=CARTESIAN_POINT('',(0.26981680465644,-0.17091555465644,0.0155));
#6804=CARTESIAN_POINT('',(0.308301088227172,-0.0868386447360587,0.0477388552639413));
#6805=CARTESIAN_POINT('',(0.321654859312881,-0.1190775,0.0155));
#6806=CARTESIAN_POINT('',(0.26981680465644,-0.17091555465644,0.0155));
#6807=CARTESIAN_POINT('',(0.269816804656441,0.0634418046564404,0.0155));
#6808=CARTESIAN_POINT('',(0.327446984156628,0.0255871763527328,0.00151657364726722));
#6809=CARTESIAN_POINT('',(0.321654859312881,0.01160375,0.0155));
#6810=CARTESIAN_POINT('',(0.269816804656441,0.0634418046564404,0.0155));
#6811=CARTESIAN_POINT('',(0.152638125,-0.1190775,0.0155));
#6812=CARTESIAN_POINT('',(0.227643430834994,-0.1190775,0.0155));
#6813=CARTESIAN_POINT('',(0.227643430834994,-0.1190775,0.0155));
#6814=CARTESIAN_POINT('',(0.3228975,-0.1190775,0.0155));
#6815=CARTESIAN_POINT('',(0.152638125,0.01460375,0.0125));
#6816=CARTESIAN_POINT('',(0.0895325019999999,0.01460375,0.0125));
#6817=CARTESIAN_POINT('',(0.0895325019999999,0.01160375,0.0155));
#6818=CARTESIAN_POINT('',(0.152638125,0.01160375,0.0155));
#6819=CARTESIAN_POINT('',(0.308606930834995,-0.107316924994177,0.0155));
#6820=CARTESIAN_POINT('',(0.227643430834994,-0.107316924994177,0.0155));
#6821=CARTESIAN_POINT('',(0.227643430834994,-0.107316924994177,0.0155));
#6822=CARTESIAN_POINT('',(0.308606930834995,-0.107316924994177,0.0155));
#6823=CARTESIAN_POINT('',(0.0228568558349945,-0.0120666149941769,0.0155));
#6824=CARTESIAN_POINT('',(0.0895325019999999,-0.0120666149941769,0.0155));
#6825=CARTESIAN_POINT('',(0.0895325019999999,-0.0120666149941768,0.0155));
#6826=CARTESIAN_POINT('',(0.0228568558349945,-0.0120666149941769,0.0155));
#6827=CARTESIAN_POINT('',(0.152638125,-0.053736875,0.0155));
#6828=CARTESIAN_POINT('',(0.0895325019999999,-0.00925213671743869,0.0155));
#6829=CARTESIAN_POINT('',(0.227643430834994,-0.103686237729788,0.0155));
#6830=CARTESIAN_POINT('',(0.0895325019999999,-0.00925213671743869,0.0155));
#6831=CARTESIAN_POINT('',(0.227643430834994,-0.103686237729788,0.0155));
#6832=CARTESIAN_POINT('',(0.3238975,-0.0230020649886137,0.0052));
#6833=CARTESIAN_POINT('',(0.3238975,0.00240375002277249,0.0052));
#6834=CARTESIAN_POINT('',(0.3238975,0.00240375002277249,0.0052));
#6835=CARTESIAN_POINT('',(0.3238975,-0.0230020649886137,0.0052));
#6836=CARTESIAN_POINT('',(0.3238975,-0.0484078799772275,0.0052));
#6837=CARTESIAN_POINT('',(0.3238975,-0.0484078799772275,0.0052));
#6838=CARTESIAN_POINT('',(0.3260475,-0.0484078799772275,0.0052));
#6839=CARTESIAN_POINT('',(0.3260475,-0.0484078799772275,0.0052));
#6840=CARTESIAN_POINT('',(0.3281975,-0.0484078799772275,0.0052));
#6841=CARTESIAN_POINT('',(0.3281975,-0.0484078799772275,0.0052));
#6842=CARTESIAN_POINT('',(0.3281975,-0.0230020649772275,0.0052));
#6843=CARTESIAN_POINT('',(0.3281975,-0.0230020649772275,0.0052));
#6844=CARTESIAN_POINT('',(0.3281975,0.00240375002277249,0.0052));
#6845=CARTESIAN_POINT('',(0.3281975,0.00240375002277249,0.0052));
#6846=CARTESIAN_POINT('',(0.3260475,0.00240375002277249,0.0052));
#6847=CARTESIAN_POINT('',(0.3260475,0.00240375002277249,0.0052));
#6848=CARTESIAN_POINT('',(0.152638125,-0.053736875,0.0052));
#6849=CARTESIAN_POINT('',(0.0936733700227725,0.00775375,0.0052));
#6850=CARTESIAN_POINT('',(0.0936733700227725,0.00990375,0.0052));
#6851=CARTESIAN_POINT('',(0.0936733700227725,0.00990375,0.0052));
#6852=CARTESIAN_POINT('',(0.0936733700227725,0.00775375,0.0052));
#6853=CARTESIAN_POINT('',(0.0936733700227725,0.00560375,0.0052));
#6854=CARTESIAN_POINT('',(0.0936733700227725,0.00560375,0.0052));
#6855=CARTESIAN_POINT('',(0.14430375,0.00560375,0.0052));
#6856=CARTESIAN_POINT('',(0.14430375,0.00560375,0.0052));
#6857=CARTESIAN_POINT('',(0.194934129977228,0.00560375,0.0052));
#6858=CARTESIAN_POINT('',(0.194934129977228,0.00560375,0.0052));
#6859=CARTESIAN_POINT('',(0.194934129977228,0.00775375,0.0052));
#6860=CARTESIAN_POINT('',(0.194934129977228,0.00775375,0.0052));
#6861=CARTESIAN_POINT('',(0.194934129977228,0.00990375,0.0052));
#6862=CARTESIAN_POINT('',(0.194934129977228,0.00990375,0.0052));
#6863=CARTESIAN_POINT('',(0.14430375,0.00990375,0.0052));
#6864=CARTESIAN_POINT('',(0.14430375,0.00990375,0.0052));
#6865=CARTESIAN_POINT('',(0.152638125,-0.053736875,0.0052));
#6866=MECHANICAL_DESIGN_GEOMETRIC_PRESENTATION_REPRESENTATION('',(#4015),
#6867);
#6867=(
GEOMETRIC_REPRESENTATION_CONTEXT(3)
GLOBAL_UNCERTAINTY_ASSIGNED_CONTEXT((#6868))
GLOBAL_UNIT_ASSIGNED_CONTEXT((#6871,#6870,#6869))
REPRESENTATION_CONTEXT('Top2','TOP_LEVEL_ASSEMBLY_PART')
);
#6868=UNCERTAINTY_MEASURE_WITH_UNIT(LENGTH_MEASURE(2.E-5),#6871,
'DISTANCE_ACCURACY_VALUE','Maximum Tolerance applied to model');
#6869=(
NAMED_UNIT(*)
SI_UNIT($,.STERADIAN.)
SOLID_ANGLE_UNIT()
);
#6870=(
NAMED_UNIT(*)
PLANE_ANGLE_UNIT()
SI_UNIT($,.RADIAN.)
);
#6871=(
LENGTH_UNIT()
NAMED_UNIT(*)
SI_UNIT($,.METRE.)
);
#6872=PRODUCT_DEFINITION_SHAPE('','',#6873);
#6873=PRODUCT_DEFINITION('','',#6875,#6874);
#6874=PRODUCT_DEFINITION_CONTEXT('',#6881,'design');
#6875=PRODUCT_DEFINITION_FORMATION_WITH_SPECIFIED_SOURCE('','',#6877,
 .NOT_KNOWN.);
#6876=PRODUCT_RELATED_PRODUCT_CATEGORY('','',(#6877));
#6877=PRODUCT('Top2','Top2','Top2',(#6879));
#6878=PRODUCT_CATEGORY('','');
#6879=PRODUCT_CONTEXT('',#6881,'mechanical');
#6880=APPLICATION_PROTOCOL_DEFINITION('international standard',
'ap242_managed_model_based_3d_engineering',2020,#6881);
#6881=APPLICATION_CONTEXT('managed model based 3d engineering');
ENDSEC;
END-ISO-10303-21;
